student_id,cgpa,branch,college_tier,python_skill,dsa_skill,ml_skill,web_dev_skill,coding_score,communication_score,aptitude_score,internships,projects,backlogs,resume_score,placed,company_type,job_role,salary_lpa,resume_score_raw,resume_over_100
S0,6.87,Civil Engineering,1,1,1,0,0,15.6,4.3,92.0,1,3,0,62.6,1,MNC,Software Engineer,63.55,62.6,0
S1,6.52,Civil Engineering,2,1,0,0,1,13.9,5.8,62.0,1,6,0,77.5,1,MNC,Data Scientist,75.17,77.5,0
S2,5.33,Information Technology,1,1,1,1,0,9.8,8.1,66.4,0,5,1,76.0,1,MNC,Software Engineer,80.44,76.0,0
S3,6.04,Civil Engineering,3,1,0,1,0,39.5,9.6,83.6,0,6,0,74.3,1,MNC,Software Engineer,72.11,74.3,0
S4,6.78,Mechanical Engineering,2,0,1,0,1,7.5,9.9,86.3,0,3,0,66.8,1,Mid-size,Software Engineer,67.05,66.8,0
S5,9.57,Computer Science and Engineering,1,1,0,0,0,66.9,8.0,75.5,0,3,0,45.2,1,Startup,Data Scientist,48.75,45.2,0
S6,8.85,Information Technology,3,1,1,0,0,10.8,4.2,78.2,0,4,2,50.1,0,Not placed,Not placed,,50.1,0
S7,8.78,Mechanical Engineering,1,0,0,0,0,93.0,8.8,78.0,2,4,0,65.6,1,Startup,Data Scientist,43.16,65.6,0
S8,6.78,Civil Engineering,3,1,0,0,0,35.3,5.8,49.9,1,6,0,63.6,1,Startup,Web Developer,47.32,63.6,0
S9,7.59,Information Technology,2,1,0,1,1,25.2,7.0,58.1,0,1,0,60.8,1,MNC,Analyst,73.21,60.8,0
S10,8.4,Computer Science and Engineering,1,1,0,0,0,8.1,6.2,54.5,2,5,0,74.9,1,Startup,Web Developer,40.65,74.9,0
S11,6.6,Electronics and Communication Engineering,2,0,0,0,1,1.7,7.1,53.6,1,4,2,60.3,0,Not placed,Not placed,,60.3,0
S12,9.19,Information Technology,1,1,1,0,0,69.6,5.4,50.5,3,4,0,83.6,1,Mid-size,Analyst,75.04,83.6,0
S13,6.7,Computer Science and Engineering,1,0,1,1,1,78.0,7.9,45.0,0,6,0,84.5,1,MNC,Web Developer,92.84,84.5,0
S14,6.53,Computer Science and Engineering,2,1,0,1,0,1.8,7.0,50.7,1,3,0,66.7,0,Not placed,Not placed,,66.7,0
S15,6.84,Electronics and Communication Engineering,3,0,0,1,0,89.2,7.8,87.7,1,4,0,67.0,1,Startup,Analyst,46.64,67.0,0
S16,8.84,Computer Science and Engineering,3,0,1,0,0,88.3,8.5,97.2,0,6,2,70.1,1,Startup,Web Developer,43.27,70.1,0
S17,9.26,Mechanical Engineering,1,0,0,0,1,69.6,7.4,45.8,1,6,0,69.7,1,Startup,Web Developer,45.96,69.7,0
S18,5.68,Computer Science and Engineering,3,1,1,0,0,25.6,7.7,44.9,0,4,1,64.6,0,Not placed,Not placed,,64.6,0
S19,8.98,Electronics and Communication Engineering,3,1,0,0,0,57.8,4.2,67.9,1,5,1,61.2,0,Not placed,Not placed,,61.2,0
S20,5.19,Mechanical Engineering,2,0,1,0,1,27.2,9.8,67.4,2,4,0,91.4,1,MNC,Data Scientist,92.32,91.4,0
S21,5.21,Civil Engineering,1,1,0,1,0,18.4,4.5,65.7,1,1,0,45.1,1,MNC,Software Engineer,76.08,45.1,0
S22,6.4,Civil Engineering,1,1,1,0,1,42.0,5.5,61.4,2,1,0,67.4,1,MNC,Analyst,90.61,67.4,0
S23,5.09,Computer Science and Engineering,1,1,1,0,0,65.0,4.3,96.9,2,4,0,74.2,1,Mid-size,Software Engineer,62.0,74.2,0
S24,5.35,Electrical and Electronics Engineering,2,1,0,0,1,57.5,6.3,78.6,1,3,1,65.2,1,Mid-size,Web Developer,51.4,65.2,0
S25,6.07,Civil Engineering,2,1,0,0,0,65.6,6.3,80.9,0,3,0,40.1,1,Startup,Data Scientist,45.65,40.1,0
S26,8.68,Electronics and Communication Engineering,2,1,0,0,1,80.7,9.9,64.8,1,6,0,87.1,1,Mid-size,Data Scientist,57.53,87.1,0
S27,7.67,Civil Engineering,2,1,0,0,0,5.3,9.8,90.8,1,4,2,73.9,1,Startup,Software Engineer,45.08,73.9,0
S28,6.47,Mechanical Engineering,3,0,1,1,1,79.0,4.5,69.7,0,2,0,57.4,1,MNC,Data Scientist,70.13,57.4,0
S29,8.09,Mechanical Engineering,3,0,0,1,0,82.2,8.2,44.9,0,3,0,53.2,1,Startup,Data Scientist,44.02,53.2,0
S30,7.96,Information Technology,2,1,1,0,0,70.5,5.5,59.8,1,5,0,71.2,1,MNC,Web Developer,70.16,71.2,0
S31,8.73,Electronics and Communication Engineering,3,1,1,0,0,86.9,5.3,97.8,0,5,0,64.8,1,Mid-size,Data Scientist,51.69,64.8,0
S32,9.85,Civil Engineering,2,1,1,0,0,62.8,7.5,94.1,0,4,2,58.1,1,MNC,Software Engineer,73.36,58.1,0
S33,8.23,Information Technology,1,1,0,0,0,26.0,6.7,41.9,0,5,1,56.9,0,Not placed,Not placed,,56.9,0
S34,9.55,Electronics and Communication Engineering,2,1,1,1,1,41.8,9.6,92.0,0,1,1,73.6,1,MNC,Analyst,89.39,73.6,0
S35,9.15,Computer Science and Engineering,1,1,0,0,0,1.4,4.5,81.5,1,5,3,59.1,0,Not placed,Not placed,,59.1,0
S36,9.72,Mechanical Engineering,3,1,0,0,0,95.4,7.6,53.7,1,2,0,48.9,1,Startup,Analyst,48.98,48.9,0
S37,7.6,Information Technology,3,1,1,0,1,40.3,4.8,41.7,2,5,0,92.5,1,Mid-size,Web Developer,74.49,92.5,0
S38,8.18,Electrical and Electronics Engineering,3,1,0,1,0,45.1,9.5,57.9,1,1,2,60.0,1,MNC,Web Developer,72.91,60.0,0
S39,9.9,Information Technology,2,1,0,0,0,7.6,4.8,47.7,0,6,0,51.2,1,Startup,Data Scientist,41.93,51.2,0
S40,7.58,Information Technology,3,1,1,0,1,34.5,6.1,41.9,1,5,0,80.4,1,MNC,Analyst,82.0,80.4,0
S41,9.0,Civil Engineering,3,1,0,1,1,6.1,5.7,88.4,2,5,3,92.5,1,MNC,Web Developer,87.4,92.5,0
S42,8.6,Mechanical Engineering,2,0,0,0,1,84.4,8.5,41.8,2,6,0,82.9,1,Startup,Analyst,44.29,82.9,0
S43,6.61,Information Technology,1,0,0,0,1,59.4,8.1,87.4,1,4,0,65.2,1,Startup,Web Developer,42.16,65.2,0
S44,6.42,Computer Science and Engineering,1,1,1,0,0,98.7,7.6,54.2,0,6,0,72.7,1,MNC,Software Engineer,85.71,72.7,0
S45,9.21,Information Technology,3,0,0,0,1,89.7,7.5,95.0,0,6,0,59.2,1,Startup,Data Scientist,52.07,59.2,0
S46,7.86,Civil Engineering,2,0,1,0,0,42.5,7.0,54.5,0,2,1,36.9,0,Not placed,Not placed,,36.9,0
S47,9.66,Mechanical Engineering,1,0,1,0,0,54.9,7.3,52.1,1,4,0,63.7,1,Startup,Web Developer,47.02,63.7,0
S48,7.06,Electrical and Electronics Engineering,3,0,1,1,1,12.4,8.4,96.3,0,3,2,72.4,0,Not placed,Not placed,,72.4,0
S49,8.91,Electrical and Electronics Engineering,3,1,1,1,1,18.6,5.4,78.0,3,1,1,90.1,1,MNC,Analyst,80.4,90.1,0
S50,6.51,Mechanical Engineering,1,1,1,0,1,38.4,7.3,94.4,1,3,0,75.2,1,Mid-size,Software Engineer,55.36,75.2,0
S51,7.48,Civil Engineering,3,1,1,1,1,70.7,8.7,48.6,0,2,1,79.9,1,Mid-size,Analyst,56.61,79.9,0
S52,5.64,Civil Engineering,2,1,1,0,0,72.2,8.3,78.5,1,4,1,75.9,1,Mid-size,Software Engineer,56.36,75.9,0
S53,7.12,Electronics and Communication Engineering,2,0,1,1,0,10.1,5.5,83.6,1,4,0,68.5,1,Mid-size,Data Scientist,49.91,68.5,0
S54,8.03,Electrical and Electronics Engineering,1,1,1,1,1,45.1,4.7,99.1,2,6,1,100.0,1,MNC,Analyst,86.2,102.4,1
S55,8.72,Mechanical Engineering,1,0,1,0,0,41.5,9.2,95.4,1,3,1,62.1,1,Startup,Software Engineer,43.04,62.1,0
S56,5.88,Civil Engineering,2,1,0,1,0,58.1,7.8,40.8,1,1,2,54.9,0,Not placed,Not placed,,54.9,0
S57,5.43,Civil Engineering,3,1,1,0,0,75.0,5.3,93.9,0,5,0,59.7,1,MNC,Data Scientist,71.12,59.7,0
S58,7.64,Information Technology,2,1,1,0,1,10.3,6.0,44.5,2,2,0,79.4,1,MNC,Data Scientist,71.19,79.4,0
S59,8.29,Mechanical Engineering,3,0,0,0,1,2.0,4.6,88.0,0,1,0,31.0,0,Not placed,Not placed,,31.0,0
S60,9.94,Computer Science and Engineering,3,1,1,1,1,14.1,6.4,59.4,0,2,0,66.3,1,MNC,Analyst,81.42,66.3,0
S61,9.46,Electrical and Electronics Engineering,1,1,0,0,0,59.0,5.6,77.4,1,6,0,70.4,1,Startup,Software Engineer,53.15,70.4,0
S62,5.57,Electronics and Communication Engineering,2,1,1,0,0,48.5,7.1,84.5,1,1,0,52.7,1,Mid-size,Data Scientist,57.42,52.7,0
S63,6.36,Computer Science and Engineering,1,0,1,0,0,27.4,7.3,79.1,2,5,0,73.3,1,Startup,Software Engineer,49.41,73.3,0
S64,8.0,Computer Science and Engineering,3,1,0,1,0,38.3,7.1,42.8,0,3,0,52.2,1,MNC,Web Developer,83.35,52.2,0
S65,9.58,Computer Science and Engineering,3,1,1,1,0,95.4,4.8,69.0,0,4,0,67.8,1,Mid-size,Data Scientist,55.88,67.8,0
S66,7.37,Information Technology,3,0,0,0,1,59.8,6.8,44.6,0,4,0,48.1,1,Startup,Web Developer,39.45,48.1,0
S67,9.59,Mechanical Engineering,1,0,1,0,0,54.2,9.2,83.9,2,5,0,86.1,1,Startup,Analyst,46.39,86.1,0
S68,9.94,Mechanical Engineering,3,1,0,1,1,18.1,7.4,94.9,0,5,1,74.1,1,MNC,Web Developer,87.76,74.1,0
S69,5.27,Information Technology,3,1,1,0,1,36.5,7.4,68.9,2,3,0,89.4,1,MNC,Data Scientist,82.78,89.4,0
S70,6.59,Civil Engineering,2,1,1,0,0,2.4,9.2,41.3,2,5,0,96.9,1,MNC,Web Developer,64.57,96.9,0
S71,5.19,Civil Engineering,3,1,1,0,0,9.2,6.0,71.4,2,1,0,61.5,0,Not placed,Not placed,,61.5,0
S72,6.48,Electronics and Communication Engineering,2,0,0,0,1,42.8,6.3,80.8,0,2,1,36.5,0,Not placed,Not placed,,36.5,0
S73,9.91,Mechanical Engineering,2,1,1,1,1,74.3,4.4,64.1,2,6,0,100.0,1,MNC,Software Engineer,76.96,103.3,1
S74,8.9,Information Technology,1,1,0,1,1,92.8,10.0,50.4,1,2,0,85.0,1,Top Tech,Software Engineer,112.85,85.0,0
S75,5.17,Electronics and Communication Engineering,1,1,1,0,0,27.3,6.9,42.7,2,2,1,72.3,1,MNC,Data Scientist,73.41,72.3,0
S76,6.3,Mechanical Engineering,1,1,1,0,0,68.3,4.5,91.1,1,6,0,76.7,1,Mid-size,Software Engineer,60.27,76.7,0
S77,9.39,Computer Science and Engineering,3,1,1,1,1,70.8,9.0,81.8,1,3,1,88.6,1,Mid-size,Software Engineer,56.42,88.6,0
S78,5.64,Information Technology,1,0,1,0,1,83.2,7.0,40.4,0,6,0,71.6,1,MNC,Software Engineer,66.63,71.6,0
S79,5.64,Electronics and Communication Engineering,1,0,0,0,1,39.2,5.1,85.2,2,4,0,61.0,1,Startup,Data Scientist,43.58,61.0,0
S80,7.91,Electronics and Communication Engineering,3,0,1,0,1,97.3,9.8,85.0,0,5,0,70.1,1,MNC,Web Developer,89.29,70.1,0
S81,5.01,Information Technology,3,0,1,1,0,85.4,7.2,89.6,0,2,1,48.9,0,Not placed,Not placed,,48.9,0
S82,9.34,Information Technology,3,1,0,1,1,85.7,9.8,85.6,1,3,0,88.3,1,MNC,Web Developer,73.23,88.3,0
S83,6.84,Information Technology,2,1,1,1,0,86.9,8.7,86.3,2,4,0,99.1,1,Mid-size,Web Developer,76.01,99.1,0
S84,7.31,Information Technology,1,0,1,0,0,55.8,5.4,49.6,1,5,0,64.2,1,Startup,Software Engineer,41.09,64.2,0
S85,5.36,Civil Engineering,2,1,1,0,0,69.5,9.2,86.8,0,6,1,74.1,1,MNC,Analyst,65.27,74.1,0
S86,6.05,Electrical and Electronics Engineering,2,0,1,1,0,53.4,9.3,45.0,2,2,0,74.2,1,Mid-size,Web Developer,67.66,74.2,0
S87,5.84,Civil Engineering,1,0,1,1,0,93.6,4.3,72.5,2,2,0,65.7,1,MNC,Software Engineer,84.67,65.7,0
S88,7.99,Computer Science and Engineering,2,1,1,0,0,43.9,8.3,75.6,1,1,1,57.1,1,MNC,Analyst,71.64,57.1,0
S89,8.29,Computer Science and Engineering,1,1,1,1,0,99.6,9.8,79.0,0,3,0,73.6,1,MNC,Data Scientist,77.34,73.6,0
S90,7.08,Information Technology,3,1,1,1,1,50.5,7.3,70.8,1,2,1,81.8,1,Mid-size,Web Developer,60.73,81.8,0
S91,7.96,Information Technology,2,1,0,0,1,73.3,4.8,82.9,3,2,0,79.1,1,Mid-size,Data Scientist,62.38,79.1,0
S92,9.35,Electronics and Communication Engineering,2,1,1,0,0,16.4,6.3,98.2,0,5,0,64.8,1,MNC,Data Scientist,67.0,64.8,0
S93,9.42,Computer Science and Engineering,2,1,0,0,1,14.6,6.7,75.3,3,1,0,71.8,1,Mid-size,Software Engineer,65.88,71.8,0
S94,9.22,Computer Science and Engineering,3,1,1,1,0,11.2,5.6,43.4,1,4,0,78.2,1,MNC,Software Engineer,65.88,78.2,0
S95,7.92,Computer Science and Engineering,1,1,0,0,1,1.7,5.9,98.4,1,3,0,64.4,1,MNC,Data Scientist,70.15,64.4,0
S96,6.01,Electrical and Electronics Engineering,2,1,1,0,1,44.4,9.2,50.6,1,2,0,72.8,1,Mid-size,Web Developer,71.63,72.8,0
S97,5.57,Information Technology,2,1,1,0,1,82.7,8.0,74.6,0,2,3,59.5,1,MNC,Software Engineer,90.79,59.5,0
S98,7.84,Information Technology,2,1,1,0,0,66.8,8.8,85.7,2,3,1,80.2,1,Mid-size,Software Engineer,60.38,80.2,0
S99,8.05,Electrical and Electronics Engineering,2,1,0,0,0,54.6,6.7,40.9,1,6,0,72.7,1,Startup,Web Developer,47.95,72.7,0
S100,9.24,Electronics and Communication Engineering,2,1,1,0,0,52.7,5.5,68.6,1,6,1,78.7,1,Mid-size,Web Developer,61.84,78.7,0
S101,5.36,Information Technology,1,1,1,0,0,47.9,5.2,50.0,1,5,0,68.7,1,MNC,Analyst,70.99,68.7,0
S102,8.58,Information Technology,1,0,0,0,0,68.1,5.1,71.5,2,1,0,37.9,1,Startup,Software Engineer,45.55,37.9,0
S103,7.75,Civil Engineering,2,0,1,1,1,81.9,9.3,53.7,0,2,0,66.5,1,Mid-size,Software Engineer,63.57,66.5,0
S104,6.51,Computer Science and Engineering,3,1,1,0,1,76.7,4.9,65.4,0,1,1,53.3,0,Not placed,Not placed,,53.3,0
S105,5.48,Electrical and Electronics Engineering,3,0,1,0,0,23.2,6.3,75.7,1,2,0,49.9,0,Not placed,Not placed,,49.9,0
S106,7.21,Mechanical Engineering,1,1,1,0,0,81.9,7.6,60.2,3,5,0,93.7,1,MNC,Software Engineer,78.17,93.7,0
S107,6.77,Mechanical Engineering,1,0,1,0,1,23.4,7.2,92.8,1,6,0,81.2,1,MNC,Data Scientist,72.56,81.2,0
S108,9.98,Computer Science and Engineering,3,1,0,0,0,96.2,7.8,85.3,0,2,0,42.9,1,Startup,Software Engineer,45.31,42.9,0
S109,8.98,Civil Engineering,1,1,0,0,0,99.2,9.6,72.4,2,5,0,81.4,1,Startup,Web Developer,54.93,81.4,0
S110,7.53,Computer Science and Engineering,3,0,0,0,0,34.2,6.3,60.8,0,1,0,22.9,0,Not placed,Not placed,,22.9,0
S111,8.0,Information Technology,3,1,1,0,1,85.1,5.3,95.8,0,2,0,57.6,1,Mid-size,Software Engineer,52.15,57.6,0
S112,9.09,Mechanical Engineering,1,0,0,0,0,95.7,7.4,96.0,1,5,1,61.4,1,Startup,Web Developer,48.9,61.4,0
S113,5.87,Civil Engineering,3,1,0,0,0,6.8,4.2,48.1,3,4,1,68.8,0,Not placed,Not placed,,68.8,0
S114,9.68,Mechanical Engineering,3,1,0,1,0,1.8,7.6,61.9,1,5,1,77.4,0,Not placed,Not placed,,77.4,0
S115,9.97,Electronics and Communication Engineering,2,0,1,1,0,14.2,4.7,58.2,0,4,0,55.4,1,MNC,Data Scientist,65.24,55.4,0
S116,8.28,Civil Engineering,3,1,1,1,0,65.4,6.1,71.5,1,5,0,87.9,1,MNC,Analyst,81.47,87.9,0
S117,7.91,Information Technology,2,1,0,0,0,83.4,7.8,51.9,0,4,0,51.1,1,Startup,Web Developer,43.95,51.1,0
S118,5.75,Information Technology,3,0,1,0,1,81.1,7.7,91.6,1,2,1,67.7,1,MNC,Analyst,84.12,67.7,0
S119,6.27,Electrical and Electronics Engineering,2,1,0,1,0,63.7,8.0,93.7,1,1,0,59.2,1,Mid-size,Software Engineer,61.74,59.2,0
S120,5.21,Computer Science and Engineering,2,0,1,0,0,1.2,9.7,84.3,1,6,3,83.8,1,Startup,Software Engineer,44.96,83.8,0
S121,7.06,Computer Science and Engineering,3,1,1,0,0,8.3,7.1,93.9,2,1,3,68.0,0,Not placed,Not placed,,68.0,0
S122,6.28,Information Technology,3,0,0,1,0,89.6,5.9,47.5,1,2,0,48.5,1,Startup,Analyst,49.6,48.5,0
S123,5.64,Information Technology,2,0,1,0,0,43.2,6.6,76.8,3,6,2,91.6,1,Startup,Software Engineer,42.07,91.6,0
S124,8.36,Information Technology,2,0,1,0,0,63.6,5.3,98.7,2,6,1,77.5,1,Startup,Analyst,49.38,77.5,0
S125,9.69,Information Technology,2,0,0,0,1,81.8,5.3,70.4,2,5,0,73.5,1,Startup,Analyst,47.14,73.5,0
S126,5.76,Mechanical Engineering,3,0,1,1,0,16.1,7.3,88.7,2,3,3,72.9,0,Not placed,Not placed,,72.9,0
S127,9.0,Mechanical Engineering,1,0,1,1,1,18.8,6.1,87.0,1,6,1,91.7,1,MNC,Analyst,87.71,91.7,0
S128,8.39,Civil Engineering,1,1,1,0,0,12.5,6.3,78.6,2,6,0,87.8,1,Mid-size,Data Scientist,49.88,87.8,0
S129,6.78,Electronics and Communication Engineering,1,1,0,0,0,64.2,4.4,74.8,1,4,0,53.1,1,Startup,Software Engineer,42.34,53.1,0
S130,6.61,Civil Engineering,3,1,0,0,1,98.2,5.3,89.5,1,5,0,69.2,1,MNC,Data Scientist,73.24,69.2,0
S131,8.68,Electronics and Communication Engineering,2,1,1,0,0,63.6,8.7,47.1,1,6,1,88.5,1,MNC,Data Scientist,86.1,88.5,0
S132,5.83,Civil Engineering,2,1,1,0,1,93.0,8.7,43.4,2,2,1,89.5,1,Mid-size,Data Scientist,64.4,89.5,0
S133,5.67,Civil Engineering,3,0,1,0,0,73.0,8.6,49.5,1,4,0,70.0,1,Startup,Analyst,38.02,70.0,0
S134,5.22,Mechanical Engineering,2,0,0,0,1,97.5,6.2,65.7,2,6,0,78.5,1,Startup,Analyst,42.88,78.5,0
S135,5.7,Computer Science and Engineering,1,1,0,0,1,2.2,8.0,97.8,1,5,0,78.2,1,Mid-size,Web Developer,66.09,78.2,0
S136,8.27,Electronics and Communication Engineering,1,0,1,0,1,60.9,6.1,46.8,0,4,0,54.2,1,MNC,Software Engineer,87.73,54.2,0
S137,7.02,Electronics and Communication Engineering,1,1,1,0,1,22.6,9.1,65.7,0,6,1,89.0,1,MNC,Analyst,82.5,89.0,0
S138,5.31,Information Technology,3,1,1,0,0,78.6,5.2,55.5,0,4,1,55.8,0,Not placed,Not placed,,55.8,0
S139,9.39,Electrical and Electronics Engineering,3,1,1,0,0,98.5,8.6,41.6,0,6,0,73.6,1,Mid-size,Web Developer,60.46,73.6,0
S140,6.99,Mechanical Engineering,1,0,0,0,0,9.4,6.1,85.4,0,1,0,27.5,0,Not placed,Not placed,,27.5,0
S141,5.79,Computer Science and Engineering,1,1,1,0,1,90.6,5.7,99.0,0,1,0,50.7,1,MNC,Data Scientist,75.33,50.7,0
S142,9.84,Mechanical Engineering,1,1,0,1,0,98.8,6.9,47.3,2,2,0,74.5,1,MNC,Analyst,71.46,74.5,0
S143,7.64,Mechanical Engineering,3,1,1,0,1,18.7,9.1,89.1,1,3,1,87.2,1,Mid-size,Data Scientist,56.33,87.2,0
S144,9.1,Electrical and Electronics Engineering,1,1,1,0,0,8.7,8.3,65.2,3,3,0,92.4,1,Mid-size,Software Engineer,61.19,92.4,0
S145,7.36,Electronics and Communication Engineering,2,1,1,0,1,32.5,8.1,44.2,0,1,0,64.2,1,MNC,Software Engineer,75.38,64.2,0
S146,6.08,Electronics and Communication Engineering,1,1,0,1,0,75.9,9.4,54.0,2,4,0,85.8,1,Mid-size,Data Scientist,63.21,85.8,0
S147,7.24,Civil Engineering,1,1,1,0,0,97.7,4.7,65.4,0,6,2,61.9,1,MNC,Analyst,90.3,61.9,0
S148,9.02,Mechanical Engineering,2,0,1,1,0,82.9,5.7,92.4,0,6,0,62.8,1,MNC,Data Scientist,80.03,62.8,0
S149,9.12,Information Technology,1,0,0,1,0,6.4,9.3,92.6,0,6,1,64.8,1,Startup,Data Scientist,41.26,64.8,0
S150,5.17,Electrical and Electronics Engineering,1,1,1,1,0,6.4,9.0,75.9,0,5,0,77.3,1,MNC,Data Scientist,83.62,77.3,0
S151,8.47,Civil Engineering,2,0,1,0,0,34.1,5.0,50.2,3,6,0,87.0,1,Startup,Web Developer,44.46,87.0,0
S152,6.92,Civil Engineering,3,1,1,1,1,74.4,7.0,78.0,0,1,0,61.4,1,Mid-size,Data Scientist,56.63,61.4,0
S153,7.25,Electronics and Communication Engineering,1,1,1,0,0,47.4,7.5,72.2,2,1,0,62.9,1,MNC,Software Engineer,87.9,62.9,0
S154,7.56,Electrical and Electronics Engineering,1,0,1,0,0,61.7,4.7,60.7,1,1,0,40.9,1,Startup,Web Developer,45.06,40.9,0
S155,5.83,Information Technology,1,1,1,1,1,25.8,8.0,57.8,2,4,1,99.0,1,MNC,Web Developer,73.67,99.0,0
S156,8.02,Electronics and Communication Engineering,2,1,0,0,0,36.9,4.7,65.1,2,1,0,47.3,1,Startup,Data Scientist,43.52,47.3,0
S157,8.23,Information Technology,1,1,1,0,0,11.6,4.9,50.3,1,5,2,65.4,1,MNC,Data Scientist,61.99,65.4,0
S158,6.48,Electrical and Electronics Engineering,2,1,1,0,0,55.9,6.1,83.8,1,4,0,71.8,1,MNC,Analyst,80.42,71.8,0
S159,7.95,Computer Science and Engineering,2,0,0,0,0,75.9,4.6,93.4,0,3,0,30.9,1,Startup,Analyst,38.24,30.9,0
S160,7.15,Civil Engineering,3,0,1,0,0,2.5,7.9,78.2,0,3,0,46.8,0,Not placed,Not placed,,46.8,0
S161,8.03,Electrical and Electronics Engineering,3,1,0,1,0,68.8,4.8,69.1,0,3,0,45.8,0,Not placed,Not placed,,45.8,0
S162,6.04,Mechanical Engineering,2,1,0,0,0,14.7,6.9,47.8,2,5,2,73.8,1,Startup,Software Engineer,46.18,73.8,0
S163,9.92,Computer Science and Engineering,2,0,1,0,0,34.0,7.2,49.2,1,2,0,49.1,1,Startup,Data Scientist,44.47,49.1,0
S164,8.55,Mechanical Engineering,2,0,1,0,0,83.1,7.3,49.9,1,5,0,68.2,1,Startup,Software Engineer,47.88,68.2,0
S165,9.4,Computer Science and Engineering,3,1,1,0,0,39.5,4.2,68.5,1,3,0,58.5,1,MNC,Web Developer,73.67,58.5,0
S166,8.73,Electronics and Communication Engineering,3,1,0,0,0,3.4,9.8,96.9,1,4,0,73.0,1,Startup,Analyst,41.56,73.0,0
S167,6.02,Electrical and Electronics Engineering,3,1,0,0,0,57.7,9.2,98.8,1,3,0,63.5,1,Startup,Software Engineer,47.02,63.5,0
S168,5.3,Electrical and Electronics Engineering,3,0,1,0,0,31.2,5.5,41.8,3,5,2,76.7,0,Not placed,Not placed,,76.7,0
S169,8.44,Information Technology,2,1,1,0,0,35.9,8.8,56.7,0,1,1,56.3,0,Not placed,Not placed,,56.3,0
S170,9.97,Computer Science and Engineering,3,0,0,0,0,63.3,4.4,40.3,3,4,0,65.9,1,Startup,Web Developer,45.74,65.9,0
S171,7.44,Computer Science and Engineering,3,0,0,0,0,34.9,4.7,88.5,3,2,0,50.1,1,Startup,Data Scientist,43.55,50.1,0
S172,9.21,Electronics and Communication Engineering,2,0,1,0,1,66.7,5.3,91.8,1,6,0,73.6,1,MNC,Software Engineer,89.54,73.6,0
S173,6.1,Civil Engineering,2,0,0,0,1,18.8,8.3,92.0,1,4,0,60.6,1,Startup,Analyst,40.42,60.6,0
S174,9.11,Civil Engineering,1,1,1,0,0,77.5,5.6,69.8,0,2,1,49.0,1,MNC,Analyst,66.47,49.0,0
S175,8.92,Mechanical Engineering,2,1,1,1,0,46.7,6.0,96.4,0,4,0,66.6,1,Mid-size,Web Developer,58.16,66.6,0
S176,9.46,Electronics and Communication Engineering,2,1,1,0,1,8.9,8.1,69.6,1,3,1,81.1,1,MNC,Analyst,88.45,81.1,0
S177,6.39,Mechanical Engineering,1,0,1,1,0,47.5,7.8,100.0,0,6,2,73.4,1,MNC,Data Scientist,68.07,73.4,0
S178,6.85,Electrical and Electronics Engineering,3,0,1,0,1,85.0,5.3,79.4,1,6,0,77.7,1,MNC,Web Developer,70.96,77.7,0
S179,8.69,Civil Engineering,3,0,1,0,1,19.9,9.3,57.2,1,1,1,65.7,1,MNC,Data Scientist,81.79,65.7,0
S180,9.56,Mechanical Engineering,3,1,1,1,0,73.6,6.0,94.4,0,5,0,77.6,1,Mid-size,Analyst,60.07,77.6,0
S181,8.86,Electrical and Electronics Engineering,3,1,1,0,0,77.0,8.8,47.2,0,5,0,73.8,1,Mid-size,Software Engineer,64.47,73.8,0
S182,8.32,Electronics and Communication Engineering,2,1,1,0,0,83.0,7.6,57.5,0,3,0,53.5,1,MNC,Data Scientist,80.21,53.5,0
S183,7.37,Electrical and Electronics Engineering,3,0,1,1,1,99.1,7.3,97.8,0,1,0,59.2,1,Mid-size,Analyst,70.41,59.2,0
S184,6.38,Electrical and Electronics Engineering,2,1,1,1,0,64.3,8.9,96.8,0,6,0,90.6,1,MNC,Web Developer,68.88,90.6,0
S185,8.15,Civil Engineering,1,1,0,1,0,24.2,7.0,80.8,0,6,2,73.6,1,MNC,Web Developer,74.55,73.6,0
S186,9.32,Civil Engineering,1,1,1,0,0,99.5,7.2,63.5,1,1,0,61.1,1,Mid-size,Software Engineer,75.89,61.1,0
S187,6.3,Electronics and Communication Engineering,3,1,1,0,1,98.1,5.1,87.6,3,2,0,84.3,1,Mid-size,Analyst,64.75,84.3,0
S188,8.87,Computer Science and Engineering,1,0,0,0,1,96.0,8.6,91.3,1,5,0,69.4,1,Startup,Analyst,44.79,69.4,0
S189,6.11,Information Technology,1,0,1,1,0,42.9,4.2,68.9,1,2,2,49.1,1,Mid-size,Data Scientist,56.87,49.1,0
S190,7.41,Computer Science and Engineering,1,1,0,0,0,44.4,5.7,77.3,3,5,0,80.7,1,Startup,Data Scientist,41.32,80.7,0
S191,9.59,Electrical and Electronics Engineering,3,0,1,0,0,3.6,5.1,92.0,0,5,0,52.5,0,Not placed,Not placed,,52.5,0
S192,7.14,Computer Science and Engineering,2,0,1,0,0,90.4,9.1,64.1,2,2,1,67.7,1,Startup,Web Developer,43.46,67.7,0
S193,7.97,Civil Engineering,3,0,1,0,0,87.9,6.8,45.7,2,5,1,78.1,1,Startup,Data Scientist,52.09,78.1,0
S194,7.32,Civil Engineering,3,0,0,1,0,54.7,7.2,75.4,0,6,0,66.3,1,Startup,Web Developer,40.25,66.3,0
S195,6.15,Electrical and Electronics Engineering,2,0,1,1,0,66.3,8.5,90.9,1,2,1,68.7,1,MNC,Data Scientist,68.57,68.7,0
S196,10.0,Information Technology,3,1,0,1,0,15.0,6.3,64.9,2,3,0,74.1,1,Mid-size,Software Engineer,60.15,74.1,0
S197,9.75,Computer Science and Engineering,2,1,0,0,1,70.8,5.0,98.3,1,2,0,57.1,1,Mid-size,Data Scientist,67.47,57.1,0
S198,9.31,Information Technology,3,0,1,0,0,33.6,9.9,91.4,2,4,0,79.1,1,Startup,Web Developer,44.44,79.1,0
S199,7.53,Computer Science and Engineering,3,1,1,0,1,12.4,8.8,77.0,2,4,0,96.4,1,MNC,Data Scientist,82.12,96.4,0
S200,6.54,Computer Science and Engineering,2,1,0,1,1,95.2,5.4,92.8,2,4,0,84.4,1,MNC,Data Scientist,70.95,84.4,0
S201,9.68,Electrical and Electronics Engineering,3,1,1,0,0,16.3,5.1,41.2,1,5,0,71.5,1,Mid-size,Analyst,54.9,71.5,0
S202,8.92,Electrical and Electronics Engineering,3,0,0,0,0,5.7,6.2,96.7,1,6,1,54.8,0,Not placed,Not placed,,54.8,0
S203,8.93,Civil Engineering,3,1,1,0,1,91.5,4.1,67.0,3,2,3,78.4,1,Mid-size,Web Developer,70.83,78.4,0
S204,6.73,Mechanical Engineering,2,1,0,0,0,26.9,5.7,79.4,3,3,0,68.8,1,Startup,Data Scientist,38.99,68.8,0
S205,8.48,Civil Engineering,2,1,0,0,1,70.4,6.2,73.8,1,6,0,76.3,1,Mid-size,Web Developer,70.59,76.3,0
S206,5.77,Electronics and Communication Engineering,1,1,1,1,0,58.8,8.2,80.8,1,1,0,74.0,1,Mid-size,Analyst,56.71,74.0,0
S207,8.09,Mechanical Engineering,2,1,0,0,0,74.3,6.0,93.4,0,1,0,30.6,1,Startup,Data Scientist,43.78,30.6,0
S208,7.95,Electronics and Communication Engineering,2,1,1,0,1,9.1,5.2,92.6,2,1,0,68.3,1,MNC,Software Engineer,78.44,68.3,0
S209,8.03,Civil Engineering,2,1,0,1,1,80.5,8.9,96.0,1,6,0,96.8,1,Mid-size,Data Scientist,61.56,96.8,0
S210,7.14,Electronics and Communication Engineering,2,0,1,0,1,91.5,9.2,42.1,2,2,0,75.1,1,MNC,Analyst,82.85,75.1,0
S211,9.68,Mechanical Engineering,1,0,1,0,0,2.2,5.8,70.2,0,6,0,54.5,1,Startup,Data Scientist,41.22,54.5,0
S212,7.04,Information Technology,1,1,0,0,1,94.3,8.5,83.2,2,3,0,78.4,1,MNC,Web Developer,84.2,78.4,0
S213,6.78,Civil Engineering,1,1,1,1,0,91.4,9.7,59.6,1,2,0,76.4,1,MNC,Data Scientist,73.9,76.4,0
S214,6.74,Computer Science and Engineering,2,1,1,1,0,46.2,6.5,40.8,0,5,0,76.7,1,MNC,Web Developer,77.23,76.7,0
S215,9.31,Electronics and Communication Engineering,3,1,1,0,0,34.5,6.5,83.9,2,2,0,65.6,1,MNC,Web Developer,81.46,65.6,0
S216,5.29,Electrical and Electronics Engineering,1,1,0,0,1,61.6,7.3,64.9,1,3,0,66.0,1,MNC,Data Scientist,73.15,66.0,0
S217,7.88,Electrical and Electronics Engineering,2,0,1,0,0,93.3,6.6,98.8,1,5,0,68.8,1,Startup,Software Engineer,46.32,68.8,0
S218,5.09,Mechanical Engineering,2,1,0,0,0,62.8,8.1,55.2,0,4,0,56.8,1,Startup,Web Developer,45.83,56.8,0
S219,5.64,Computer Science and Engineering,2,0,1,0,1,40.5,6.9,40.8,1,1,1,59.7,0,Not placed,Not placed,,59.7,0
S220,5.33,Electronics and Communication Engineering,2,1,0,0,1,6.7,7.9,44.4,1,5,3,76.0,1,MNC,Web Developer,70.19,76.0,0
S221,8.65,Mechanical Engineering,3,1,1,0,0,4.5,6.1,95.8,1,2,0,58.1,0,Not placed,Not placed,,58.1,0
S222,9.02,Civil Engineering,3,1,1,0,1,58.4,8.7,85.1,2,2,1,81.2,1,Mid-size,Data Scientist,63.37,81.2,0
S223,6.73,Electrical and Electronics Engineering,1,1,0,0,1,43.3,8.6,91.2,1,6,0,85.5,1,MNC,Analyst,70.13,85.5,0
S224,6.21,Electrical and Electronics Engineering,2,0,0,1,0,18.8,4.5,81.8,1,2,0,48.1,0,Not placed,Not placed,,48.1,0
S225,7.75,Computer Science and Engineering,2,1,1,1,0,52.9,9.0,67.8,0,3,0,69.6,1,Mid-size,Analyst,69.71,69.6,0
S226,5.94,Civil Engineering,3,0,1,0,0,3.1,5.6,42.0,2,3,1,63.1,0,Not placed,Not placed,,63.1,0
S227,8.92,Electrical and Electronics Engineering,3,1,0,0,1,43.6,8.0,45.7,2,1,0,64.7,1,Mid-size,Data Scientist,59.68,64.7,0
S228,9.03,Electrical and Electronics Engineering,1,1,1,0,0,41.1,4.8,41.3,1,3,0,54.5,1,MNC,Software Engineer,62.23,54.5,0
S229,9.58,Electrical and Electronics Engineering,3,1,0,0,0,0.5,9.6,64.9,1,3,0,68.7,1,Startup,Software Engineer,44.62,68.7,0
S230,6.95,Computer Science and Engineering,3,0,1,1,1,34.2,7.2,52.7,3,4,0,100.0,1,Mid-size,Web Developer,66.71,105.2,1
S231,9.16,Information Technology,2,1,1,0,1,63.2,4.3,78.7,3,6,0,99.5,1,MNC,Data Scientist,77.02,99.5,0
S232,7.28,Computer Science and Engineering,2,1,1,0,0,77.9,7.7,82.0,2,6,0,97.2,1,Mid-size,Web Developer,73.8,97.2,0
S233,9.17,Electronics and Communication Engineering,1,1,0,1,0,59.4,8.2,44.0,0,1,0,53.4,1,Mid-size,Web Developer,56.0,53.4,0
S234,9.43,Electronics and Communication Engineering,2,0,1,0,1,99.7,4.2,93.8,1,1,0,51.1,1,MNC,Web Developer,71.84,51.1,0
S235,9.08,Electronics and Communication Engineering,2,1,1,0,0,7.1,5.3,53.8,1,6,2,71.6,1,MNC,Analyst,85.89,71.6,0
S236,5.57,Computer Science and Engineering,2,0,0,0,1,22.0,4.1,89.6,1,4,0,47.9,0,Not placed,Not placed,,47.9,0
S237,9.05,Computer Science and Engineering,3,0,0,1,0,8.3,6.9,58.1,1,6,0,71.5,1,Startup,Software Engineer,39.72,71.5,0
S238,6.37,Electronics and Communication Engineering,1,1,0,0,0,82.2,4.3,65.1,1,5,0,58.4,1,Startup,Software Engineer,44.83,58.4,0
S239,5.22,Civil Engineering,1,0,1,1,1,1.6,7.1,68.3,1,4,0,84.7,1,Mid-size,Software Engineer,55.38,84.7,0
S240,7.27,Information Technology,1,1,0,0,1,17.5,7.4,74.8,1,6,0,82.7,1,Mid-size,Software Engineer,51.48,82.7,0
S241,5.93,Mechanical Engineering,1,0,0,0,1,28.6,9.6,98.2,1,1,1,51.3,1,Startup,Data Scientist,47.07,51.3,0
S242,8.65,Information Technology,2,1,0,1,0,25.3,7.1,71.3,1,4,0,75.0,1,Mid-size,Software Engineer,63.96,75.0,0
S243,7.29,Mechanical Engineering,1,1,0,0,1,4.0,5.7,52.5,0,3,0,47.2,1,Mid-size,Web Developer,57.67,47.2,0
S244,7.56,Civil Engineering,2,1,1,0,1,47.6,8.0,85.8,0,1,0,60.2,1,MNC,Analyst,76.5,60.2,0
S245,5.17,Information Technology,3,1,0,1,0,2.5,6.7,54.2,0,1,1,49.2,0,Not placed,Not placed,,49.2,0
S246,9.61,Mechanical Engineering,3,1,1,0,0,56.8,7.9,52.6,1,5,0,83.0,1,MNC,Software Engineer,70.19,83.0,0
S247,7.62,Information Technology,2,1,0,0,0,96.1,8.0,96.0,0,1,0,35.9,1,Startup,Software Engineer,47.22,35.9,0
S248,7.53,Mechanical Engineering,1,1,1,0,0,67.8,7.3,60.8,1,3,0,65.3,1,MNC,Analyst,72.55,65.3,0
S249,9.17,Mechanical Engineering,3,1,0,0,1,6.2,4.6,49.8,1,6,0,77.9,1,MNC,Web Developer,66.39,77.9,0
S250,8.24,Electrical and Electronics Engineering,3,0,0,0,0,94.2,8.7,67.7,2,4,0,65.1,1,Startup,Data Scientist,54.48,65.1,0
S251,6.57,Computer Science and Engineering,3,1,0,0,0,34.2,6.6,89.9,0,6,0,56.0,1,Startup,Data Scientist,44.88,56.0,0
S252,8.67,Computer Science and Engineering,3,1,1,0,0,4.5,5.3,40.9,1,5,1,71.6,1,Mid-size,Analyst,54.74,71.6,0
S253,5.05,Civil Engineering,3,1,1,0,0,46.4,4.7,98.8,0,1,1,41.9,0,Not placed,Not placed,,41.9,0
S254,8.08,Computer Science and Engineering,3,1,0,1,1,74.8,7.4,54.8,1,6,0,96.9,1,MNC,Software Engineer,68.94,96.9,0
S255,8.46,Electronics and Communication Engineering,3,1,0,0,0,57.8,6.2,89.4,2,6,1,81.5,1,Startup,Web Developer,40.94,81.5,0
S256,5.78,Civil Engineering,2,1,0,1,0,18.3,4.8,74.6,2,5,0,77.4,1,MNC,Software Engineer,86.84,77.4,0
S257,7.66,Mechanical Engineering,3,0,1,0,0,65.6,9.8,73.7,2,5,0,81.8,1,Startup,Analyst,49.0,81.8,0
S258,8.47,Computer Science and Engineering,2,1,0,0,1,4.7,5.9,66.3,2,2,0,66.2,1,Mid-size,Web Developer,60.54,66.2,0
S259,6.98,Computer Science and Engineering,2,0,0,1,0,41.9,5.0,92.8,1,6,0,69.7,1,Startup,Analyst,42.6,69.7,0
S260,5.25,Civil Engineering,2,1,0,0,0,9.1,5.9,42.6,2,4,0,71.6,1,Startup,Data Scientist,38.38,71.6,0
S261,6.19,Electrical and Electronics Engineering,1,0,1,0,0,25.0,7.3,56.5,3,6,0,87.3,1,Startup,Analyst,41.56,87.3,0
S262,9.83,Mechanical Engineering,3,1,1,0,1,80.5,9.7,64.0,2,3,0,96.9,1,MNC,Web Developer,85.75,96.9,0
S263,6.52,Electrical and Electronics Engineering,2,0,0,1,0,49.7,9.5,86.6,0,1,1,45.7,1,Startup,Analyst,42.72,45.7,0
S264,5.26,Electronics and Communication Engineering,1,0,0,0,0,83.0,9.7,58.3,0,6,1,63.4,1,Startup,Software Engineer,35.56,63.4,0
S265,7.87,Electronics and Communication Engineering,2,1,0,0,0,78.7,5.8,42.4,1,5,0,57.5,1,Startup,Data Scientist,46.2,57.5,0
S266,8.76,Electrical and Electronics Engineering,3,0,1,0,0,41.0,5.0,53.3,0,4,1,49.3,0,Not placed,Not placed,,49.3,0
S267,7.25,Mechanical Engineering,3,0,1,0,0,75.2,4.3,69.6,1,3,0,49.8,1,Startup,Web Developer,39.16,49.8,0
S268,6.48,Electronics and Communication Engineering,1,1,1,1,0,40.8,4.8,50.3,2,6,0,96.4,1,Mid-size,Web Developer,58.47,96.4,0
S269,9.48,Electronics and Communication Engineering,1,0,0,0,0,67.2,9.0,80.4,2,2,0,58.6,1,Startup,Web Developer,38.73,58.6,0
S270,9.95,Information Technology,2,0,0,0,0,16.9,6.1,85.7,1,3,3,46.0,0,Not placed,Not placed,,46.0,0
S271,7.23,Electronics and Communication Engineering,2,1,1,0,1,2.4,6.6,56.7,0,5,1,70.0,1,MNC,Analyst,86.49,70.0,0
S272,6.47,Mechanical Engineering,3,0,1,0,1,10.3,4.8,98.7,1,5,0,65.9,1,Mid-size,Analyst,59.04,65.9,0
S273,5.01,Mechanical Engineering,1,1,0,0,0,94.3,5.9,79.7,1,5,0,59.8,1,Startup,Data Scientist,45.36,59.8,0
S274,9.98,Computer Science and Engineering,1,0,1,0,0,2.8,7.7,88.4,2,4,1,74.8,1,Startup,Web Developer,45.78,74.8,0
S275,9.03,Electrical and Electronics Engineering,3,1,1,0,0,2.5,6.2,72.8,2,6,1,92.2,1,Mid-size,Data Scientist,72.83,92.2,0
S276,8.92,Civil Engineering,2,1,1,0,1,61.4,7.5,55.2,2,3,2,85.8,1,MNC,Web Developer,72.5,85.8,0
S277,9.51,Electrical and Electronics Engineering,1,1,0,0,1,92.4,6.8,69.9,0,3,0,57.7,1,MNC,Software Engineer,68.43,57.7,0
S278,6.78,Electronics and Communication Engineering,1,0,0,0,1,95.8,7.4,70.9,0,1,0,38.9,1,Startup,Web Developer,40.6,38.9,0
S279,7.4,Civil Engineering,1,0,0,1,1,40.5,4.5,43.9,2,3,1,66.8,1,MNC,Analyst,83.05,66.8,0
S280,6.58,Civil Engineering,3,0,1,0,0,69.3,8.2,85.2,2,6,3,80.5,1,Startup,Analyst,50.38,80.5,0
S281,6.54,Electrical and Electronics Engineering,3,1,1,0,0,55.1,7.1,56.9,0,5,0,62.2,1,MNC,Analyst,78.19,62.2,0
S282,6.17,Electrical and Electronics Engineering,3,1,1,0,0,68.9,5.5,58.5,1,1,3,51.9,0,Not placed,Not placed,,51.9,0
S283,9.47,Mechanical Engineering,2,0,1,1,1,77.0,6.0,96.5,1,5,0,78.6,1,Mid-size,Analyst,61.19,78.6,0
S284,6.98,Civil Engineering,2,1,1,0,1,25.1,4.7,75.1,3,2,1,83.8,1,MNC,Analyst,68.99,83.8,0
S285,5.53,Electronics and Communication Engineering,2,0,1,1,0,98.6,4.0,76.8,1,6,0,67.6,1,Mid-size,Data Scientist,66.32,67.6,0
S286,5.76,Computer Science and Engineering,3,1,1,0,0,33.8,4.8,63.5,0,1,0,41.4,0,Not placed,Not placed,,41.4,0
S287,5.21,Information Technology,2,1,0,0,0,29.5,7.2,80.7,1,1,0,44.6,0,Not placed,Not placed,,44.6,0
S288,5.76,Computer Science and Engineering,3,1,1,0,1,75.5,7.5,89.7,0,3,1,71.7,1,MNC,Data Scientist,72.38,71.7,0
S289,6.62,Information Technology,1,1,0,0,1,80.2,6.8,65.4,3,6,0,100.0,1,Mid-size,Web Developer,55.56,100.2,1
S290,5.43,Electronics and Communication Engineering,3,1,0,0,0,64.4,6.3,43.3,1,3,0,56.4,1,Startup,Analyst,46.15,56.4,0
S291,7.21,Computer Science and Engineering,1,0,0,0,0,21.8,9.6,68.0,1,5,0,68.4,1,Startup,Analyst,42.45,68.4,0
S292,8.13,Information Technology,2,1,0,0,1,76.4,7.1,53.6,1,5,0,72.7,1,MNC,Data Scientist,82.97,72.7,0
S293,9.27,Electronics and Communication Engineering,1,1,1,0,0,47.4,4.0,41.5,1,5,3,64.0,0,Not placed,Not placed,,64.0,0
S294,5.57,Civil Engineering,3,1,1,1,1,52.5,6.7,59.8,1,1,0,71.8,1,MNC,Data Scientist,80.06,71.8,0
S295,6.79,Electronics and Communication Engineering,1,1,1,1,0,38.2,7.3,44.6,0,1,0,55.2,1,MNC,Software Engineer,80.96,55.2,0
S296,5.11,Mechanical Engineering,2,1,0,1,0,96.3,4.7,69.4,0,4,0,57.1,1,MNC,Data Scientist,77.63,57.1,0
S297,5.36,Civil Engineering,2,0,0,1,1,24.1,9.2,89.8,0,1,0,55.0,1,MNC,Software Engineer,67.09,55.0,0
S298,6.36,Computer Science and Engineering,3,1,0,0,0,18.1,9.7,93.4,1,6,0,79.3,1,Startup,Analyst,40.12,79.3,0
S299,6.98,Electrical and Electronics Engineering,2,0,0,1,1,90.7,9.9,52.5,1,3,1,75.6,1,MNC,Web Developer,76.27,75.6,0
S300,5.99,Electronics and Communication Engineering,1,0,0,0,1,25.5,6.8,42.6,1,3,0,56.1,1,Startup,Software Engineer,45.29,56.1,0
S301,7.44,Electronics and Communication Engineering,2,0,0,0,0,51.4,5.7,40.4,1,1,0,28.0,0,Not placed,Not placed,,28.0,0
S302,5.52,Computer Science and Engineering,1,0,1,0,0,71.4,6.2,47.5,0,1,0,28.8,1,Startup,Web Developer,44.61,28.8,0
S303,7.98,Electrical and Electronics Engineering,1,1,0,1,1,57.2,5.1,56.1,0,2,0,55.9,1,MNC,Software Engineer,78.84,55.9,0
S304,5.44,Information Technology,1,0,1,0,0,40.0,8.9,40.8,1,1,0,49.6,1,Startup,Analyst,41.32,49.6,0
S305,8.54,Computer Science and Engineering,1,1,1,1,1,1.9,8.4,52.5,0,3,0,77.5,1,MNC,Software Engineer,70.06,77.5,0
S306,9.3,Mechanical Engineering,2,1,1,0,1,76.0,5.9,64.6,0,5,2,70.7,1,Mid-size,Data Scientist,69.73,70.7,0
S307,6.97,Mechanical Engineering,2,0,1,1,0,20.7,7.0,58.7,1,6,0,82.4,1,MNC,Web Developer,78.91,82.4,0
S308,9.06,Electrical and Electronics Engineering,2,1,1,0,1,14.3,7.9,78.5,0,1,0,58.6,1,MNC,Web Developer,74.19,58.6,0
S309,9.38,Electronics and Communication Engineering,3,0,1,1,1,14.7,8.1,96.7,1,1,0,71.0,1,MNC,Software Engineer,72.66,71.0,0
S310,5.89,Mechanical Engineering,3,0,0,0,1,23.6,9.7,92.3,0,6,1,65.4,1,Startup,Software Engineer,45.83,65.4,0
S311,6.26,Information Technology,3,1,0,0,1,47.5,9.1,63.0,0,3,0,63.7,1,MNC,Data Scientist,71.28,63.7,0
S312,8.97,Electronics and Communication Engineering,3,1,1,1,0,46.9,8.2,95.3,0,4,1,70.7,1,Mid-size,Software Engineer,53.83,70.7,0
S313,8.4,Information Technology,1,1,0,0,1,29.8,8.7,63.6,0,6,2,73.3,1,MNC,Data Scientist,76.06,73.3,0
S314,5.84,Mechanical Engineering,1,1,0,0,0,6.3,6.4,68.4,1,1,0,43.4,0,Not placed,Not placed,,43.4,0
S315,8.93,Information Technology,1,0,1,0,0,45.8,5.5,85.1,1,2,1,44.6,1,Startup,Web Developer,38.45,44.6,0
S316,6.88,Electrical and Electronics Engineering,3,1,1,1,0,55.4,7.1,56.9,2,5,0,92.0,1,Mid-size,Web Developer,60.27,92.0,0
S317,7.56,Electronics and Communication Engineering,1,0,0,0,1,11.1,4.2,99.7,0,2,0,28.0,0,Not placed,Not placed,,28.0,0
S318,9.01,Information Technology,2,0,0,0,0,86.1,9.2,40.6,2,2,0,60.7,1,Startup,Analyst,46.96,60.7,0
S319,8.91,Civil Engineering,2,1,0,1,0,53.5,9.2,59.6,3,3,0,96.6,1,Mid-size,Software Engineer,74.71,96.6,0
S320,7.69,Civil Engineering,1,0,0,0,0,36.3,6.6,98.6,2,3,0,50.9,1,Startup,Analyst,36.72,50.9,0
S321,6.49,Civil Engineering,3,0,0,1,0,63.5,4.7,44.2,3,5,0,82.7,1,Startup,Data Scientist,41.95,82.7,0
S322,8.69,Electrical and Electronics Engineering,1,0,0,0,0,11.6,9.0,70.1,0,3,1,39.0,0,Not placed,Not placed,,39.0,0
S323,6.44,Mechanical Engineering,1,1,0,0,0,69.1,5.0,58.6,1,6,0,64.1,1,Startup,Data Scientist,38.86,64.1,0
S324,8.97,Electronics and Communication Engineering,1,0,0,1,0,26.1,9.8,84.1,1,3,2,60.8,1,Startup,Software Engineer,42.47,60.8,0
S325,6.91,Computer Science and Engineering,1,1,0,0,0,14.6,9.6,95.1,2,2,2,72.0,1,Startup,Analyst,49.02,72.0,0
S326,8.1,Mechanical Engineering,3,1,1,0,0,42.6,9.8,79.5,1,4,0,81.4,1,Mid-size,Analyst,55.0,81.4,0
S327,9.0,Electrical and Electronics Engineering,1,0,0,1,0,68.4,4.2,81.4,0,2,1,31.2,0,Not placed,Not placed,,31.2,0
S328,6.01,Electrical and Electronics Engineering,3,1,0,0,0,84.9,6.4,54.7,2,4,2,65.8,1,Startup,Analyst,43.55,65.8,0
S329,7.73,Civil Engineering,2,1,1,0,0,16.6,9.5,59.7,1,1,0,58.5,1,MNC,Analyst,76.67,58.5,0
S330,6.57,Mechanical Engineering,3,1,0,1,0,48.7,8.1,55.7,1,5,0,83.5,1,MNC,Web Developer,75.99,83.5,0
S331,8.63,Electrical and Electronics Engineering,1,1,1,1,1,60.1,6.0,72.7,0,6,0,83.5,1,Mid-size,Software Engineer,63.58,83.5,0
S332,6.78,Electrical and Electronics Engineering,3,1,0,1,0,20.4,5.8,84.9,1,3,2,64.6,1,MNC,Analyst,75.67,64.6,0
S333,7.63,Mechanical Engineering,2,1,0,0,0,20.6,4.0,42.4,3,5,0,80.4,1,Startup,Software Engineer,41.48,80.4,0
S334,8.0,Computer Science and Engineering,1,1,1,1,0,34.2,7.9,44.1,2,6,0,100.0,1,MNC,Software Engineer,74.88,107.1,1
S335,7.92,Civil Engineering,2,0,1,0,0,68.0,5.6,89.7,2,5,0,73.2,1,Startup,Software Engineer,40.25,73.2,0
S336,6.61,Information Technology,2,1,1,0,0,95.3,8.3,95.8,1,6,0,88.1,1,Mid-size,Web Developer,70.86,88.1,0
S337,5.29,Electronics and Communication Engineering,1,0,1,1,1,58.3,4.7,47.3,2,6,0,95.8,1,Mid-size,Web Developer,62.2,95.8,0
S338,6.67,Civil Engineering,2,1,0,1,0,8.5,6.6,79.5,1,5,1,71.2,0,Not placed,Not placed,,71.2,0
S339,9.47,Computer Science and Engineering,2,1,0,1,1,86.2,5.9,91.1,0,6,0,80.1,1,MNC,Analyst,95.59,80.1,0
S340,8.07,Electrical and Electronics Engineering,2,0,1,0,0,10.6,9.0,54.4,0,6,1,65.8,1,Startup,Analyst,43.5,65.8,0
S341,7.01,Civil Engineering,1,1,0,1,0,94.4,5.5,46.0,1,4,0,67.3,1,MNC,Data Scientist,73.37,67.3,0
S342,6.83,Electronics and Communication Engineering,2,0,1,1,1,86.5,7.6,82.1,0,3,0,65.7,1,MNC,Web Developer,70.03,65.7,0
S343,7.1,Electronics and Communication Engineering,3,0,0,0,0,6.4,5.9,53.2,1,2,0,33.7,0,Not placed,Not placed,,33.7,0
S344,9.82,Electrical and Electronics Engineering,3,1,1,0,1,93.3,7.5,47.6,1,4,1,79.1,1,MNC,Software Engineer,90.29,79.1,0
S345,6.58,Electrical and Electronics Engineering,1,1,1,0,0,29.8,7.8,49.3,1,4,0,74.6,1,MNC,Analyst,74.13,74.6,0
S346,9.92,Electronics and Communication Engineering,2,0,0,0,1,42.6,7.4,41.3,0,4,0,50.2,0,Not placed,Not placed,,50.2,0
S347,7.53,Computer Science and Engineering,2,1,1,0,0,97.7,5.1,66.7,1,2,0,59.7,1,MNC,Software Engineer,87.0,59.7,0
S348,9.65,Civil Engineering,3,0,1,1,0,38.7,5.7,58.3,3,2,0,75.5,1,MNC,Web Developer,86.15,75.5,0
S349,9.25,Electrical and Electronics Engineering,1,1,1,0,0,59.3,6.9,48.0,0,4,0,56.3,1,MNC,Data Scientist,68.84,56.3,0
S350,7.0,Mechanical Engineering,2,0,1,1,0,59.8,8.0,65.2,2,1,0,66.6,1,MNC,Web Developer,88.64,66.6,0
S351,8.75,Civil Engineering,2,0,1,1,0,36.0,7.2,83.0,1,6,0,86.3,1,MNC,Software Engineer,88.66,86.3,0
S352,5.34,Information Technology,2,1,0,1,0,82.6,7.3,43.3,3,5,0,96.9,1,Mid-size,Data Scientist,65.44,96.9,0
S353,7.57,Electronics and Communication Engineering,2,1,1,0,0,7.5,6.3,89.2,0,2,0,44.4,1,MNC,Web Developer,68.48,44.4,0
S354,7.61,Computer Science and Engineering,1,0,1,0,1,7.9,4.3,41.2,0,4,0,52.2,0,Not placed,Not placed,,52.2,0
S355,8.92,Civil Engineering,3,0,1,1,0,53.6,6.9,63.4,2,1,1,65.6,1,MNC,Data Scientist,90.43,65.6,0
S356,7.74,Civil Engineering,1,1,0,0,0,95.2,8.9,82.5,1,2,0,52.5,1,Startup,Analyst,46.17,52.5,0
S357,6.29,Mechanical Engineering,1,0,0,0,1,94.5,6.0,74.3,3,1,0,67.4,1,Startup,Web Developer,49.04,67.4,0
S358,9.71,Computer Science and Engineering,1,1,0,0,1,74.9,5.3,92.0,3,1,1,66.9,1,MNC,Software Engineer,73.18,66.9,0
S359,5.3,Electrical and Electronics Engineering,1,0,0,0,0,66.8,4.8,91.1,2,1,1,34.7,0,Not placed,Not placed,,34.7,0
S360,5.16,Civil Engineering,1,0,1,1,0,70.5,5.1,85.0,0,3,0,51.8,1,MNC,Web Developer,85.74,51.8,0
S361,9.32,Civil Engineering,2,0,1,1,0,71.8,6.2,45.5,1,1,1,51.0,1,Mid-size,Analyst,55.26,51.0,0
S362,9.48,Electrical and Electronics Engineering,2,1,0,0,0,68.8,5.6,84.2,0,4,1,43.2,1,Startup,Web Developer,40.84,43.2,0
S363,8.56,Information Technology,2,0,1,0,1,52.2,7.8,87.2,1,1,1,59.5,1,Mid-size,Data Scientist,51.74,59.5,0
S364,8.7,Electrical and Electronics Engineering,1,0,1,0,1,46.0,5.3,48.0,3,3,0,80.7,1,MNC,Data Scientist,89.92,80.7,0
S365,8.58,Computer Science and Engineering,2,0,1,1,0,50.9,4.8,92.0,2,3,1,66.8,1,MNC,Web Developer,73.49,66.8,0
S366,8.89,Electronics and Communication Engineering,3,1,1,0,1,31.3,4.4,82.1,0,4,0,60.0,1,MNC,Analyst,69.13,60.0,0
S367,9.08,Computer Science and Engineering,2,1,1,1,0,10.4,7.4,71.9,1,1,1,67.9,1,MNC,Analyst,74.97,67.9,0
S368,9.45,Mechanical Engineering,3,1,1,0,0,23.3,7.0,58.6,0,4,0,58.6,1,MNC,Web Developer,88.2,58.6,0
S369,8.54,Information Technology,2,0,1,1,1,11.4,7.9,90.1,1,4,0,86.8,1,Mid-size,Web Developer,53.78,86.8,0
S370,7.5,Electronics and Communication Engineering,2,0,0,0,1,22.0,4.6,75.1,1,2,0,43.5,0,Not placed,Not placed,,43.5,0
S371,8.25,Mechanical Engineering,3,1,1,0,0,11.2,4.3,55.4,0,5,0,56.8,1,Mid-size,Web Developer,54.19,56.8,0
S372,7.86,Electrical and Electronics Engineering,2,1,1,0,0,46.4,8.7,76.2,1,6,0,88.4,1,Mid-size,Data Scientist,70.77,88.4,0
S373,9.11,Civil Engineering,1,1,1,0,1,98.2,9.5,66.3,0,3,0,69.1,1,MNC,Web Developer,94.1,69.1,0
S374,8.92,Information Technology,2,1,0,0,1,33.8,9.5,98.9,1,2,0,70.1,1,MNC,Software Engineer,72.98,70.1,0
S375,8.28,Electronics and Communication Engineering,3,0,1,1,1,44.9,6.8,44.6,1,6,0,91.1,1,Mid-size,Web Developer,59.08,91.1,0
S376,8.36,Civil Engineering,2,0,0,0,0,72.1,7.1,76.3,1,5,0,52.2,1,Startup,Web Developer,43.84,52.2,0
S377,5.94,Civil Engineering,3,0,0,0,1,1.7,4.3,74.4,2,1,0,45.7,1,Startup,Data Scientist,45.29,45.7,0
S378,6.3,Electrical and Electronics Engineering,1,1,1,0,1,68.9,5.7,81.6,0,1,1,56.7,1,MNC,Data Scientist,69.19,56.7,0
S379,7.89,Mechanical Engineering,3,1,1,1,1,5.6,8.5,91.1,0,1,0,69.8,1,Mid-size,Analyst,55.56,69.8,0
S380,8.87,Computer Science and Engineering,2,0,1,0,0,1.5,9.5,98.6,0,3,0,50.8,0,Not placed,Not placed,,50.8,0
S381,8.42,Computer Science and Engineering,3,1,1,0,0,40.5,9.9,57.5,0,2,0,63.0,1,MNC,Web Developer,86.32,63.0,0
S382,9.74,Computer Science and Engineering,3,0,1,0,0,68.4,5.1,71.3,1,3,0,46.2,1,Startup,Data Scientist,39.89,46.2,0
S383,8.98,Electrical and Electronics Engineering,3,0,0,0,0,9.8,5.0,95.4,2,2,0,43.7,0,Not placed,Not placed,,43.7,0
S384,6.09,Information Technology,1,0,0,0,0,43.1,7.1,48.4,1,1,0,38.2,1,Startup,Web Developer,48.85,38.2,0
S385,8.43,Electronics and Communication Engineering,2,0,1,0,1,91.0,6.3,77.8,1,4,0,71.5,1,Mid-size,Web Developer,57.24,71.5,0
S386,8.69,Civil Engineering,1,0,0,0,1,63.3,8.3,55.4,2,5,0,77.9,1,Startup,Analyst,44.0,77.9,0
S387,9.68,Civil Engineering,3,1,1,0,0,58.0,9.5,50.6,0,1,0,51.2,1,Mid-size,Web Developer,71.09,51.2,0
S388,8.98,Electronics and Communication Engineering,3,0,1,1,0,29.9,4.6,56.3,2,1,0,54.7,1,MNC,Web Developer,79.14,54.7,0
S389,9.53,Mechanical Engineering,1,0,0,0,0,65.8,8.4,87.2,0,5,1,49.7,1,Startup,Software Engineer,45.26,49.7,0
S390,6.81,Information Technology,3,1,0,0,0,99.6,6.8,89.0,1,3,0,59.3,1,Startup,Analyst,47.74,59.3,0
S391,9.55,Information Technology,3,0,1,0,1,27.7,6.7,60.7,0,6,0,66.7,1,Mid-size,Software Engineer,66.54,66.7,0
S392,8.81,Electrical and Electronics Engineering,1,0,0,0,0,45.5,7.1,40.4,1,1,0,40.1,0,Not placed,Not placed,,40.1,0
S393,9.91,Civil Engineering,3,1,0,0,0,6.9,7.5,75.9,2,4,0,72.0,1,Startup,Software Engineer,42.06,72.0,0
S394,6.79,Electrical and Electronics Engineering,1,1,1,0,0,91.7,8.8,67.1,2,3,1,82.6,1,MNC,Analyst,78.32,82.6,0
S395,7.32,Computer Science and Engineering,1,1,1,0,1,45.7,4.9,95.8,1,2,1,61.9,1,MNC,Analyst,90.52,61.9,0
S396,7.09,Computer Science and Engineering,2,1,0,1,1,28.5,7.5,46.6,3,4,2,100.0,1,MNC,Analyst,93.89,107.1,1
S397,7.06,Electronics and Communication Engineering,2,0,1,0,0,22.1,7.2,99.8,2,5,0,74.4,1,Startup,Data Scientist,38.64,74.4,0
S398,9.4,Information Technology,3,1,0,0,0,68.0,9.0,48.8,0,6,1,62.3,0,Not placed,Not placed,,62.3,0
S399,8.17,Electrical and Electronics Engineering,3,1,1,0,0,84.4,4.8,71.2,0,4,1,58.5,0,Not placed,Not placed,,58.5,0
S400,9.68,Civil Engineering,1,1,1,0,1,85.0,5.7,97.1,0,1,0,56.7,1,Top Tech,Data Scientist,118.4,56.7,0
S401,7.51,Information Technology,1,0,1,0,0,59.9,6.1,97.2,3,4,0,74.0,1,Startup,Web Developer,48.27,74.0,0
S402,7.43,Mechanical Engineering,3,0,1,0,1,61.3,4.9,97.7,1,5,0,67.4,1,MNC,Data Scientist,83.18,67.4,0
S403,6.03,Electrical and Electronics Engineering,3,1,1,0,1,81.5,5.6,57.8,0,1,0,47.7,1,Mid-size,Data Scientist,52.97,47.7,0
S404,5.51,Information Technology,2,1,0,1,0,63.9,5.4,82.8,2,1,0,60.4,1,MNC,Analyst,74.89,60.4,0
S405,7.27,Electrical and Electronics Engineering,2,1,1,0,0,47.5,6.2,61.5,1,6,1,78.5,1,MNC,Software Engineer,88.54,78.5,0
S406,7.02,Electrical and Electronics Engineering,2,0,1,0,0,79.4,6.9,60.0,0,2,1,36.8,1,Startup,Data Scientist,39.35,36.8,0
S407,6.05,Computer Science and Engineering,2,1,1,0,0,29.8,8.0,59.7,0,1,0,46.8,1,MNC,Analyst,75.48,46.8,0
S408,7.45,Mechanical Engineering,2,0,1,1,1,58.3,6.8,89.1,1,6,1,89.7,1,MNC,Web Developer,75.4,89.7,0
S409,6.17,Civil Engineering,2,0,0,0,1,32.2,4.2,47.6,3,1,0,62.5,1,Startup,Web Developer,43.91,62.5,0
S410,5.57,Electronics and Communication Engineering,1,0,1,1,1,51.0,5.8,49.1,0,5,0,76.2,1,MNC,Web Developer,80.51,76.2,0
S411,8.5,Electrical and Electronics Engineering,1,0,1,0,0,98.1,8.4,47.1,2,6,0,85.1,1,Startup,Data Scientist,55.4,85.1,0
S412,7.7,Electrical and Electronics Engineering,3,0,0,0,0,74.3,8.3,48.2,2,4,2,60.1,1,Startup,Analyst,48.66,60.1,0
S413,7.25,Mechanical Engineering,2,0,1,0,0,46.0,5.7,62.2,0,6,0,57.7,1,Startup,Analyst,37.72,57.7,0
S414,7.97,Computer Science and Engineering,3,0,0,1,0,80.3,8.7,57.8,0,2,0,42.1,0,Not placed,Not placed,,42.1,0
S415,10.0,Electrical and Electronics Engineering,2,0,1,0,1,9.4,9.7,76.7,0,5,2,75.6,0,Not placed,Not placed,,75.6,0
S416,9.74,Computer Science and Engineering,3,0,0,0,0,49.7,4.7,64.1,1,5,0,46.8,1,Startup,Software Engineer,41.3,46.8,0
S417,8.9,Mechanical Engineering,3,1,0,1,0,4.7,5.1,97.4,0,4,0,56.1,1,MNC,Web Developer,63.61,56.1,0
S418,9.22,Electronics and Communication Engineering,1,1,1,1,1,92.0,4.6,72.6,2,3,0,85.5,1,MNC,Analyst,74.51,85.5,0
S419,5.87,Information Technology,3,0,0,0,0,62.0,8.0,90.2,0,2,0,34.2,0,Not placed,Not placed,,34.2,0
S420,7.31,Information Technology,3,1,0,1,0,90.0,9.6,80.3,1,5,0,84.7,1,MNC,Analyst,80.89,84.7,0
S421,5.97,Civil Engineering,3,1,1,1,1,20.8,7.4,92.1,1,1,0,75.2,1,Mid-size,Data Scientist,68.84,75.2,0
S422,8.49,Civil Engineering,1,0,1,1,0,1.8,8.2,41.3,1,6,0,84.0,1,MNC,Software Engineer,79.08,84.0,0
S423,6.81,Electronics and Communication Engineering,2,1,1,0,0,93.3,8.3,74.6,1,2,0,67.0,1,MNC,Software Engineer,79.14,67.0,0
S424,8.34,Mechanical Engineering,2,0,1,1,0,97.9,6.3,56.0,1,6,1,75.6,1,MNC,Data Scientist,75.12,75.6,0
S425,8.23,Computer Science and Engineering,2,1,1,0,0,27.4,9.9,75.8,2,3,0,79.8,1,Mid-size,Analyst,60.98,79.8,0
S426,9.78,Civil Engineering,2,1,0,0,1,90.6,7.2,77.8,0,4,0,58.2,1,Mid-size,Data Scientist,65.63,58.2,0
S427,9.68,Information Technology,1,1,0,0,1,82.8,9.8,93.4,1,4,0,80.9,1,Mid-size,Analyst,67.54,80.9,0
S428,6.33,Mechanical Engineering,3,1,0,0,1,63.4,4.8,66.6,1,3,0,58.8,1,Mid-size,Analyst,66.13,58.8,0
S429,9.37,Information Technology,2,0,1,0,0,51.2,9.6,42.9,1,4,0,65.1,1,Startup,Web Developer,52.84,65.1,0
S430,8.68,Electronics and Communication Engineering,3,1,0,1,0,33.6,7.5,46.2,2,1,0,68.4,1,Mid-size,Analyst,70.68,68.4,0
S431,8.87,Computer Science and Engineering,2,1,1,0,0,53.0,5.6,41.3,2,3,0,68.2,1,Mid-size,Software Engineer,59.47,68.2,0
S432,8.02,Information Technology,1,0,0,0,0,60.1,4.4,83.3,0,4,0,30.9,1,Startup,Web Developer,44.29,30.9,0
S433,9.06,Mechanical Engineering,2,0,1,0,1,76.6,7.9,89.4,1,3,0,70.2,1,Mid-size,Software Engineer,65.46,70.2,0
S434,8.64,Electrical and Electronics Engineering,1,1,0,0,1,11.2,5.6,69.5,2,1,0,57.5,1,MNC,Analyst,73.57,57.5,0
S435,9.46,Mechanical Engineering,1,1,0,0,1,60.8,9.9,90.5,0,3,1,67.4,1,Mid-size,Web Developer,64.24,67.4,0
S436,8.91,Electronics and Communication Engineering,3,1,1,0,0,84.5,8.4,98.8,0,4,0,68.1,1,MNC,Analyst,92.0,68.1,0
S437,9.18,Mechanical Engineering,2,1,1,0,1,92.6,4.1,44.5,0,6,0,67.9,1,Mid-size,Analyst,74.27,67.9,0
S438,6.68,Computer Science and Engineering,3,1,1,0,1,24.1,8.5,85.0,0,5,0,75.6,1,Mid-size,Data Scientist,54.39,75.6,0
S439,8.77,Electrical and Electronics Engineering,1,1,0,0,0,57.7,4.9,61.4,1,5,0,58.1,1,Startup,Analyst,45.0,58.1,0
S440,5.85,Mechanical Engineering,1,1,1,1,0,37.6,9.6,70.2,1,2,1,74.7,1,MNC,Software Engineer,76.72,74.7,0
S441,5.96,Civil Engineering,2,1,1,0,0,85.4,8.5,56.3,0,4,1,69.5,1,MNC,Analyst,89.02,69.5,0
S442,7.6,Civil Engineering,2,1,0,1,1,78.2,5.2,45.2,1,5,0,76.6,1,MNC,Software Engineer,78.21,76.6,0
S443,8.63,Information Technology,1,0,0,0,0,81.8,5.0,88.5,1,2,1,34.4,1,Startup,Software Engineer,46.42,34.4,0
S444,9.74,Electronics and Communication Engineering,2,0,1,0,0,40.7,8.1,53.6,1,6,1,72.0,1,Startup,Software Engineer,52.98,72.0,0
S445,8.43,Computer Science and Engineering,1,1,0,1,0,17.8,5.4,65.1,0,6,0,68.5,1,MNC,Data Scientist,80.61,68.5,0
S446,8.98,Electrical and Electronics Engineering,2,0,0,1,0,79.3,5.7,78.8,2,3,0,58.4,1,Startup,Analyst,47.47,58.4,0
S447,7.78,Civil Engineering,3,1,1,0,1,30.9,8.2,41.0,1,4,0,81.7,1,Mid-size,Web Developer,59.01,81.7,0
S448,6.42,Mechanical Engineering,3,1,1,0,1,38.2,5.8,41.5,0,3,0,62.0,1,Mid-size,Data Scientist,60.31,62.0,0
S449,9.52,Electrical and Electronics Engineering,3,0,0,1,1,85.7,6.5,45.4,1,5,0,78.4,1,Mid-size,Software Engineer,52.95,78.4,0
S450,8.93,Electrical and Electronics Engineering,3,0,1,1,0,0.4,4.1,65.0,0,5,0,61.7,0,Not placed,Not placed,,61.7,0
S451,6.19,Electrical and Electronics Engineering,2,1,0,0,0,86.2,6.9,99.7,1,4,1,65.7,1,Startup,Software Engineer,40.63,65.7,0
S452,7.94,Civil Engineering,2,0,1,0,0,91.5,6.8,43.8,1,4,0,58.3,1,Startup,Data Scientist,54.05,58.3,0
S453,6.16,Electrical and Electronics Engineering,2,1,0,0,1,63.6,5.0,65.8,0,2,0,43.1,1,MNC,Data Scientist,72.24,43.1,0
S454,7.99,Electronics and Communication Engineering,1,0,0,1,1,86.2,7.4,64.6,0,4,0,60.4,1,MNC,Analyst,90.78,60.4,0
S455,5.49,Mechanical Engineering,3,1,0,0,0,46.4,6.6,88.0,2,2,1,60.4,0,Not placed,Not placed,,60.4,0
S456,5.5,Electronics and Communication Engineering,1,0,1,1,0,5.5,7.2,96.1,1,6,0,81.8,1,Mid-size,Web Developer,52.31,81.8,0
S457,5.99,Electronics and Communication Engineering,1,0,1,0,1,8.9,7.1,95.1,3,2,0,77.4,1,MNC,Software Engineer,80.45,77.4,0
S458,8.6,Electrical and Electronics Engineering,1,1,1,0,1,31.0,7.0,64.1,2,1,0,77.0,1,MNC,Data Scientist,90.54,77.0,0
S459,8.15,Civil Engineering,3,1,0,1,1,23.4,5.2,82.9,0,2,0,60.2,1,MNC,Software Engineer,77.89,60.2,0
S460,9.28,Computer Science and Engineering,2,1,0,0,1,26.6,8.6,52.4,0,3,1,55.8,1,MNC,Data Scientist,85.19,55.8,0
S461,8.3,Information Technology,3,1,1,1,1,48.3,4.7,46.9,2,2,0,81.4,1,MNC,Data Scientist,86.17,81.4,0
S462,5.26,Computer Science and Engineering,3,0,1,1,0,41.6,9.9,52.0,0,6,0,78.5,1,Mid-size,Data Scientist,59.0,78.5,0
S463,5.24,Mechanical Engineering,1,0,1,0,0,40.3,7.9,81.9,1,6,0,73.8,1,Startup,Data Scientist,37.63,73.8,0
S464,5.25,Electronics and Communication Engineering,1,1,0,1,0,59.3,7.2,40.3,0,1,1,43.0,0,Not placed,Not placed,,43.0,0
S465,9.41,Mechanical Engineering,1,0,1,0,0,0.7,8.9,61.6,1,5,0,70.5,1,Startup,Analyst,44.12,70.5,0
S466,9.67,Information Technology,1,1,0,0,1,85.0,6.5,46.7,0,6,0,73.0,1,MNC,Analyst,76.89,73.0,0
S467,5.66,Information Technology,1,1,1,1,0,32.6,6.8,92.6,0,6,0,84.9,1,MNC,Software Engineer,68.0,84.9,0
S468,7.9,Information Technology,1,1,1,0,1,3.9,5.1,89.9,2,1,0,68.8,1,MNC,Analyst,81.15,68.8,0
S469,5.08,Information Technology,3,0,1,1,0,3.6,9.4,44.4,2,1,0,76.4,1,Mid-size,Analyst,61.02,76.4,0
S470,5.2,Computer Science and Engineering,1,1,0,0,1,28.4,7.5,75.2,1,4,2,77.5,1,Mid-size,Analyst,53.47,77.5,0
S471,7.53,Computer Science and Engineering,1,0,1,0,1,78.5,8.8,48.1,1,5,0,85.7,1,MNC,Web Developer,73.17,85.7,0
S472,6.23,Mechanical Engineering,1,1,1,1,0,67.7,8.7,47.9,1,3,0,78.5,1,MNC,Software Engineer,66.19,78.5,0
S473,9.86,Electrical and Electronics Engineering,2,0,1,0,1,87.4,7.4,40.5,0,4,0,62.0,1,MNC,Analyst,85.89,62.0,0
S474,6.55,Mechanical Engineering,3,0,0,1,1,12.7,6.1,75.5,2,2,0,66.1,1,MNC,Software Engineer,90.58,66.1,0
S475,5.96,Electrical and Electronics Engineering,3,0,1,0,0,96.9,8.3,52.7,0,3,0,50.1,1,Startup,Data Scientist,46.56,50.1,0
S476,8.46,Mechanical Engineering,1,1,1,0,0,87.9,6.5,68.9,0,1,0,41.2,1,Mid-size,Analyst,62.15,41.2,0
S477,8.82,Electrical and Electronics Engineering,3,0,1,0,1,73.6,8.6,79.4,1,4,0,77.0,1,Mid-size,Software Engineer,61.46,77.0,0
S478,6.53,Computer Science and Engineering,2,1,0,0,1,58.4,7.1,59.1,2,1,0,68.6,1,Mid-size,Web Developer,67.3,68.6,0
S479,5.26,Electrical and Electronics Engineering,3,1,1,0,0,48.3,9.3,62.7,2,3,0,87.5,1,MNC,Software Engineer,76.5,87.5,0
S480,9.91,Electrical and Electronics Engineering,3,0,0,0,0,47.1,5.1,48.7,0,3,0,32.9,0,Not placed,Not placed,,32.9,0
S481,9.05,Electrical and Electronics Engineering,1,1,0,0,0,26.5,8.4,78.2,2,6,0,89.5,1,Startup,Software Engineer,42.71,89.5,0
S482,6.92,Electronics and Communication Engineering,3,1,1,0,0,50.9,4.9,76.7,1,1,0,44.8,1,Mid-size,Data Scientist,57.11,44.8,0
S483,9.84,Computer Science and Engineering,1,0,1,0,0,34.3,7.4,44.4,2,2,0,60.6,1,Startup,Analyst,49.36,60.6,0
S484,8.31,Mechanical Engineering,3,1,1,1,0,53.2,5.7,42.8,1,2,0,65.3,1,Mid-size,Analyst,72.67,65.3,0
S485,6.97,Electrical and Electronics Engineering,3,0,1,1,1,78.6,6.0,89.0,1,6,1,83.8,1,MNC,Analyst,80.79,83.8,0
S486,6.6,Electrical and Electronics Engineering,3,1,1,0,0,87.5,5.8,45.7,2,1,0,57.9,1,Mid-size,Web Developer,55.54,57.9,0
S487,7.72,Computer Science and Engineering,3,0,1,1,1,7.8,4.6,69.6,0,2,1,55.3,0,Not placed,Not placed,,55.3,0
S488,9.83,Computer Science and Engineering,3,1,1,0,0,67.0,4.4,55.4,2,2,1,58.5,1,MNC,Data Scientist,75.15,58.5,0
S489,5.33,Electrical and Electronics Engineering,2,1,0,0,0,94.9,5.5,71.9,1,5,0,64.6,1,Startup,Data Scientist,45.68,64.6,0
S490,5.49,Electrical and Electronics Engineering,2,1,1,0,0,8.1,10.0,87.0,3,4,0,100.0,1,MNC,Web Developer,85.04,100.3,1
S491,7.56,Electrical and Electronics Engineering,2,0,1,0,1,94.1,6.0,42.5,1,5,0,75.6,1,Mid-size,Software Engineer,57.48,75.6,0
S492,8.52,Electronics and Communication Engineering,2,1,1,1,0,37.3,7.0,74.7,0,3,0,67.3,1,Mid-size,Analyst,49.91,67.3,0
S493,7.64,Civil Engineering,2,1,1,0,0,17.5,9.9,73.7,1,3,0,78.6,1,MNC,Analyst,81.72,78.6,0
S494,5.92,Information Technology,3,1,1,1,1,12.9,4.1,81.4,0,1,0,58.0,1,MNC,Web Developer,68.05,58.0,0
S495,9.85,Computer Science and Engineering,1,0,1,0,0,25.4,9.0,69.1,1,4,0,63.9,1,Startup,Software Engineer,46.48,63.9,0
S496,5.94,Computer Science and Engineering,2,1,0,0,0,73.4,4.3,93.3,2,1,0,44.8,1,Startup,Software Engineer,40.31,44.8,0
S497,6.05,Civil Engineering,3,0,0,0,1,7.5,4.8,78.7,0,3,1,42.0,0,Not placed,Not placed,,42.0,0
S498,9.17,Electronics and Communication Engineering,1,0,1,0,1,49.7,4.6,57.4,3,4,0,81.4,1,MNC,Software Engineer,92.6,81.4,0
S499,6.87,Mechanical Engineering,3,1,1,0,1,33.4,8.9,42.3,2,1,0,83.7,1,MNC,Analyst,80.53,83.7,0
S500,5.48,Civil Engineering,1,0,1,0,1,25.0,9.3,88.8,3,5,1,99.0,1,MNC,Web Developer,84.36,99.0,0
S501,5.39,Electronics and Communication Engineering,3,0,1,0,1,54.3,9.0,47.5,0,2,0,58.8,0,Not placed,Not placed,,58.8,0
S502,9.42,Electrical and Electronics Engineering,3,1,0,0,0,96.2,8.6,69.3,0,2,0,48.7,1,Startup,Software Engineer,44.93,48.7,0
S503,7.8,Electronics and Communication Engineering,3,1,0,0,0,54.8,7.8,55.6,0,3,1,44.9,0,Not placed,Not placed,,44.9,0
S504,7.46,Electronics and Communication Engineering,2,0,0,1,1,29.2,9.2,86.3,1,1,0,58.1,1,MNC,Software Engineer,86.91,58.1,0
S505,9.73,Mechanical Engineering,3,1,1,0,1,45.0,5.1,70.5,1,2,1,60.6,1,MNC,Data Scientist,74.29,60.6,0
S506,6.71,Information Technology,3,1,0,1,0,95.1,7.7,82.4,0,6,0,77.4,1,Mid-size,Web Developer,66.63,77.4,0
S507,8.6,Information Technology,1,1,1,0,0,22.2,8.9,76.5,1,1,1,63.9,1,MNC,Analyst,89.2,63.9,0
S508,5.06,Mechanical Engineering,2,1,0,0,0,58.0,9.4,59.2,1,6,1,79.2,1,Startup,Software Engineer,51.5,79.2,0
S509,7.36,Electronics and Communication Engineering,3,0,1,0,1,96.2,5.1,80.6,0,3,0,50.4,1,Mid-size,Data Scientist,60.93,50.4,0
S510,8.75,Electrical and Electronics Engineering,3,1,1,0,1,66.7,4.3,59.6,1,3,0,67.4,1,MNC,Software Engineer,72.91,67.4,0
S511,8.45,Mechanical Engineering,3,1,0,0,0,7.2,4.9,44.4,2,3,1,56.6,0,Not placed,Not placed,,56.6,0
S512,8.61,Civil Engineering,2,0,1,1,1,29.9,5.9,80.3,0,5,0,76.4,1,Mid-size,Software Engineer,63.42,76.4,0
S513,7.64,Information Technology,2,1,1,1,1,7.4,4.3,96.3,1,3,0,80.3,1,MNC,Analyst,70.4,80.3,0
S514,8.59,Electronics and Communication Engineering,2,1,1,0,1,58.2,4.8,67.7,2,4,0,86.5,1,MNC,Software Engineer,85.38,86.5,0
S515,8.98,Information Technology,1,0,0,0,0,9.2,6.0,66.2,0,2,0,32.5,0,Not placed,Not placed,,32.5,0
S516,9.61,Mechanical Engineering,3,1,1,0,1,0.5,8.5,94.2,0,3,1,70.1,1,MNC,Web Developer,88.9,70.1,0
S517,6.71,Computer Science and Engineering,1,1,1,0,1,58.0,5.0,80.5,0,3,0,61.0,1,Mid-size,Software Engineer,55.95,61.0,0
S518,5.79,Computer Science and Engineering,3,1,0,0,0,74.8,5.6,92.9,2,4,0,62.6,1,Startup,Data Scientist,52.69,62.6,0
S519,9.91,Electrical and Electronics Engineering,2,1,1,1,1,33.9,6.8,91.5,0,5,0,80.7,1,Mid-size,Web Developer,72.65,80.7,0
S520,7.28,Electronics and Communication Engineering,1,0,1,0,1,48.9,6.1,95.5,0,1,0,40.9,1,Mid-size,Analyst,65.16,40.9,0
S521,5.73,Electronics and Communication Engineering,3,1,1,0,0,80.1,6.7,80.2,0,5,0,67.3,1,MNC,Analyst,63.5,67.3,0
S522,5.28,Mechanical Engineering,3,0,0,0,0,25.3,9.6,94.4,1,2,0,47.9,0,Not placed,Not placed,,47.9,0
S523,7.26,Computer Science and Engineering,1,1,1,0,0,9.5,5.2,64.8,0,6,0,67.2,1,Mid-size,Data Scientist,62.0,67.2,0
S524,7.06,Information Technology,3,0,1,0,1,84.2,5.4,92.0,0,5,0,59.2,1,Mid-size,Software Engineer,55.21,59.2,0
S525,7.11,Civil Engineering,1,1,0,0,0,5.5,5.2,40.6,1,6,0,62.4,1,Startup,Analyst,45.62,62.4,0
S526,8.0,Electrical and Electronics Engineering,3,1,1,0,1,87.1,4.1,66.1,0,1,0,42.8,1,MNC,Web Developer,87.21,42.8,0
S527,9.11,Electrical and Electronics Engineering,3,0,0,0,0,15.0,7.0,88.1,1,6,0,65.0,1,Startup,Web Developer,40.57,65.0,0
S528,7.04,Electrical and Electronics Engineering,2,0,1,1,0,4.5,5.9,57.5,2,4,0,81.5,1,MNC,Data Scientist,62.23,81.5,0
S529,6.22,Mechanical Engineering,1,1,0,0,0,64.8,8.3,50.7,0,3,0,51.2,1,Startup,Analyst,43.02,51.2,0
S530,5.47,Electrical and Electronics Engineering,1,1,0,1,0,44.5,4.7,61.1,3,2,0,71.2,1,Mid-size,Analyst,73.64,71.2,0
S531,8.95,Civil Engineering,3,1,0,0,0,69.3,8.7,89.6,3,4,3,83.5,1,Startup,Web Developer,48.84,83.5,0
S532,9.91,Mechanical Engineering,3,1,0,0,1,60.4,9.6,54.0,0,5,0,77.9,1,MNC,Analyst,93.78,77.9,0
S533,8.66,Computer Science and Engineering,1,1,0,0,1,22.0,6.6,86.9,2,3,0,76.4,1,Mid-size,Web Developer,71.02,76.4,0
S534,7.8,Mechanical Engineering,1,1,1,0,0,70.5,8.4,58.2,0,1,2,50.9,1,Mid-size,Software Engineer,55.98,50.9,0
S535,5.2,Information Technology,2,1,0,0,0,67.7,8.6,68.4,1,2,1,52.9,0,Not placed,Not placed,,52.9,0
S536,6.68,Information Technology,1,1,1,1,0,1.1,8.7,89.3,0,4,0,73.6,1,Mid-size,Analyst,48.29,73.6,0
S537,9.28,Electronics and Communication Engineering,2,0,1,1,0,4.1,8.2,67.1,0,3,0,61.7,1,MNC,Software Engineer,81.93,61.7,0
S538,8.26,Computer Science and Engineering,2,1,0,0,1,32.8,9.2,47.4,1,3,2,69.1,0,Not placed,Not placed,,69.1,0
S539,6.19,Civil Engineering,2,1,0,0,0,71.5,4.4,59.9,0,2,0,34.1,0,Not placed,Not placed,,34.1,0
S540,7.43,Information Technology,1,0,0,0,0,68.3,8.0,97.0,2,2,0,51.4,1,Startup,Web Developer,41.93,51.4,0
S541,5.67,Mechanical Engineering,3,0,1,0,1,11.3,5.5,88.4,2,1,0,64.5,1,MNC,Data Scientist,75.25,64.5,0
S542,8.85,Mechanical Engineering,3,1,0,1,1,40.8,5.7,83.9,0,6,0,75.0,1,MNC,Analyst,81.65,75.0,0
S543,5.0,Computer Science and Engineering,2,0,1,1,0,77.8,7.7,98.3,1,6,0,82.1,1,MNC,Software Engineer,71.82,82.1,0
S544,8.52,Electrical and Electronics Engineering,1,1,0,1,0,30.4,9.5,59.3,0,3,0,60.5,1,MNC,Web Developer,82.26,60.5,0
S545,9.35,Computer Science and Engineering,2,0,1,0,0,49.1,8.3,96.3,0,6,0,66.8,1,Startup,Web Developer,42.62,66.8,0
S546,9.01,Mechanical Engineering,2,1,0,0,0,23.6,8.4,42.4,0,1,0,37.4,0,Not placed,Not placed,,37.4,0
S547,9.95,Civil Engineering,3,1,0,0,0,2.0,4.8,81.7,0,2,0,32.6,0,Not placed,Not placed,,32.6,0
S548,6.45,Electrical and Electronics Engineering,2,1,0,0,0,93.7,6.3,79.8,0,1,0,32.0,0,Not placed,Not placed,,32.0,0
S549,5.87,Computer Science and Engineering,2,1,0,0,0,50.7,7.4,58.8,0,2,2,45.2,0,Not placed,Not placed,,45.2,0
S550,6.25,Computer Science and Engineering,2,0,0,0,1,76.1,6.5,40.3,0,1,0,30.6,0,Not placed,Not placed,,30.6,0
S551,6.27,Information Technology,3,1,0,0,0,32.8,8.0,83.8,1,5,0,70.7,0,Not placed,Not placed,,70.7,0
S552,6.95,Electrical and Electronics Engineering,3,1,1,1,0,24.7,10.0,46.2,0,1,0,62.1,1,MNC,Analyst,85.7,62.1,0
S553,6.6,Computer Science and Engineering,2,1,1,0,1,6.3,8.9,69.7,0,5,0,84.1,1,MNC,Software Engineer,71.41,84.1,0
S554,6.68,Information Technology,2,1,1,0,0,84.7,6.6,41.1,0,5,2,66.7,0,Not placed,Not placed,,66.7,0
S555,5.95,Mechanical Engineering,2,1,1,0,1,2.8,9.0,87.3,0,6,0,82.4,1,MNC,Software Engineer,70.98,82.4,0
S556,7.54,Electrical and Electronics Engineering,2,1,0,0,1,39.6,5.8,92.0,2,4,0,73.5,1,MNC,Analyst,80.99,73.5,0
S557,6.05,Information Technology,2,1,1,0,1,11.1,5.1,65.7,0,2,1,54.9,1,MNC,Data Scientist,72.61,54.9,0
S558,9.11,Computer Science and Engineering,3,1,0,0,1,75.3,8.9,42.0,1,4,0,81.3,1,MNC,Software Engineer,91.65,81.3,0
S559,6.74,Mechanical Engineering,3,1,1,0,1,84.3,6.2,40.6,1,4,1,78.1,1,Mid-size,Data Scientist,52.41,78.1,0
S560,7.19,Electronics and Communication Engineering,2,1,1,0,0,17.1,5.4,74.5,1,2,0,57.1,0,Not placed,Not placed,,57.1,0
S561,9.15,Civil Engineering,3,1,1,1,0,47.0,9.7,86.0,3,3,1,100.0,1,MNC,Data Scientist,86.97,107.0,1
S562,9.78,Information Technology,1,1,1,0,0,45.4,5.3,40.2,0,4,0,55.4,1,MNC,Data Scientist,73.51,55.4,0
S563,5.24,Electronics and Communication Engineering,1,1,1,1,0,57.2,5.5,53.7,0,3,1,59.2,1,MNC,Data Scientist,82.9,59.2,0
S564,8.56,Mechanical Engineering,1,0,0,0,0,19.2,6.0,83.7,1,6,1,53.5,1,Startup,Software Engineer,38.86,53.5,0
S565,6.31,Information Technology,3,1,0,0,0,89.6,7.8,83.8,3,1,0,71.8,1,Startup,Web Developer,52.21,71.8,0
S566,8.79,Electrical and Electronics Engineering,3,1,1,1,0,30.9,7.7,97.8,0,4,0,72.5,1,Mid-size,Web Developer,63.55,72.5,0
S567,8.25,Civil Engineering,3,1,1,0,0,92.8,9.6,83.2,2,5,0,98.1,1,Mid-size,Analyst,78.1,98.1,0
S568,9.34,Civil Engineering,2,0,0,0,0,2.2,9.2,73.2,1,2,0,49.5,1,Startup,Data Scientist,36.75,49.5,0
S569,9.84,Electrical and Electronics Engineering,1,1,1,0,1,4.8,4.9,64.8,1,3,0,73.2,1,MNC,Web Developer,68.75,73.2,0
S570,7.69,Electrical and Electronics Engineering,3,0,0,1,1,63.5,9.5,41.1,1,1,0,60.0,1,MNC,Analyst,93.7,60.0,0
S571,8.31,Electronics and Communication Engineering,3,1,0,1,0,33.5,8.9,88.2,2,5,0,95.8,1,Mid-size,Software Engineer,60.45,95.8,0
S572,8.4,Electronics and Communication Engineering,3,0,1,1,1,17.1,9.4,79.4,2,3,0,89.0,1,MNC,Software Engineer,76.44,89.0,0
S573,7.22,Electronics and Communication Engineering,2,0,0,0,1,26.8,6.0,79.6,0,4,0,50.7,1,Startup,Web Developer,37.55,50.7,0
S574,7.35,Computer Science and Engineering,1,1,1,0,1,84.7,4.1,64.2,3,3,0,91.6,1,Top Tech,Analyst,99.88,91.6,0
S575,7.49,Electronics and Communication Engineering,1,1,1,1,0,63.1,4.5,69.3,0,1,0,52.6,1,MNC,Software Engineer,72.88,52.6,0
S576,9.79,Mechanical Engineering,3,0,0,0,1,18.0,7.0,90.9,0,2,1,39.5,0,Not placed,Not placed,,39.5,0
S577,7.15,Mechanical Engineering,2,1,0,1,0,97.8,8.9,73.3,3,3,0,92.7,1,MNC,Web Developer,78.29,92.7,0
S578,7.68,Mechanical Engineering,3,1,0,0,1,21.4,5.2,64.8,0,6,0,65.0,1,Mid-size,Software Engineer,56.33,65.0,0
S579,7.43,Electrical and Electronics Engineering,3,1,0,1,1,96.1,4.1,50.3,1,2,1,66.8,1,MNC,Data Scientist,71.84,66.8,0
S580,6.63,Electronics and Communication Engineering,3,0,1,0,0,0.9,8.8,50.6,1,6,0,75.6,1,Startup,Web Developer,40.75,75.6,0
S581,7.62,Mechanical Engineering,1,0,1,0,0,0.6,6.3,43.8,3,4,0,83.2,1,Startup,Software Engineer,41.12,83.2,0
S582,6.31,Electrical and Electronics Engineering,1,1,1,0,0,72.4,8.8,57.4,1,5,1,84.9,1,MNC,Analyst,76.19,84.9,0
S583,9.12,Civil Engineering,1,1,1,1,1,83.2,7.7,79.9,0,2,0,69.9,1,Top Tech,Data Scientist,103.02,69.9,0
S584,9.91,Computer Science and Engineering,1,1,0,0,0,59.9,6.5,65.9,0,3,0,45.7,1,Startup,Web Developer,46.37,45.7,0
S585,8.54,Electrical and Electronics Engineering,3,1,0,1,1,36.1,5.3,63.1,2,6,0,91.1,1,MNC,Data Scientist,90.85,91.1,0
S586,9.02,Electronics and Communication Engineering,2,1,0,0,0,25.5,5.6,73.4,1,6,0,71.5,1,Startup,Analyst,46.41,71.5,0
S587,5.72,Electrical and Electronics Engineering,2,1,0,0,0,47.2,7.0,83.9,0,2,1,36.6,0,Not placed,Not placed,,36.6,0
S588,8.58,Electronics and Communication Engineering,3,1,0,0,0,12.7,6.9,85.8,0,4,0,51.2,1,Startup,Software Engineer,37.5,51.2,0
S589,7.61,Civil Engineering,3,0,1,0,0,3.7,7.7,57.7,0,4,0,52.7,0,Not placed,Not placed,,52.7,0
S590,8.14,Electronics and Communication Engineering,1,0,1,1,0,41.7,6.3,72.1,2,5,0,83.0,1,MNC,Analyst,89.6,83.0,0
S591,7.52,Computer Science and Engineering,3,1,1,0,0,85.4,5.5,92.6,0,2,0,46.6,1,Mid-size,Web Developer,50.06,46.6,0
S592,7.48,Electronics and Communication Engineering,2,0,1,0,1,42.0,7.6,46.3,1,3,1,71.4,1,MNC,Data Scientist,82.8,71.4,0
S593,7.83,Electronics and Communication Engineering,1,1,0,1,0,67.2,4.0,95.5,0,3,1,51.1,1,Mid-size,Data Scientist,70.0,51.1,0
S594,9.57,Electronics and Communication Engineering,2,1,0,0,0,42.9,6.4,51.1,1,3,3,54.1,0,Not placed,Not placed,,54.1,0
S595,5.7,Civil Engineering,3,0,1,0,1,36.5,9.5,86.8,2,3,0,87.2,1,MNC,Web Developer,70.04,87.2,0
S596,5.98,Information Technology,3,0,1,0,1,14.4,9.8,76.2,2,4,0,84.8,1,Mid-size,Software Engineer,53.22,84.8,0
S597,7.97,Electronics and Communication Engineering,3,0,0,1,0,22.7,5.0,80.1,1,6,1,60.6,1,Startup,Web Developer,42.13,60.6,0
S598,9.82,Civil Engineering,2,0,0,1,0,21.5,9.0,99.2,1,1,0,55.2,1,Startup,Data Scientist,44.84,55.2,0
S599,6.61,Civil Engineering,3,1,1,0,1,26.5,7.1,67.0,0,1,1,59.3,0,Not placed,Not placed,,59.3,0
S600,5.93,Civil Engineering,3,1,1,0,1,39.4,5.6,50.1,1,4,1,78.2,1,Mid-size,Software Engineer,64.21,78.2,0
S601,7.77,Civil Engineering,3,0,1,0,1,81.8,7.5,55.1,0,5,0,68.7,1,Mid-size,Web Developer,67.45,68.7,0
S602,7.81,Mechanical Engineering,2,0,0,0,1,85.2,7.4,71.9,1,1,0,48.0,1,Startup,Software Engineer,42.13,48.0,0
S603,5.26,Electronics and Communication Engineering,2,0,0,0,1,3.9,8.0,56.4,2,4,0,74.2,1,Startup,Data Scientist,41.53,74.2,0
S604,9.98,Information Technology,2,1,0,1,0,83.3,6.7,83.2,0,1,1,46.4,1,MNC,Web Developer,77.7,46.4,0
S605,7.09,Information Technology,1,1,1,0,0,99.2,9.6,58.5,0,6,0,79.6,1,Mid-size,Data Scientist,55.25,79.6,0
S606,6.01,Information Technology,1,1,1,1,0,50.4,6.8,55.2,1,3,0,79.3,1,MNC,Analyst,79.3,79.3,0
S607,8.7,Computer Science and Engineering,3,1,1,1,0,33.8,6.8,59.8,2,2,1,81.7,1,Mid-size,Software Engineer,51.85,81.7,0
S608,5.17,Civil Engineering,2,0,1,1,0,45.1,9.5,88.9,1,2,0,71.4,1,Mid-size,Data Scientist,50.62,71.4,0
S609,5.72,Mechanical Engineering,2,1,0,1,1,52.8,7.2,67.7,0,6,0,83.0,1,MNC,Data Scientist,75.17,83.0,0
S610,9.4,Information Technology,1,1,1,1,0,68.9,9.6,55.0,1,4,0,86.5,1,MNC,Data Scientist,88.38,86.5,0
S611,7.41,Civil Engineering,2,1,0,0,1,51.1,8.4,64.7,1,1,0,63.5,1,MNC,Software Engineer,83.95,63.5,0
S612,8.2,Electrical and Electronics Engineering,2,0,1,0,0,24.0,7.3,46.5,3,6,0,96.5,1,Startup,Data Scientist,49.73,96.5,0
S613,6.35,Electrical and Electronics Engineering,3,0,0,1,0,7.6,5.6,52.0,0,3,2,36.9,0,Not placed,Not placed,,36.9,0
S614,5.96,Electronics and Communication Engineering,3,0,0,0,0,99.2,5.4,58.6,3,4,0,70.5,1,Startup,Web Developer,48.75,70.5,0
S615,8.69,Information Technology,3,1,1,0,1,44.3,7.6,68.6,3,5,0,100.0,1,MNC,Data Scientist,78.38,109.8,1
S616,8.98,Electronics and Communication Engineering,2,0,1,0,0,45.1,5.5,87.4,1,2,0,46.8,1,Startup,Data Scientist,51.08,46.8,0
S617,7.01,Electronics and Communication Engineering,3,1,0,1,0,12.3,9.6,67.2,2,3,0,85.1,1,MNC,Web Developer,74.31,85.1,0
S618,9.21,Electrical and Electronics Engineering,2,1,0,0,0,18.9,5.6,72.1,2,4,0,64.3,1,Startup,Web Developer,47.04,64.3,0
S619,6.21,Mechanical Engineering,3,0,1,0,0,50.7,8.1,78.0,2,3,0,67.1,1,Startup,Web Developer,41.72,67.1,0
S620,7.61,Information Technology,1,1,0,1,0,29.0,7.2,41.4,0,5,0,69.9,1,Mid-size,Data Scientist,66.14,69.9,0
S621,8.05,Electronics and Communication Engineering,1,1,1,1,1,46.7,7.4,66.7,1,5,1,100.0,1,MNC,Web Developer,77.16,100.2,1
S622,9.23,Electronics and Communication Engineering,3,1,1,0,0,73.2,5.0,61.1,0,6,1,65.6,1,Mid-size,Software Engineer,61.93,65.6,0
S623,9.74,Civil Engineering,3,1,0,0,0,98.9,6.8,44.5,3,3,0,73.8,1,Startup,Software Engineer,53.54,73.8,0
S624,7.21,Electronics and Communication Engineering,1,1,0,0,1,97.6,5.9,67.7,1,5,1,72.4,1,MNC,Data Scientist,85.73,72.4,0
S625,6.62,Electronics and Communication Engineering,2,1,0,0,0,82.2,5.8,82.3,1,3,0,55.9,1,Startup,Data Scientist,46.79,55.9,0
S626,7.1,Electrical and Electronics Engineering,1,0,0,0,0,80.6,8.7,74.9,2,2,0,59.8,1,Startup,Data Scientist,43.61,59.8,0
S627,7.05,Electrical and Electronics Engineering,2,1,0,0,0,57.8,6.3,72.1,2,3,0,62.3,1,Startup,Software Engineer,47.5,62.3,0
S628,5.47,Electrical and Electronics Engineering,1,1,0,1,0,12.9,7.2,63.7,0,3,0,54.6,1,MNC,Web Developer,64.34,54.6,0
S629,5.99,Mechanical Engineering,2,1,0,0,1,11.0,6.8,44.3,1,6,0,80.6,1,MNC,Data Scientist,75.77,80.6,0
S630,9.75,Electrical and Electronics Engineering,1,1,0,1,0,82.9,8.9,51.3,2,3,3,79.3,1,Mid-size,Analyst,55.57,79.3,0
S631,7.28,Information Technology,1,1,1,0,1,1.4,7.6,73.8,0,6,0,82.3,1,MNC,Analyst,69.69,82.3,0
S632,6.28,Computer Science and Engineering,3,1,1,0,0,68.4,4.1,84.1,1,4,0,64.5,1,MNC,Analyst,84.39,64.5,0
S633,8.63,Information Technology,1,0,0,0,0,64.6,6.4,44.7,1,2,0,37.1,1,Startup,Software Engineer,49.13,37.1,0
S634,8.12,Electronics and Communication Engineering,2,0,0,0,0,50.1,4.3,60.9,0,3,0,28.7,0,Not placed,Not placed,,28.7,0
S635,5.37,Civil Engineering,1,1,1,0,1,98.0,7.3,97.0,0,6,0,79.8,1,Top Tech,Web Developer,100.11,79.8,0
S636,8.49,Electrical and Electronics Engineering,3,1,0,0,1,52.9,6.4,59.3,1,3,0,62.8,1,Mid-size,Software Engineer,52.62,62.8,0
S637,8.65,Computer Science and Engineering,1,1,0,0,0,2.1,7.6,80.2,1,3,0,54.9,1,Startup,Analyst,44.36,54.9,0
S638,5.22,Information Technology,1,1,0,0,1,9.8,8.2,60.3,0,6,0,77.9,1,MNC,Web Developer,77.16,77.9,0
S639,9.16,Computer Science and Engineering,2,0,1,0,0,34.0,7.7,93.5,1,3,0,61.8,1,Startup,Data Scientist,42.02,61.8,0
S640,6.76,Electronics and Communication Engineering,1,1,0,0,0,95.3,6.4,60.2,0,5,2,57.2,1,Startup,Software Engineer,42.86,57.2,0
S641,8.96,Information Technology,2,1,0,1,0,26.3,6.3,69.9,0,3,0,49.1,1,MNC,Web Developer,63.99,49.1,0
S642,8.87,Computer Science and Engineering,1,1,1,0,1,70.0,5.5,94.2,0,1,1,53.6,1,MNC,Web Developer,90.49,53.6,0
S643,6.39,Mechanical Engineering,3,1,1,0,0,80.3,6.6,54.0,3,3,1,86.7,1,Mid-size,Software Engineer,60.28,86.7,0
S644,9.59,Civil Engineering,3,1,1,1,0,66.8,4.6,70.5,0,3,0,59.7,1,MNC,Data Scientist,69.68,59.7,0
S645,6.12,Civil Engineering,1,1,1,1,0,64.2,8.9,73.6,0,3,0,72.7,1,MNC,Analyst,77.86,72.7,0
S646,6.96,Electrical and Electronics Engineering,1,1,1,0,1,42.4,6.5,48.4,1,3,0,72.8,1,MNC,Analyst,75.93,72.8,0
S647,7.77,Information Technology,3,1,0,0,0,83.6,9.8,66.3,1,2,1,56.5,1,Startup,Web Developer,45.22,56.5,0
S648,7.0,Information Technology,3,0,0,0,1,91.2,7.0,98.0,3,6,0,91.5,1,Startup,Software Engineer,52.29,91.5,0
S649,6.13,Mechanical Engineering,2,1,1,0,0,17.0,8.3,86.2,1,2,1,62.5,0,Not placed,Not placed,,62.5,0
S650,6.68,Computer Science and Engineering,3,1,1,0,0,26.8,9.1,58.8,2,3,0,84.2,1,MNC,Software Engineer,80.62,84.2,0
S651,5.16,Electrical and Electronics Engineering,2,1,1,0,1,79.2,5.8,42.2,3,5,0,100.0,1,MNC,Software Engineer,96.3,100.8,1
S652,5.4,Civil Engineering,2,0,1,1,0,72.6,7.9,83.9,1,6,1,81.4,1,Mid-size,Analyst,54.42,81.4,0
S653,8.41,Electronics and Communication Engineering,3,1,1,0,0,41.0,4.6,94.4,0,4,2,54.2,0,Not placed,Not placed,,54.2,0
S654,5.45,Computer Science and Engineering,2,0,1,0,0,51.7,4.1,55.9,1,6,1,66.6,0,Not placed,Not placed,,66.6,0
S655,5.68,Computer Science and Engineering,2,0,1,1,0,30.5,6.6,58.3,0,5,3,65.1,0,Not placed,Not placed,,65.1,0
S656,9.14,Information Technology,3,0,1,1,1,59.6,6.8,61.9,1,5,1,87.2,1,MNC,Software Engineer,90.66,87.2,0
S657,7.68,Mechanical Engineering,3,1,1,0,1,16.3,10.0,47.1,0,1,1,63.6,0,Not placed,Not placed,,63.6,0
S658,9.98,Electronics and Communication Engineering,1,1,0,1,1,79.0,8.9,45.1,1,1,0,73.2,1,Top Tech,Software Engineer,110.44,73.2,0
S659,7.41,Electronics and Communication Engineering,3,0,1,0,0,84.9,7.1,96.0,2,6,1,82.7,1,Startup,Analyst,40.17,82.7,0
S660,8.84,Civil Engineering,1,0,1,0,0,26.2,7.0,65.1,2,2,0,64.2,1,Startup,Web Developer,49.65,64.2,0
S661,8.57,Civil Engineering,2,1,0,0,0,21.5,5.2,99.4,2,2,1,51.6,1,Startup,Data Scientist,47.61,51.6,0
S662,5.21,Information Technology,1,0,0,0,0,91.7,6.3,90.7,0,6,0,47.2,1,Startup,Web Developer,37.61,47.2,0
S663,7.26,Computer Science and Engineering,2,1,0,0,0,43.4,5.7,92.2,1,5,0,59.4,1,Startup,Data Scientist,46.12,59.4,0
S664,8.88,Computer Science and Engineering,1,0,1,1,1,95.3,6.3,87.2,1,5,0,80.9,1,MNC,Software Engineer,70.49,80.9,0
S665,7.14,Electronics and Communication Engineering,2,0,1,0,0,92.8,7.2,61.2,2,4,0,73.8,1,Startup,Web Developer,53.78,73.8,0
S666,8.93,Mechanical Engineering,2,1,1,0,0,73.8,7.6,50.7,0,2,0,57.6,1,MNC,Analyst,76.34,57.6,0
S667,7.43,Computer Science and Engineering,3,1,1,0,0,60.3,5.9,94.6,2,3,0,70.6,1,Mid-size,Data Scientist,59.84,70.6,0
S668,7.36,Electronics and Communication Engineering,2,1,0,1,1,94.7,6.4,53.0,1,4,0,83.3,1,Mid-size,Software Engineer,62.16,83.3,0
S669,6.84,Civil Engineering,2,0,1,1,0,49.0,4.2,77.5,1,6,0,77.3,1,Mid-size,Analyst,69.15,77.3,0
S670,5.06,Computer Science and Engineering,2,0,1,0,0,20.2,5.6,70.3,3,2,1,68.4,0,Not placed,Not placed,,68.4,0
S671,9.47,Electrical and Electronics Engineering,2,0,1,0,1,14.1,5.3,73.5,2,3,0,69.6,1,Mid-size,Web Developer,71.09,69.6,0
S672,8.5,Electrical and Electronics Engineering,2,1,1,0,0,18.8,8.9,94.9,1,2,0,67.5,1,MNC,Data Scientist,82.69,67.5,0
S673,8.76,Electrical and Electronics Engineering,3,1,1,1,1,63.6,5.8,99.0,0,4,0,78.2,1,Mid-size,Web Developer,51.34,78.2,0
S674,8.59,Electronics and Communication Engineering,3,1,0,0,1,6.3,4.6,79.0,0,4,0,58.6,1,MNC,Analyst,65.03,58.6,0
S675,6.34,Computer Science and Engineering,3,1,1,0,0,21.1,6.9,60.5,1,3,0,62.4,0,Not placed,Not placed,,62.4,0
S676,5.18,Electrical and Electronics Engineering,1,1,1,0,0,10.3,7.7,45.7,2,3,3,79.9,1,MNC,Web Developer,83.16,79.9,0
S677,9.19,Mechanical Engineering,1,0,1,0,0,10.8,6.6,47.4,1,1,0,46.3,1,Startup,Analyst,41.03,46.3,0
S678,7.35,Electronics and Communication Engineering,1,1,0,0,1,78.4,7.1,91.5,1,2,0,61.1,1,MNC,Software Engineer,79.77,61.1,0
S679,6.83,Electronics and Communication Engineering,3,1,0,0,1,82.8,6.5,71.1,0,1,0,42.9,1,MNC,Analyst,75.67,42.9,0
S680,7.57,Electronics and Communication Engineering,2,0,0,0,1,42.7,7.8,83.7,1,2,0,52.2,1,Startup,Web Developer,45.78,52.2,0
S681,9.37,Information Technology,3,0,0,0,0,1.9,9.3,53.6,3,5,3,84.6,0,Not placed,Not placed,,84.6,0
S682,8.58,Electrical and Electronics Engineering,2,1,0,1,0,96.2,8.3,78.7,2,5,0,94.7,1,MNC,Web Developer,89.25,94.7,0
S683,8.92,Computer Science and Engineering,3,1,0,0,0,67.9,8.4,97.9,0,6,0,64.9,1,Startup,Analyst,46.49,64.9,0
S684,6.9,Mechanical Engineering,2,1,1,0,0,96.9,4.5,60.8,1,1,0,49.0,1,MNC,Analyst,73.06,49.0,0
S685,9.83,Civil Engineering,1,0,1,1,0,69.9,5.5,42.4,1,4,0,63.9,1,MNC,Software Engineer,71.78,63.9,0
S686,6.52,Civil Engineering,3,1,1,1,0,95.4,9.5,43.2,1,6,0,97.8,1,MNC,Web Developer,96.53,97.8,0
S687,8.12,Electronics and Communication Engineering,3,1,0,0,0,37.5,9.6,89.7,0,1,1,40.4,1,Startup,Data Scientist,43.16,40.4,0
S688,8.29,Computer Science and Engineering,1,1,1,0,1,78.3,7.3,49.3,0,3,1,63.2,1,Top Tech,Web Developer,110.96,63.2,0
S689,6.18,Computer Science and Engineering,1,1,0,1,0,95.3,4.3,82.6,1,2,0,48.7,1,MNC,Software Engineer,84.68,48.7,0
S690,7.11,Information Technology,3,1,1,0,1,30.1,7.3,57.4,1,5,0,88.8,1,Mid-size,Analyst,55.31,88.8,0
S691,6.75,Electronics and Communication Engineering,2,1,0,0,0,70.5,9.4,66.1,1,2,0,58.1,1,Startup,Software Engineer,40.77,58.1,0
S692,8.83,Mechanical Engineering,1,1,0,0,1,76.9,4.9,84.5,1,3,2,63.4,1,MNC,Web Developer,87.73,63.4,0
S693,8.01,Electronics and Communication Engineering,2,1,0,1,0,46.5,10.0,69.6,0,5,0,78.0,1,Mid-size,Web Developer,64.23,78.0,0
S694,6.73,Computer Science and Engineering,3,0,1,0,0,56.9,5.5,69.8,2,5,0,67.0,1,Startup,Data Scientist,45.83,67.0,0
S695,7.51,Mechanical Engineering,2,1,0,0,0,19.6,9.8,49.2,0,6,0,66.2,1,Startup,Web Developer,45.95,66.2,0
S696,5.36,Electronics and Communication Engineering,3,0,0,0,0,15.7,7.9,72.2,0,3,0,37.0,0,Not placed,Not placed,,37.0,0
S697,9.2,Electronics and Communication Engineering,1,0,1,0,1,15.3,4.5,78.5,1,2,0,55.8,1,MNC,Software Engineer,67.68,55.8,0
S698,9.66,Computer Science and Engineering,3,1,0,0,0,25.5,7.7,96.7,0,6,1,67.6,1,Startup,Data Scientist,50.28,67.6,0
S699,7.3,Electrical and Electronics Engineering,3,0,0,0,0,50.5,7.2,98.4,3,6,0,86.0,1,Startup,Web Developer,38.53,86.0,0
S700,7.18,Mechanical Engineering,1,1,1,0,0,46.2,9.5,59.6,1,4,1,81.0,1,MNC,Analyst,69.2,81.0,0
S701,5.52,Electronics and Communication Engineering,3,1,1,0,0,2.6,8.8,76.0,2,3,0,81.7,1,MNC,Web Developer,62.25,81.7,0
S702,5.13,Information Technology,3,1,0,1,0,45.3,7.1,82.8,0,1,0,44.6,0,Not placed,Not placed,,44.6,0
S703,8.23,Electronics and Communication Engineering,3,1,1,0,1,70.6,7.2,80.7,2,3,0,89.9,1,MNC,Web Developer,92.3,89.9,0
S704,5.22,Information Technology,1,1,1,0,0,79.6,6.0,40.2,3,5,1,96.3,1,MNC,Data Scientist,76.3,96.3,0
S705,8.29,Computer Science and Engineering,2,1,1,0,0,54.4,6.8,47.6,1,4,0,66.4,1,MNC,Data Scientist,89.51,66.4,0
S706,9.79,Civil Engineering,2,0,0,0,1,85.0,6.6,95.7,1,2,0,49.4,1,Startup,Software Engineer,41.89,49.4,0
S707,7.25,Civil Engineering,2,1,1,0,0,37.9,9.4,40.6,1,5,0,79.0,1,Mid-size,Analyst,54.15,79.0,0
S708,8.13,Civil Engineering,1,1,0,1,1,54.8,7.7,45.5,1,5,0,92.6,1,MNC,Analyst,93.55,92.6,0
S709,9.81,Electronics and Communication Engineering,1,0,0,0,1,25.6,9.6,75.6,2,1,2,67.5,1,Startup,Data Scientist,41.53,67.5,0
S710,6.45,Electronics and Communication Engineering,3,1,1,1,1,83.8,7.2,52.5,1,6,0,100.0,1,Mid-size,Data Scientist,74.95,100.7,1
S711,9.66,Computer Science and Engineering,1,1,1,0,0,48.5,5.5,71.7,0,6,1,70.0,1,Mid-size,Data Scientist,71.33,70.0,0
S712,9.22,Information Technology,2,1,0,1,0,53.9,6.7,73.9,1,2,1,60.2,1,MNC,Software Engineer,82.24,60.2,0
S713,5.35,Electronics and Communication Engineering,3,1,1,0,1,7.4,5.3,84.9,1,4,0,80.4,1,MNC,Analyst,69.27,80.4,0
S714,9.62,Electrical and Electronics Engineering,3,0,0,0,1,30.9,10.0,42.3,0,3,0,58.8,1,Startup,Data Scientist,50.34,58.8,0
S715,8.64,Mechanical Engineering,1,1,0,0,0,98.2,4.6,75.4,1,2,1,39.7,1,Startup,Software Engineer,44.65,39.7,0
S716,5.68,Electronics and Communication Engineering,2,1,0,0,1,57.8,6.2,97.0,0,2,0,52.5,1,MNC,Web Developer,70.76,52.5,0
S717,5.89,Mechanical Engineering,2,1,0,1,1,61.1,6.2,52.6,2,3,0,83.5,1,Mid-size,Web Developer,53.47,83.5,0
S718,5.4,Mechanical Engineering,1,1,0,1,0,51.5,5.6,83.4,0,4,0,53.3,1,MNC,Data Scientist,78.12,53.3,0
S719,8.55,Electronics and Communication Engineering,3,0,0,1,0,79.5,7.8,75.3,1,2,0,58.4,1,Startup,Software Engineer,47.54,58.4,0
S720,9.44,Electrical and Electronics Engineering,2,0,1,1,0,44.3,7.0,58.7,1,1,1,58.2,0,Not placed,Not placed,,58.2,0
S721,6.1,Civil Engineering,3,0,1,0,1,33.9,8.9,47.8,0,1,0,49.2,0,Not placed,Not placed,,49.2,0
S722,8.5,Electronics and Communication Engineering,1,1,0,0,1,59.5,7.9,43.8,0,6,0,76.5,1,MNC,Data Scientist,71.43,76.5,0
S723,9.74,Information Technology,2,1,0,1,1,66.6,4.8,64.5,0,1,0,49.5,1,Mid-size,Software Engineer,69.75,49.5,0
S724,6.14,Computer Science and Engineering,3,0,0,0,0,96.6,7.4,93.4,1,4,0,51.2,1,Startup,Data Scientist,44.96,51.2,0
S725,5.49,Electronics and Communication Engineering,1,0,1,0,1,71.2,7.0,91.4,0,5,0,66.6,1,MNC,Data Scientist,84.81,66.6,0
S726,9.75,Electronics and Communication Engineering,3,0,0,0,0,97.0,4.2,85.2,1,2,0,33.8,1,Startup,Data Scientist,44.01,33.8,0
S727,6.52,Electronics and Communication Engineering,3,1,1,0,1,37.5,4.5,63.2,1,3,0,64.1,1,Mid-size,Analyst,51.84,64.1,0
S728,5.46,Computer Science and Engineering,2,1,0,0,0,6.6,5.3,47.7,0,1,0,33.8,0,Not placed,Not placed,,33.8,0
S729,6.5,Information Technology,3,0,1,1,0,18.0,6.6,88.4,0,6,1,65.6,0,Not placed,Not placed,,65.6,0
S730,7.48,Mechanical Engineering,2,1,0,1,0,32.5,4.2,85.0,0,3,2,50.7,0,Not placed,Not placed,,50.7,0
S731,6.28,Information Technology,3,0,0,0,0,96.9,4.3,75.5,2,4,0,54.1,1,Startup,Analyst,41.29,54.1,0
S732,6.7,Mechanical Engineering,3,1,0,1,0,100.0,5.0,86.3,0,4,0,59.5,1,MNC,Software Engineer,77.41,59.5,0
S733,8.31,Mechanical Engineering,3,1,1,1,1,37.9,5.0,94.8,0,4,0,73.9,1,MNC,Data Scientist,85.25,73.9,0
S734,7.24,Mechanical Engineering,3,1,1,0,0,69.3,7.6,92.7,1,6,0,86.9,1,MNC,Data Scientist,75.54,86.9,0
S735,5.35,Information Technology,3,1,0,0,1,75.5,8.5,71.1,2,3,0,76.9,1,MNC,Analyst,71.36,76.9,0
S736,8.21,Mechanical Engineering,1,1,1,0,0,67.6,9.8,55.2,2,6,0,100.0,1,Mid-size,Software Engineer,67.78,103.7,1
S737,9.53,Computer Science and Engineering,1,1,1,0,0,46.9,9.0,40.9,0,3,0,64.3,1,Mid-size,Analyst,62.28,64.3,0
S738,9.62,Civil Engineering,1,1,1,0,1,71.2,6.2,82.8,0,1,1,50.3,1,Mid-size,Web Developer,65.02,50.3,0
S739,5.66,Mechanical Engineering,3,1,0,0,0,37.2,4.6,55.1,0,5,1,44.1,0,Not placed,Not placed,,44.1,0
S740,5.25,Computer Science and Engineering,2,0,1,0,0,91.2,6.2,42.7,0,4,0,49.1,1,Startup,Analyst,37.72,49.1,0
S741,5.78,Civil Engineering,2,1,1,0,0,47.0,8.6,46.3,2,1,2,73.7,0,Not placed,Not placed,,73.7,0
S742,6.66,Electrical and Electronics Engineering,1,1,0,1,1,73.1,9.9,56.4,2,6,0,100.0,1,MNC,Web Developer,87.05,114.4,1
S743,9.49,Electronics and Communication Engineering,2,1,1,1,1,42.3,5.0,88.9,1,5,0,92.5,1,MNC,Software Engineer,84.32,92.5,0
S744,8.61,Civil Engineering,1,1,0,0,1,77.6,5.7,59.4,1,6,0,76.6,1,Mid-size,Data Scientist,60.67,76.6,0
S745,5.61,Electrical and Electronics Engineering,2,0,0,0,1,14.7,5.0,40.9,2,1,0,51.1,0,Not placed,Not placed,,51.1,0
S746,7.08,Electrical and Electronics Engineering,2,1,0,1,0,66.3,8.0,55.1,0,4,0,64.0,1,MNC,Data Scientist,68.57,64.0,0
S747,8.13,Electronics and Communication Engineering,3,1,1,0,0,56.2,7.6,62.3,0,5,0,66.1,1,Mid-size,Data Scientist,61.08,66.1,0
S748,6.63,Electronics and Communication Engineering,3,0,1,1,1,74.4,9.0,61.1,0,1,0,62.7,1,Mid-size,Analyst,57.62,62.7,0
S749,8.1,Civil Engineering,2,1,1,1,0,43.7,5.5,47.2,3,6,0,100.0,1,MNC,Web Developer,92.18,108.6,1
S750,7.16,Information Technology,2,1,0,0,0,40.1,8.6,94.9,1,6,0,79.2,1,Startup,Software Engineer,46.06,79.2,0
S751,6.49,Electronics and Communication Engineering,1,1,1,0,0,46.1,6.8,72.6,1,6,0,84.1,1,MNC,Web Developer,71.08,84.1,0
S752,7.37,Computer Science and Engineering,2,1,0,1,0,71.8,9.4,94.1,0,6,0,76.9,1,MNC,Web Developer,69.12,76.9,0
S753,7.73,Information Technology,1,0,0,0,0,32.4,7.8,92.9,1,5,0,59.0,1,Startup,Software Engineer,37.1,59.0,0
S754,6.41,Computer Science and Engineering,2,1,1,1,0,24.5,9.8,40.5,2,2,0,90.6,1,Mid-size,Web Developer,58.54,90.6,0
S755,7.38,Mechanical Engineering,2,0,1,0,0,83.4,5.9,64.6,0,6,0,58.2,1,Startup,Data Scientist,36.15,58.2,0
S756,9.77,Information Technology,2,0,1,0,0,50.9,6.8,97.1,3,2,1,72.0,1,Startup,Analyst,50.96,72.0,0
S757,9.3,Information Technology,1,0,1,0,1,63.6,4.9,86.0,0,6,1,61.1,1,Mid-size,Web Developer,52.73,61.1,0
S758,6.56,Mechanical Engineering,2,0,1,0,0,17.0,6.3,92.3,1,1,0,43.3,1,Startup,Web Developer,43.37,43.3,0
S759,5.93,Electronics and Communication Engineering,2,1,0,0,0,12.7,8.7,98.1,0,2,1,45.4,0,Not placed,Not placed,,45.4,0
S760,6.86,Computer Science and Engineering,1,0,1,0,1,34.9,9.5,96.0,0,2,0,54.9,1,MNC,Web Developer,86.18,54.9,0
S761,9.34,Mechanical Engineering,2,1,0,0,0,72.5,6.1,58.8,1,6,3,67.4,0,Not placed,Not placed,,67.4,0
S762,5.85,Information Technology,1,1,1,1,0,76.4,8.1,59.4,1,1,3,68.5,1,Top Tech,Analyst,113.94,68.5,0
S763,7.44,Computer Science and Engineering,1,1,1,0,1,9.9,8.9,80.5,0,3,2,70.5,1,MNC,Analyst,80.71,70.5,0
S764,9.71,Electrical and Electronics Engineering,3,1,1,0,0,67.4,4.0,68.5,0,4,1,48.3,1,Mid-size,Web Developer,67.84,48.3,0
S765,6.66,Electronics and Communication Engineering,3,1,0,0,0,96.0,7.8,73.3,2,1,1,57.3,1,Startup,Software Engineer,42.95,57.3,0
S766,7.61,Computer Science and Engineering,2,1,1,0,0,47.0,7.4,48.6,1,1,0,55.0,1,Mid-size,Data Scientist,55.42,55.0,0
S767,9.24,Electronics and Communication Engineering,3,1,1,0,1,54.0,5.3,64.4,3,4,0,99.2,1,MNC,Analyst,86.98,99.2,0
S768,5.83,Electrical and Electronics Engineering,2,1,0,0,1,48.3,9.6,57.6,1,3,0,74.3,1,MNC,Software Engineer,75.03,74.3,0
S769,6.54,Electrical and Electronics Engineering,1,1,1,0,0,84.1,9.3,49.6,0,3,0,67.2,1,MNC,Data Scientist,70.36,67.2,0
S770,9.02,Electronics and Communication Engineering,3,1,1,0,1,50.7,8.8,82.8,1,6,0,99.8,1,Mid-size,Analyst,73.86,99.8,0
S771,9.51,Computer Science and Engineering,2,0,0,1,1,50.6,7.6,82.5,2,4,0,78.5,1,MNC,Web Developer,82.99,78.5,0
S772,5.61,Mechanical Engineering,2,1,1,1,1,46.4,8.6,71.5,0,5,0,89.0,1,MNC,Software Engineer,68.47,89.0,0
S773,5.23,Information Technology,1,0,0,0,0,88.8,8.9,71.2,2,3,0,64.5,1,Startup,Web Developer,49.53,64.5,0
S774,8.4,Electronics and Communication Engineering,2,1,0,0,1,71.5,7.8,79.8,1,5,1,80.2,1,Mid-size,Analyst,58.01,80.2,0
S775,9.36,Information Technology,1,1,1,0,0,65.6,6.3,90.2,3,2,1,82.8,1,Mid-size,Web Developer,53.74,82.8,0
S776,9.19,Mechanical Engineering,1,1,1,1,0,21.7,9.6,58.4,1,1,0,69.5,1,MNC,Software Engineer,70.82,69.5,0
S777,7.43,Computer Science and Engineering,1,0,0,1,1,71.6,9.3,59.2,1,4,0,80.6,1,MNC,Analyst,90.23,80.6,0
S778,9.43,Electrical and Electronics Engineering,3,1,0,0,0,67.8,5.7,55.1,1,5,0,58.8,1,Startup,Web Developer,49.37,58.8,0
S779,9.99,Information Technology,3,1,0,1,1,63.0,8.8,86.9,1,3,0,85.9,1,MNC,Data Scientist,96.41,85.9,0
S780,9.96,Electronics and Communication Engineering,3,1,0,0,0,57.9,6.2,44.8,2,1,1,51.4,1,Startup,Analyst,42.75,51.4,0
S781,5.49,Information Technology,2,1,1,0,0,86.5,9.3,42.7,0,3,2,66.9,0,Not placed,Not placed,,66.9,0
S782,5.66,Mechanical Engineering,3,1,0,0,0,63.6,9.7,99.8,1,2,0,54.3,1,Startup,Analyst,45.02,54.3,0
S783,6.34,Mechanical Engineering,2,1,0,0,1,16.4,8.5,85.6,0,4,0,64.6,1,Mid-size,Web Developer,46.7,64.6,0
S784,8.55,Civil Engineering,3,0,0,0,0,70.9,7.7,78.7,2,6,0,75.8,1,Startup,Analyst,46.31,75.8,0
S785,5.19,Electrical and Electronics Engineering,1,0,1,0,1,71.5,4.2,65.8,2,1,0,57.7,1,Mid-size,Analyst,69.15,57.7,0
S786,8.47,Electronics and Communication Engineering,3,0,1,0,0,63.4,5.5,43.1,0,1,0,34.5,1,Startup,Software Engineer,36.42,34.5,0
S787,9.34,Electrical and Electronics Engineering,3,0,0,0,0,21.9,5.8,98.5,2,4,0,61.1,1,Startup,Analyst,43.93,61.1,0
S788,8.21,Civil Engineering,3,1,0,1,0,47.0,9.2,53.5,1,2,3,70.4,0,Not placed,Not placed,,70.4,0
S789,6.39,Civil Engineering,1,1,1,0,0,16.0,8.3,82.1,3,6,0,100.0,1,MNC,Web Developer,80.84,101.5,1
S790,8.78,Electronics and Communication Engineering,3,0,1,0,0,79.0,8.9,57.4,0,6,0,62.1,1,Startup,Data Scientist,51.32,62.1,0
S791,9.6,Civil Engineering,1,1,0,0,1,9.3,5.0,40.7,1,6,0,75.3,1,Mid-size,Web Developer,50.78,75.3,0
S792,9.62,Information Technology,3,1,0,0,1,90.2,8.7,64.4,1,3,1,73.7,1,MNC,Web Developer,94.42,73.7,0
S793,8.95,Information Technology,3,0,0,0,1,63.0,9.9,63.9,0,4,1,64.1,1,Startup,Data Scientist,45.53,64.1,0
S794,9.28,Computer Science and Engineering,3,1,0,0,0,71.8,4.7,54.6,0,6,0,55.1,1,Startup,Software Engineer,41.44,55.1,0
S795,8.98,Information Technology,1,0,1,0,0,81.8,8.2,79.8,1,5,0,71.6,1,Startup,Web Developer,50.84,71.6,0
S796,7.15,Electronics and Communication Engineering,2,0,1,0,0,92.0,9.5,99.4,2,4,0,80.8,1,Startup,Data Scientist,44.17,80.8,0
S797,5.51,Electrical and Electronics Engineering,3,1,1,0,1,59.4,7.1,84.6,2,5,0,93.2,1,MNC,Data Scientist,70.87,93.2,0
S798,5.45,Electrical and Electronics Engineering,3,0,0,1,1,82.6,6.0,56.3,1,5,0,74.8,1,MNC,Web Developer,89.45,74.8,0
S799,6.65,Civil Engineering,3,0,1,0,0,15.8,4.8,75.3,2,5,0,73.2,0,Not placed,Not placed,,73.2,0
S800,6.29,Computer Science and Engineering,3,1,0,0,0,62.3,4.9,91.6,1,5,0,62.8,1,Startup,Data Scientist,37.32,62.8,0
S801,7.86,Mechanical Engineering,1,1,0,1,1,41.2,4.1,42.0,1,2,0,67.1,1,Mid-size,Analyst,58.3,67.1,0
S802,6.58,Civil Engineering,2,1,0,0,1,52.9,9.6,65.7,2,5,1,90.0,1,Mid-size,Web Developer,58.41,90.0,0
S803,6.32,Electronics and Communication Engineering,1,0,0,1,1,32.9,8.2,80.5,2,4,0,80.2,1,MNC,Web Developer,76.61,80.2,0
S804,7.51,Mechanical Engineering,2,0,1,0,1,54.4,5.4,91.1,1,2,0,57.6,1,Mid-size,Analyst,49.53,57.6,0
S805,8.65,Civil Engineering,3,1,1,0,0,64.1,7.1,93.9,2,6,0,94.4,1,MNC,Analyst,86.86,94.4,0
S806,8.96,Mechanical Engineering,2,1,1,1,0,33.1,9.9,91.8,0,2,0,68.9,1,MNC,Data Scientist,92.5,68.9,0
S807,8.31,Information Technology,2,1,1,0,0,55.4,6.1,52.1,2,4,0,79.0,1,MNC,Analyst,73.55,79.0,0
S808,5.69,Information Technology,2,1,1,0,0,87.3,8.5,79.6,1,4,0,71.6,1,Mid-size,Analyst,58.97,71.6,0
S809,7.19,Civil Engineering,1,1,1,1,1,70.7,9.4,54.2,0,3,0,86.6,1,MNC,Web Developer,90.83,86.6,0
S810,6.67,Electronics and Communication Engineering,2,1,0,0,0,20.7,8.8,77.9,0,2,0,42.5,0,Not placed,Not placed,,42.5,0
S811,8.81,Electronics and Communication Engineering,3,1,0,1,1,96.1,8.0,50.5,1,5,0,93.6,1,Mid-size,Analyst,70.34,93.6,0
S812,9.62,Electronics and Communication Engineering,1,0,1,0,0,51.9,8.7,90.3,1,2,0,56.6,1,Startup,Web Developer,44.58,56.6,0
S813,9.3,Electrical and Electronics Engineering,2,1,1,0,0,87.9,4.2,99.3,1,5,0,66.5,1,Mid-size,Data Scientist,65.43,66.5,0
S814,7.59,Electronics and Communication Engineering,1,1,0,1,1,63.9,8.9,43.5,3,1,0,96.1,1,MNC,Analyst,85.98,96.1,0
S815,5.81,Civil Engineering,1,0,1,0,1,13.0,8.6,44.1,0,5,2,74.7,1,Mid-size,Analyst,52.06,74.7,0
S816,7.61,Electrical and Electronics Engineering,3,1,1,0,0,67.8,7.3,59.9,0,6,0,71.8,1,MNC,Analyst,72.0,71.8,0
S817,7.75,Civil Engineering,2,0,1,1,0,21.2,6.8,98.1,2,6,0,93.0,1,Mid-size,Data Scientist,52.65,93.0,0
S818,5.67,Information Technology,3,1,1,0,1,0.9,8.7,79.0,0,5,0,84.1,1,MNC,Analyst,76.59,84.1,0
S819,9.12,Mechanical Engineering,3,1,0,1,0,77.7,6.2,42.4,1,2,0,59.3,1,Mid-size,Analyst,70.84,59.3,0
S820,5.39,Information Technology,1,1,1,0,1,64.6,5.3,83.7,1,4,0,78.6,1,MNC,Data Scientist,65.76,78.6,0
S821,7.14,Information Technology,1,1,1,0,0,89.1,6.9,76.0,0,5,2,66.6,1,Mid-size,Data Scientist,69.35,66.6,0
S822,7.53,Civil Engineering,1,1,0,1,1,68.0,6.1,58.8,1,5,0,80.2,1,Mid-size,Software Engineer,63.71,80.2,0
S823,5.7,Computer Science and Engineering,2,1,0,1,1,11.3,9.5,51.7,1,4,0,84.4,1,Mid-size,Analyst,67.34,84.4,0
S824,8.46,Civil Engineering,2,0,1,0,1,94.5,9.2,44.0,1,3,1,68.2,1,Mid-size,Software Engineer,71.53,68.2,0
S825,6.64,Civil Engineering,1,1,0,1,1,14.5,6.8,86.5,0,4,0,66.2,1,MNC,Software Engineer,82.14,66.2,0
S826,8.83,Mechanical Engineering,1,1,1,1,0,16.5,9.6,92.1,2,6,0,100.0,1,MNC,Web Developer,83.55,112.8,1
S827,7.28,Civil Engineering,2,0,1,0,1,26.1,8.1,96.4,1,4,0,73.1,1,Mid-size,Web Developer,47.28,73.1,0
S828,7.69,Civil Engineering,1,1,1,0,0,19.0,5.1,74.6,1,5,0,71.0,1,MNC,Analyst,70.89,71.0,0
S829,5.01,Electronics and Communication Engineering,2,1,1,0,0,70.1,9.6,79.9,0,6,1,78.4,1,MNC,Software Engineer,84.14,78.4,0
S830,5.25,Computer Science and Engineering,3,1,1,0,1,48.3,6.0,50.9,0,2,0,58.1,0,Not placed,Not placed,,58.1,0
S831,8.08,Mechanical Engineering,1,0,1,1,0,42.0,6.8,87.5,1,4,1,68.4,1,MNC,Software Engineer,76.88,68.4,0
S832,6.44,Information Technology,2,0,1,1,1,29.6,5.5,53.1,0,4,1,66.0,1,MNC,Data Scientist,84.9,66.0,0
S833,7.73,Computer Science and Engineering,2,1,0,0,0,79.5,6.3,63.0,0,4,1,46.0,1,Startup,Web Developer,37.35,46.0,0
S834,8.96,Information Technology,3,1,0,0,0,7.4,10.0,79.3,1,4,0,72.2,1,Startup,Analyst,42.95,72.2,0
S835,8.53,Computer Science and Engineering,1,1,0,0,0,8.0,6.4,62.4,0,3,0,47.1,1,Startup,Analyst,42.8,47.1,0
S836,7.13,Mechanical Engineering,3,1,0,1,1,40.4,4.1,75.5,0,6,0,69.7,1,Mid-size,Software Engineer,55.31,69.7,0
S837,7.02,Electronics and Communication Engineering,2,1,0,0,1,4.9,9.3,79.9,1,4,0,75.5,1,Mid-size,Web Developer,63.4,75.5,0
S838,9.31,Civil Engineering,3,1,0,0,1,61.3,7.2,81.0,1,3,0,69.2,1,MNC,Web Developer,86.74,69.2,0
S839,8.33,Information Technology,3,1,0,1,0,66.0,7.3,69.7,0,5,0,62.2,1,MNC,Web Developer,69.54,62.2,0
S840,9.58,Electronics and Communication Engineering,1,1,1,0,0,20.9,8.6,96.9,2,3,0,79.7,1,MNC,Software Engineer,69.28,79.7,0
S841,7.19,Electronics and Communication Engineering,1,1,1,0,0,47.1,6.3,89.2,1,1,0,58.3,1,MNC,Web Developer,66.61,58.3,0
S842,8.69,Civil Engineering,2,1,1,0,1,57.6,9.2,83.3,1,1,2,69.6,1,MNC,Data Scientist,80.98,69.6,0
S843,7.88,Computer Science and Engineering,3,1,1,0,0,53.8,8.3,52.9,2,5,0,92.0,1,Mid-size,Analyst,56.29,92.0,0
S844,5.26,Electronics and Communication Engineering,3,0,1,0,0,85.5,7.5,44.2,0,5,0,55.4,0,Not placed,Not placed,,55.4,0
S845,8.68,Civil Engineering,1,0,1,1,0,60.3,8.0,79.3,1,4,0,77.6,1,MNC,Data Scientist,73.88,77.6,0
S846,7.79,Mechanical Engineering,3,1,1,0,1,15.1,9.3,50.0,0,3,1,71.9,0,Not placed,Not placed,,71.9,0
S847,7.61,Electrical and Electronics Engineering,2,1,1,0,1,42.7,7.5,84.0,1,1,0,63.7,1,MNC,Analyst,75.92,63.7,0
S848,8.66,Computer Science and Engineering,2,0,1,0,0,79.2,8.5,68.6,0,4,0,52.1,1,Startup,Software Engineer,47.92,52.1,0
S849,5.61,Information Technology,1,0,0,1,1,5.8,7.4,45.1,3,1,0,81.5,1,Mid-size,Web Developer,60.52,81.5,0
S850,6.09,Electronics and Communication Engineering,1,0,1,0,0,46.8,5.4,75.3,3,3,0,66.5,1,Startup,Software Engineer,47.91,66.5,0
S851,7.73,Electronics and Communication Engineering,2,1,0,0,0,11.1,8.9,89.8,2,5,0,85.1,1,Startup,Data Scientist,48.48,85.1,0
S852,6.63,Electrical and Electronics Engineering,2,0,1,0,1,76.2,7.3,77.7,3,1,0,80.1,1,Mid-size,Analyst,71.11,80.1,0
S853,5.97,Electronics and Communication Engineering,3,0,1,0,0,14.5,4.7,77.7,0,5,0,52.1,0,Not placed,Not placed,,52.1,0
S854,9.92,Civil Engineering,3,1,0,0,0,79.2,9.7,64.8,3,1,0,72.9,1,Startup,Software Engineer,45.66,72.9,0
S855,7.37,Electronics and Communication Engineering,3,1,1,0,0,89.6,4.7,68.4,2,5,0,77.1,1,MNC,Analyst,72.37,77.1,0
S856,9.81,Civil Engineering,1,1,1,0,0,14.5,7.7,96.0,0,2,0,56.0,1,MNC,Software Engineer,84.62,56.0,0
S857,8.13,Civil Engineering,1,1,1,0,1,96.0,6.8,71.4,0,3,0,61.9,1,Top Tech,Web Developer,119.27,61.9,0
S858,5.42,Electronics and Communication Engineering,1,1,0,0,1,52.8,6.0,52.5,2,3,0,74.5,1,Mid-size,Web Developer,72.47,74.5,0
S859,5.7,Civil Engineering,3,1,0,1,0,82.9,6.6,43.7,1,1,0,59.4,1,Mid-size,Analyst,64.72,59.4,0
S860,6.03,Civil Engineering,1,1,1,0,0,11.4,4.5,60.4,0,6,1,65.1,1,MNC,Analyst,79.83,65.1,0
S861,5.53,Electronics and Communication Engineering,3,1,1,1,0,88.6,5.6,42.3,2,4,0,90.8,1,MNC,Data Scientist,86.84,90.8,0
S862,7.87,Information Technology,1,0,0,1,0,83.9,6.3,71.9,3,5,1,81.0,1,Startup,Web Developer,53.86,81.0,0
S863,6.79,Information Technology,2,1,1,0,1,45.2,8.9,72.0,0,4,1,77.3,1,MNC,Analyst,72.46,77.3,0
S864,8.37,Electrical and Electronics Engineering,3,0,1,0,0,52.8,5.3,93.1,0,4,0,42.1,0,Not placed,Not placed,,42.1,0
S865,7.22,Mechanical Engineering,2,0,0,1,0,53.4,6.7,98.6,0,5,0,50.7,1,Startup,Data Scientist,43.06,50.7,0
S866,8.12,Information Technology,3,0,1,1,1,32.3,9.9,82.5,0,1,0,62.6,1,MNC,Software Engineer,67.52,62.6,0
S867,9.25,Mechanical Engineering,2,0,0,1,0,31.1,8.7,72.6,2,6,0,84.9,1,Startup,Analyst,51.07,84.9,0
S868,6.83,Computer Science and Engineering,3,0,1,0,1,36.9,4.1,81.3,3,3,0,82.2,1,MNC,Software Engineer,87.78,82.2,0
S869,5.18,Computer Science and Engineering,3,0,1,1,0,24.7,7.4,88.7,2,6,0,89.6,1,MNC,Data Scientist,85.23,89.6,0
S870,8.4,Mechanical Engineering,3,0,1,0,0,26.0,8.5,61.9,2,1,0,60.9,1,Startup,Data Scientist,42.17,60.9,0
S871,9.56,Information Technology,2,0,1,0,1,15.1,9.5,73.9,0,6,0,79.4,1,MNC,Web Developer,84.77,79.4,0
S872,8.98,Computer Science and Engineering,3,0,0,1,0,60.1,7.7,73.6,3,5,0,88.4,1,Startup,Data Scientist,52.44,88.4,0
S873,6.36,Civil Engineering,3,1,0,0,0,35.6,5.1,91.4,2,6,0,70.3,1,Startup,Web Developer,50.51,70.3,0
S874,7.01,Computer Science and Engineering,3,0,0,0,0,90.7,10.0,49.8,0,5,0,52.0,1,Startup,Web Developer,42.11,52.0,0
S875,8.56,Computer Science and Engineering,2,1,0,1,1,17.4,5.3,71.5,0,1,0,51.1,1,MNC,Data Scientist,85.1,51.1,0
S876,8.27,Mechanical Engineering,2,0,0,0,0,2.2,5.0,73.9,2,5,0,56.8,1,Startup,Web Developer,40.76,56.8,0
S877,9.98,Mechanical Engineering,1,1,0,1,0,95.3,5.7,62.9,0,4,1,61.5,1,Mid-size,Web Developer,67.43,61.5,0
S878,5.23,Civil Engineering,2,0,0,0,0,18.0,4.7,94.9,0,6,0,44.5,0,Not placed,Not placed,,44.5,0
S879,6.59,Civil Engineering,1,0,0,0,0,69.3,7.2,66.1,1,1,0,38.9,1,Startup,Web Developer,40.82,38.9,0
S880,7.35,Electronics and Communication Engineering,1,0,0,0,0,50.4,9.1,54.1,3,6,3,86.6,1,Startup,Data Scientist,44.27,86.6,0
S881,9.11,Mechanical Engineering,1,0,0,1,0,74.3,6.1,74.9,0,1,0,30.6,1,Startup,Software Engineer,41.37,30.6,0
S882,9.52,Electrical and Electronics Engineering,2,0,0,1,1,7.9,6.9,52.6,0,6,1,69.3,1,Mid-size,Software Engineer,66.0,69.3,0
S883,7.19,Mechanical Engineering,1,0,0,1,0,27.0,4.3,65.9,2,1,0,47.2,1,Startup,Software Engineer,39.37,47.2,0
S884,8.67,Electrical and Electronics Engineering,1,1,1,0,0,39.9,6.0,66.2,1,1,0,53.1,1,Mid-size,Analyst,59.95,53.1,0
S885,9.48,Electrical and Electronics Engineering,1,1,0,1,0,3.4,6.5,51.7,0,4,0,64.1,1,Mid-size,Data Scientist,68.73,64.1,0
S886,5.84,Civil Engineering,3,0,0,0,1,31.7,7.2,81.5,1,5,0,65.1,1,Startup,Web Developer,43.51,65.1,0
S887,9.01,Electronics and Communication Engineering,2,1,0,0,1,44.5,9.7,89.4,1,6,0,86.3,1,Mid-size,Web Developer,57.22,86.3,0
S888,7.58,Electrical and Electronics Engineering,2,0,1,1,1,63.4,7.2,95.6,3,4,0,100.0,1,MNC,Software Engineer,75.69,103.4,1
S889,7.17,Civil Engineering,3,0,0,1,1,28.0,8.0,95.7,0,2,0,53.9,0,Not placed,Not placed,,53.9,0
S890,6.63,Mechanical Engineering,1,1,0,0,0,86.3,6.5,84.6,2,5,2,72.6,1,Startup,Analyst,42.99,72.6,0
S891,9.05,Computer Science and Engineering,1,1,1,0,0,19.8,6.2,80.0,1,3,1,65.0,1,Mid-size,Web Developer,51.38,65.0,0
S892,9.36,Mechanical Engineering,1,0,0,0,0,37.2,5.9,77.3,0,6,0,49.0,1,Startup,Data Scientist,43.13,49.0,0
S893,7.78,Computer Science and Engineering,1,1,0,1,0,81.3,9.6,60.1,1,2,0,68.7,1,Mid-size,Analyst,73.32,68.7,0
S894,8.28,Electrical and Electronics Engineering,3,1,0,0,0,93.8,8.3,73.1,2,1,0,64.8,1,Startup,Web Developer,46.13,64.8,0
S895,6.33,Mechanical Engineering,2,0,1,1,0,84.0,4.7,52.9,0,1,0,34.8,1,MNC,Data Scientist,80.0,34.8,0
S896,6.56,Information Technology,2,0,1,0,1,38.4,8.6,48.6,0,6,0,71.9,1,MNC,Analyst,75.86,71.9,0
S897,9.8,Information Technology,2,0,1,1,0,37.8,8.5,94.8,2,5,1,90.1,1,Mid-size,Data Scientist,50.6,90.1,0
S898,7.47,Civil Engineering,1,1,0,1,0,52.6,5.8,75.7,0,6,0,69.9,1,MNC,Software Engineer,78.54,69.9,0
S899,6.17,Civil Engineering,2,1,0,0,0,33.4,6.8,41.6,0,4,0,47.3,1,Startup,Software Engineer,37.91,47.3,0
S900,9.33,Information Technology,1,1,0,0,0,24.1,7.0,96.7,1,2,0,50.5,1,Startup,Software Engineer,44.41,50.5,0
S901,5.47,Computer Science and Engineering,3,1,1,0,1,16.4,4.3,47.3,3,2,2,84.8,0,Not placed,Not placed,,84.8,0
S902,5.99,Computer Science and Engineering,2,1,0,0,0,50.9,4.7,96.3,3,4,0,73.2,1,Startup,Software Engineer,42.35,73.2,0
S903,7.79,Information Technology,3,1,1,0,0,8.3,9.5,64.3,1,2,3,65.4,0,Not placed,Not placed,,65.4,0
S904,6.95,Computer Science and Engineering,2,1,0,0,0,5.4,9.5,79.7,2,4,0,79.0,1,Startup,Web Developer,38.71,79.0,0
S905,7.69,Information Technology,3,1,0,1,0,18.9,8.6,45.5,1,4,0,78.2,1,MNC,Data Scientist,87.79,78.2,0
S906,6.15,Computer Science and Engineering,1,0,1,0,1,61.2,5.7,79.2,1,4,0,66.9,1,Mid-size,Analyst,50.02,66.9,0
S907,6.02,Information Technology,3,1,0,0,1,17.0,4.1,54.2,0,6,3,57.9,0,Not placed,Not placed,,57.9,0
S908,5.53,Mechanical Engineering,2,1,1,0,0,64.0,7.4,46.8,3,3,0,83.7,1,Mid-size,Analyst,56.3,83.7,0
S909,7.79,Information Technology,2,1,0,0,0,74.7,4.7,65.5,0,6,0,50.5,1,Startup,Data Scientist,46.43,50.5,0
S910,8.95,Civil Engineering,3,1,1,0,1,41.8,7.4,41.3,3,4,1,100.0,1,Mid-size,Data Scientist,70.49,104.7,1
S911,7.38,Electrical and Electronics Engineering,2,1,1,0,1,71.9,7.9,71.2,1,4,0,87.4,1,MNC,Analyst,84.41,87.4,0
S912,8.62,Computer Science and Engineering,3,1,0,1,0,18.0,4.1,52.6,1,4,0,60.1,1,Mid-size,Data Scientist,47.94,60.1,0
S913,5.45,Civil Engineering,3,0,1,0,0,88.9,6.7,58.9,3,2,1,70.2,1,Startup,Web Developer,43.31,70.2,0
S914,9.92,Mechanical Engineering,2,0,1,0,0,76.3,5.0,77.9,0,6,1,53.4,1,Startup,Software Engineer,46.05,53.4,0
S915,9.33,Electronics and Communication Engineering,3,1,1,1,0,89.0,9.9,69.7,3,3,0,100.0,1,MNC,Web Developer,80.72,107.6,1
S916,8.94,Mechanical Engineering,2,0,0,0,1,22.2,5.3,96.8,3,5,1,77.8,1,Startup,Web Developer,42.86,77.8,0
S917,9.78,Electrical and Electronics Engineering,1,1,1,0,1,82.8,5.0,92.3,0,5,0,71.8,1,Top Tech,Analyst,97.29,71.8,0
S918,9.3,Electrical and Electronics Engineering,1,0,0,0,1,76.3,5.9,48.8,3,4,1,74.5,1,Startup,Web Developer,41.54,74.5,0
S919,5.28,Information Technology,1,1,1,0,0,59.2,8.6,51.4,1,4,1,73.4,1,MNC,Analyst,72.09,73.4,0
S920,8.49,Civil Engineering,1,0,1,0,0,29.7,8.6,65.7,2,1,0,63.2,1,Startup,Web Developer,41.19,63.2,0
S921,8.14,Computer Science and Engineering,3,1,1,1,1,58.1,9.5,88.5,2,1,0,88.9,1,MNC,Web Developer,96.32,88.9,0
S922,7.16,Electrical and Electronics Engineering,3,1,0,1,0,42.4,9.1,58.7,2,4,0,88.8,1,MNC,Data Scientist,76.67,88.8,0
S923,6.99,Electrical and Electronics Engineering,1,1,0,0,0,3.5,6.8,63.9,0,4,0,52.1,1,Startup,Analyst,33.42,52.1,0
S924,8.77,Information Technology,2,0,0,1,1,37.8,4.2,83.6,2,5,0,80.8,1,Mid-size,Software Engineer,53.81,80.8,0
S925,8.0,Electrical and Electronics Engineering,2,0,0,0,0,51.1,8.9,85.2,3,2,1,68.9,1,Startup,Software Engineer,49.07,68.9,0
S926,8.09,Mechanical Engineering,3,1,1,0,1,88.2,6.4,44.0,1,2,0,67.0,1,MNC,Data Scientist,83.88,67.0,0
S927,8.93,Computer Science and Engineering,2,1,0,0,0,1.8,6.6,55.2,1,1,2,45.3,0,Not placed,Not placed,,45.3,0
S928,7.98,Electrical and Electronics Engineering,3,0,1,0,0,81.4,7.7,90.3,1,3,2,53.5,1,Startup,Software Engineer,44.34,53.5,0
S929,5.7,Computer Science and Engineering,1,1,1,0,1,80.5,8.4,95.5,1,6,0,92.7,1,Top Tech,Data Scientist,90.09,92.7,0
S930,5.18,Electrical and Electronics Engineering,1,1,1,0,1,7.0,9.9,77.0,0,3,0,72.6,1,Mid-size,Analyst,54.67,72.6,0
S931,6.79,Electronics and Communication Engineering,1,1,1,0,1,34.4,5.1,91.0,2,3,3,83.2,1,Mid-size,Data Scientist,51.45,83.2,0
S932,8.23,Information Technology,3,1,0,0,1,3.5,8.6,83.4,3,3,0,92.7,1,Mid-size,Software Engineer,59.76,92.7,0
S933,8.8,Civil Engineering,2,1,0,0,0,76.2,4.6,63.8,0,2,0,35.6,1,Startup,Data Scientist,39.89,35.6,0
S934,7.88,Civil Engineering,3,0,0,0,0,35.5,4.2,73.2,0,4,2,32.6,0,Not placed,Not placed,,32.6,0
S935,7.99,Civil Engineering,1,0,0,0,1,72.5,8.8,98.9,3,2,0,79.1,1,Startup,Web Developer,46.72,79.1,0
S936,5.1,Information Technology,3,1,0,1,0,35.1,5.3,75.1,0,6,0,61.5,0,Not placed,Not placed,,61.5,0
S937,7.09,Electronics and Communication Engineering,2,1,1,0,0,76.8,5.7,64.5,1,5,0,71.4,1,Mid-size,Web Developer,66.23,71.4,0
S938,9.67,Electrical and Electronics Engineering,3,0,1,0,1,26.5,6.0,72.9,0,6,1,67.9,1,MNC,Analyst,89.53,67.9,0
S939,9.83,Electronics and Communication Engineering,2,1,1,1,1,96.4,5.9,87.9,0,5,0,81.2,1,MNC,Analyst,89.3,81.2,0
S940,5.6,Mechanical Engineering,2,0,1,0,1,97.2,5.3,51.2,1,5,0,67.0,1,MNC,Web Developer,87.56,67.0,0
S941,6.58,Computer Science and Engineering,3,0,1,0,1,97.0,6.6,64.4,1,2,0,57.8,1,MNC,Web Developer,80.66,57.8,0
S942,9.08,Electronics and Communication Engineering,1,0,1,0,0,54.2,5.7,59.4,1,5,0,58.9,1,Startup,Analyst,39.93,58.9,0
S943,7.58,Electronics and Communication Engineering,2,0,1,0,0,21.6,7.0,85.4,1,6,0,70.7,1,Startup,Software Engineer,40.05,70.7,0
S944,5.3,Mechanical Engineering,1,1,1,0,1,53.7,6.8,70.7,1,3,0,80.1,1,Mid-size,Data Scientist,48.65,80.1,0
S945,5.52,Computer Science and Engineering,2,1,0,1,1,66.8,8.0,82.0,1,5,1,84.7,1,MNC,Web Developer,77.87,84.7,0
S946,5.85,Electronics and Communication Engineering,1,1,1,0,1,81.6,9.6,92.6,0,6,1,84.2,1,Top Tech,Data Scientist,117.4,84.2,0
S947,7.29,Electronics and Communication Engineering,1,1,1,0,1,86.7,4.1,47.7,1,4,1,68.3,1,Top Tech,Web Developer,111.28,68.3,0
S948,7.83,Mechanical Engineering,1,1,1,1,1,81.3,7.9,67.5,2,5,1,100.0,1,Top Tech,Web Developer,124.47,104.1,1
S949,7.62,Mechanical Engineering,3,0,1,0,1,55.1,6.5,90.3,3,6,0,99.9,1,MNC,Analyst,67.19,99.9,0
S950,5.51,Electronics and Communication Engineering,2,1,0,1,1,97.6,9.6,56.3,1,5,0,90.9,1,Mid-size,Web Developer,56.64,90.9,0
S951,7.2,Electrical and Electronics Engineering,1,1,0,0,0,89.1,6.6,72.0,3,4,0,84.3,1,Startup,Analyst,42.24,84.3,0
S952,9.14,Information Technology,1,1,1,1,0,94.9,4.4,93.9,0,1,0,50.9,1,Top Tech,Web Developer,107.58,50.9,0
S953,7.69,Information Technology,3,1,0,0,1,2.8,4.8,74.2,2,3,0,73.0,1,MNC,Software Engineer,79.67,73.0,0
S954,6.09,Mechanical Engineering,1,0,1,1,1,0.4,7.0,82.3,0,6,0,80.3,1,MNC,Software Engineer,85.08,80.3,0
S955,8.18,Civil Engineering,1,1,1,1,0,52.5,8.3,41.2,1,3,0,83.7,1,MNC,Software Engineer,69.85,83.7,0
S956,7.91,Electrical and Electronics Engineering,1,1,1,0,0,29.7,4.9,48.3,0,1,1,42.8,1,MNC,Data Scientist,61.25,42.8,0
S957,9.49,Computer Science and Engineering,3,0,1,1,1,67.7,7.5,83.2,1,5,0,83.8,1,MNC,Data Scientist,77.58,83.8,0
S958,7.14,Computer Science and Engineering,1,1,0,1,1,95.2,8.7,79.6,2,6,0,100.0,1,MNC,Web Developer,85.8,103.7,1
S959,9.69,Electronics and Communication Engineering,1,0,0,1,0,9.5,8.7,67.3,1,6,2,77.0,1,Startup,Web Developer,41.94,77.0,0
S960,9.18,Civil Engineering,2,1,1,0,0,0.9,9.0,45.2,1,1,0,58.2,1,Mid-size,Software Engineer,54.19,58.2,0
S961,6.52,Computer Science and Engineering,3,1,1,0,0,43.2,4.7,44.7,1,4,0,65.2,1,MNC,Web Developer,74.37,65.2,0
S962,9.14,Computer Science and Engineering,1,1,1,0,0,49.3,7.8,51.0,0,5,0,68.9,1,Mid-size,Analyst,67.19,68.9,0
S963,9.29,Mechanical Engineering,2,1,0,1,0,65.5,6.0,59.4,1,6,0,75.7,1,Mid-size,Software Engineer,72.16,75.7,0
S964,5.72,Mechanical Engineering,3,1,1,0,1,53.2,6.5,76.1,1,2,1,74.2,1,MNC,Web Developer,69.46,74.2,0
S965,6.7,Information Technology,1,0,1,0,0,88.9,10.0,45.2,2,2,0,65.8,1,Startup,Software Engineer,42.48,65.8,0
S966,9.41,Mechanical Engineering,1,1,0,0,1,98.7,9.5,83.0,0,5,0,77.2,1,MNC,Data Scientist,72.45,77.2,0
S967,6.95,Information Technology,3,1,0,0,0,74.9,9.4,43.0,1,1,0,57.3,1,Startup,Analyst,42.27,57.3,0
S968,6.61,Electronics and Communication Engineering,2,1,0,0,0,85.9,5.3,49.2,3,4,0,78.2,1,Startup,Web Developer,45.57,78.2,0
S969,7.13,Computer Science and Engineering,2,1,1,0,1,71.9,6.6,48.5,1,1,0,65.7,1,Mid-size,Web Developer,60.89,65.7,0
S970,8.27,Electrical and Electronics Engineering,3,0,1,1,0,52.5,8.1,85.3,0,3,0,55.6,1,Mid-size,Data Scientist,53.9,55.6,0
S971,7.49,Civil Engineering,1,1,1,0,1,6.2,6.8,89.7,1,2,0,72.2,1,MNC,Analyst,75.53,72.2,0
S972,9.42,Civil Engineering,1,1,0,0,0,16.8,5.0,47.8,0,6,0,54.6,1,Startup,Software Engineer,44.09,54.6,0
S973,9.91,Computer Science and Engineering,2,0,1,0,1,99.5,8.9,73.3,1,4,2,81.6,1,Mid-size,Web Developer,55.77,81.6,0
S974,5.45,Electrical and Electronics Engineering,3,0,1,1,1,63.1,7.1,82.5,1,6,0,94.7,1,MNC,Web Developer,70.33,94.7,0
S975,5.33,Computer Science and Engineering,3,1,0,0,1,14.1,6.7,59.5,0,1,0,46.7,0,Not placed,Not placed,,46.7,0
S976,9.4,Computer Science and Engineering,3,1,0,0,1,18.5,5.6,64.5,1,6,1,72.0,1,MNC,Data Scientist,88.86,72.0,0
S977,8.58,Computer Science and Engineering,2,1,1,0,0,95.1,4.7,60.8,2,5,1,80.9,1,MNC,Web Developer,98.1,80.9,0
S978,8.95,Civil Engineering,2,0,1,0,0,14.6,7.3,78.9,1,2,1,49.0,1,Startup,Software Engineer,39.96,49.0,0
S979,5.26,Mechanical Engineering,1,1,1,0,0,4.2,8.1,58.4,1,6,0,82.8,1,Mid-size,Data Scientist,55.96,82.8,0
S980,5.95,Information Technology,3,1,1,0,0,13.2,6.3,52.2,1,2,0,59.7,0,Not placed,Not placed,,59.7,0
S981,6.76,Mechanical Engineering,2,1,0,0,0,80.8,9.8,78.2,2,5,0,89.3,1,Startup,Analyst,44.37,89.3,0
S982,8.97,Computer Science and Engineering,1,1,1,0,0,61.0,5.6,81.9,0,2,0,47.4,1,Mid-size,Analyst,59.25,47.4,0
S983,6.56,Mechanical Engineering,3,1,1,0,0,43.1,6.0,79.4,3,4,0,87.3,1,MNC,Software Engineer,72.5,87.3,0
S984,6.22,Information Technology,2,0,1,0,0,77.2,7.1,76.6,2,5,0,80.1,1,Startup,Software Engineer,47.44,80.1,0
S985,6.77,Information Technology,3,1,1,0,0,85.9,9.2,68.3,1,6,3,90.9,1,Mid-size,Data Scientist,76.28,90.9,0
S986,9.84,Civil Engineering,2,1,0,0,0,94.3,9.3,71.4,1,1,0,51.5,1,Startup,Software Engineer,48.82,51.5,0
S987,9.18,Electronics and Communication Engineering,1,0,0,0,1,96.5,8.9,96.4,0,2,0,42.1,1,Startup,Data Scientist,40.82,42.1,0
S988,8.38,Mechanical Engineering,2,0,0,0,1,38.7,9.4,57.6,2,4,0,81.4,1,Startup,Analyst,52.22,81.4,0
S989,6.06,Electrical and Electronics Engineering,3,1,1,1,0,93.1,6.7,80.2,0,4,1,69.4,1,Mid-size,Data Scientist,53.75,69.4,0
S990,6.12,Civil Engineering,3,1,0,0,1,78.7,6.2,99.3,1,3,1,65.6,1,Mid-size,Software Engineer,61.56,65.6,0
S991,6.05,Mechanical Engineering,3,1,1,0,0,31.8,4.9,57.4,0,2,1,42.9,0,Not placed,Not placed,,42.9,0
S992,5.11,Electronics and Communication Engineering,1,1,0,0,1,19.9,8.9,64.8,0,4,0,69.9,1,MNC,Software Engineer,71.7,69.9,0
S993,9.45,Electrical and Electronics Engineering,1,1,0,1,1,68.4,6.8,45.6,2,3,0,83.7,1,MNC,Software Engineer,95.98,83.7,0
S994,5.35,Electronics and Communication Engineering,3,0,0,0,0,29.2,7.3,56.6,1,6,0,62.3,1,Startup,Web Developer,41.19,62.3,0
S995,5.59,Electronics and Communication Engineering,1,1,0,1,0,73.9,9.4,95.3,1,6,0,83.4,1,MNC,Analyst,73.95,83.4,0
S996,7.91,Electrical and Electronics Engineering,2,1,0,1,1,91.3,9.0,81.3,1,4,0,84.0,1,MNC,Data Scientist,77.04,84.0,0
S997,5.25,Electronics and Communication Engineering,3,1,1,0,0,15.0,8.7,59.9,1,5,0,84.2,1,MNC,Web Developer,75.7,84.2,0
S998,9.69,Electrical and Electronics Engineering,1,1,0,0,1,67.1,9.1,55.0,2,1,0,68.9,1,MNC,Web Developer,83.44,68.9,0
S999,8.48,Computer Science and Engineering,3,1,0,0,1,37.4,8.6,67.2,2,5,1,91.4,1,MNC,Analyst,81.42,91.4,0
S1000,7.73,Information Technology,3,1,1,0,1,39.6,4.9,91.8,0,4,0,61.6,1,MNC,Software Engineer,78.19,61.6,0
S1001,6.02,Computer Science and Engineering,2,0,0,1,0,86.7,9.1,70.7,2,1,0,60.0,1,Startup,Data Scientist,42.8,60.0,0
S1002,5.5,Electrical and Electronics Engineering,3,1,0,0,0,36.6,7.9,96.9,0,4,0,57.7,0,Not placed,Not placed,,57.7,0
S1003,5.43,Civil Engineering,1,0,1,1,0,69.4,4.1,51.3,1,1,0,46.8,1,MNC,Web Developer,85.75,46.8,0
S1004,5.42,Electronics and Communication Engineering,2,1,1,1,0,67.1,5.4,66.3,0,3,0,62.0,1,Mid-size,Software Engineer,66.06,62.0,0
S1005,7.44,Computer Science and Engineering,1,1,0,0,0,68.2,6.1,53.5,0,2,0,34.1,1,Startup,Analyst,44.84,34.1,0
S1006,6.92,Electrical and Electronics Engineering,2,0,0,0,1,13.5,7.6,60.6,0,3,0,49.4,0,Not placed,Not placed,,49.4,0
S1007,5.68,Electronics and Communication Engineering,1,1,1,1,1,9.9,10.0,64.0,0,5,0,95.3,1,MNC,Data Scientist,80.38,95.3,0
S1008,5.35,Computer Science and Engineering,1,1,1,0,1,41.8,9.2,46.6,0,5,0,78.0,1,Mid-size,Web Developer,52.08,78.0,0
S1009,8.2,Electrical and Electronics Engineering,3,1,1,0,0,98.5,9.5,41.7,2,5,0,92.5,1,Mid-size,Web Developer,71.32,92.5,0
S1010,5.6,Computer Science and Engineering,1,1,0,0,0,3.5,4.4,62.4,0,1,1,32.7,0,Not placed,Not placed,,32.7,0
S1011,7.52,Computer Science and Engineering,2,1,0,0,0,33.3,6.6,71.8,1,2,0,49.6,1,Startup,Software Engineer,43.4,49.6,0
S1012,6.93,Mechanical Engineering,3,0,1,0,1,80.5,9.6,45.1,0,5,0,69.6,1,MNC,Analyst,87.22,69.6,0
S1013,5.05,Electrical and Electronics Engineering,1,1,0,0,0,55.2,9.9,44.4,0,6,1,72.5,1,Startup,Analyst,43.63,72.5,0
S1014,8.03,Electrical and Electronics Engineering,2,0,0,0,0,22.8,4.9,76.9,3,3,0,55.6,1,Startup,Software Engineer,45.46,55.6,0
S1015,5.29,Civil Engineering,3,1,1,1,0,24.0,6.4,92.0,3,1,2,79.3,0,Not placed,Not placed,,79.3,0
S1016,5.74,Information Technology,3,0,1,1,0,62.0,9.5,67.8,0,2,2,63.3,1,Mid-size,Data Scientist,67.95,63.3,0
S1017,8.92,Civil Engineering,2,1,1,0,0,81.0,9.7,61.7,0,3,0,61.1,1,Mid-size,Data Scientist,74.03,61.1,0
S1018,5.9,Information Technology,2,1,1,0,1,57.4,6.8,78.2,0,6,0,82.8,1,MNC,Analyst,78.0,82.8,0
S1019,9.58,Electronics and Communication Engineering,2,0,1,0,0,35.7,5.1,57.7,1,5,2,59.8,0,Not placed,Not placed,,59.8,0
S1020,8.71,Information Technology,1,1,1,1,1,34.9,9.0,81.9,1,4,0,92.7,1,MNC,Data Scientist,92.19,92.7,0
S1021,8.16,Electrical and Electronics Engineering,2,1,1,0,0,34.9,6.6,60.1,0,1,0,41.4,0,Not placed,Not placed,,41.4,0
S1022,5.86,Electrical and Electronics Engineering,2,1,0,0,1,58.6,8.7,84.8,0,3,0,61.6,1,MNC,Web Developer,88.43,61.6,0
S1023,5.29,Computer Science and Engineering,2,1,1,0,0,83.5,4.2,56.1,1,4,0,61.0,1,MNC,Analyst,70.3,61.0,0
S1024,5.11,Information Technology,3,0,1,0,0,7.9,8.0,48.3,1,6,1,75.0,1,Startup,Web Developer,39.46,75.0,0
S1025,9.44,Mechanical Engineering,3,0,0,0,1,1.1,9.2,67.1,0,1,0,42.3,0,Not placed,Not placed,,42.3,0
S1026,6.4,Information Technology,2,1,1,0,0,92.6,5.3,81.6,2,1,1,61.7,1,Mid-size,Software Engineer,65.17,61.7,0
S1027,6.87,Information Technology,2,1,1,0,0,55.3,5.7,54.0,1,1,0,53.9,1,MNC,Software Engineer,83.93,53.9,0
S1028,9.66,Electrical and Electronics Engineering,2,0,1,0,0,31.0,8.5,73.4,2,6,0,81.5,1,Startup,Web Developer,40.19,81.5,0
S1029,5.65,Electronics and Communication Engineering,2,0,1,0,0,9.2,7.7,49.8,0,4,1,51.0,0,Not placed,Not placed,,51.0,0
S1030,9.9,Electronics and Communication Engineering,2,1,1,0,0,79.8,4.2,82.0,0,4,0,53.4,1,Mid-size,Data Scientist,49.22,53.4,0
S1031,9.8,Electronics and Communication Engineering,2,1,0,0,1,49.3,7.4,50.0,2,2,1,67.4,1,MNC,Data Scientist,74.42,67.4,0
S1032,6.84,Electrical and Electronics Engineering,2,0,1,0,1,63.0,8.4,90.2,0,2,0,56.7,1,MNC,Data Scientist,86.23,56.7,0
S1033,6.94,Electrical and Electronics Engineering,2,1,1,0,0,9.4,5.1,40.4,0,4,0,53.7,1,MNC,Analyst,63.15,53.7,0
S1034,7.04,Civil Engineering,3,1,1,0,0,5.8,9.1,97.6,1,3,0,76.2,1,Mid-size,Web Developer,53.1,76.2,0
S1035,8.93,Mechanical Engineering,1,1,0,0,1,3.5,8.1,71.7,0,4,0,69.2,1,Mid-size,Analyst,50.24,69.2,0
S1036,8.95,Electrical and Electronics Engineering,2,0,0,0,1,85.4,9.6,87.3,1,3,0,67.8,1,Startup,Web Developer,49.91,67.8,0
S1037,7.98,Electronics and Communication Engineering,1,1,0,0,1,74.6,8.0,78.6,0,2,0,50.7,1,Mid-size,Data Scientist,70.32,50.7,0
S1038,8.87,Mechanical Engineering,3,1,0,1,1,20.3,5.8,69.7,0,1,0,49.7,1,MNC,Data Scientist,67.0,49.7,0
S1039,9.37,Civil Engineering,3,1,1,0,0,57.6,6.8,79.6,2,3,0,79.5,1,Mid-size,Software Engineer,74.49,79.5,0
S1040,7.52,Civil Engineering,2,1,0,0,1,6.5,6.3,40.2,1,3,0,60.2,1,Mid-size,Data Scientist,49.89,60.2,0
S1041,9.83,Electrical and Electronics Engineering,2,1,1,0,0,78.4,8.1,80.9,1,5,1,80.9,1,Mid-size,Software Engineer,75.93,80.9,0
S1042,7.28,Electrical and Electronics Engineering,3,1,0,0,0,92.7,6.9,90.5,1,5,0,69.5,1,Startup,Web Developer,40.93,69.5,0
S1043,7.32,Information Technology,3,1,1,0,0,56.5,4.6,90.1,2,4,0,77.8,1,MNC,Analyst,92.48,77.8,0
S1044,9.1,Information Technology,2,0,0,0,0,77.4,5.4,83.7,0,5,3,44.3,0,Not placed,Not placed,,44.3,0
S1045,7.41,Civil Engineering,1,0,1,1,0,87.4,7.1,48.7,1,3,2,65.2,1,Mid-size,Web Developer,62.4,65.2,0
S1046,9.95,Electrical and Electronics Engineering,1,0,0,1,0,20.1,7.5,49.7,3,5,2,83.7,1,Startup,Web Developer,50.83,83.7,0
S1047,8.41,Mechanical Engineering,2,1,0,0,0,85.2,8.2,77.3,1,3,0,55.3,1,Startup,Web Developer,48.33,55.3,0
S1048,5.54,Mechanical Engineering,3,1,0,0,1,23.3,4.2,87.6,1,4,0,65.2,1,Mid-size,Web Developer,51.56,65.2,0
S1049,8.84,Mechanical Engineering,1,0,1,0,0,72.3,6.4,53.0,2,2,0,58.0,1,Startup,Analyst,48.47,58.0,0
S1050,5.19,Civil Engineering,3,1,1,0,0,54.0,8.2,80.7,1,3,0,65.2,1,MNC,Software Engineer,77.67,65.2,0
S1051,6.57,Computer Science and Engineering,1,1,1,1,1,26.7,4.7,41.0,0,6,1,85.8,1,Mid-size,Analyst,59.64,85.8,0
S1052,8.72,Information Technology,3,1,0,1,0,71.8,9.5,60.8,0,4,0,63.8,1,MNC,Software Engineer,84.0,63.8,0
S1053,6.96,Mechanical Engineering,3,1,0,0,0,34.2,9.8,87.9,1,4,2,71.3,0,Not placed,Not placed,,71.3,0
S1054,8.07,Civil Engineering,3,1,1,0,1,61.9,8.9,50.7,1,6,0,100.0,1,MNC,Web Developer,87.15,101.3,1
S1055,6.72,Electronics and Communication Engineering,2,1,1,1,1,38.2,9.5,56.6,0,1,1,76.4,1,MNC,Software Engineer,73.75,76.4,0
S1056,7.8,Computer Science and Engineering,1,0,0,1,0,45.2,4.8,88.2,1,3,0,49.2,1,Startup,Analyst,36.43,49.2,0
S1057,7.31,Information Technology,3,1,0,0,0,3.3,5.7,71.8,1,1,0,38.7,0,Not placed,Not placed,,38.7,0
S1058,6.15,Civil Engineering,3,0,1,0,0,49.5,4.5,99.1,1,1,0,34.3,1,Startup,Data Scientist,48.53,34.3,0
S1059,6.71,Electrical and Electronics Engineering,2,0,0,0,0,45.9,9.4,50.1,0,1,0,37.1,0,Not placed,Not placed,,37.1,0
S1060,6.91,Electrical and Electronics Engineering,2,0,0,0,0,41.7,4.8,49.8,0,3,0,32.9,0,Not placed,Not placed,,32.9,0
S1061,6.38,Civil Engineering,3,1,1,1,0,7.2,6.0,54.0,0,2,0,54.4,0,Not placed,Not placed,,54.4,0
S1062,8.13,Civil Engineering,3,0,0,1,0,2.9,6.0,75.1,0,6,0,58.8,1,Startup,Data Scientist,45.53,58.8,0
S1063,9.64,Electronics and Communication Engineering,1,0,0,0,1,15.5,9.2,59.8,1,3,0,66.5,1,Startup,Web Developer,41.32,66.5,0
S1064,6.85,Computer Science and Engineering,2,0,0,1,0,27.4,7.5,48.5,0,6,0,57.7,1,Startup,Web Developer,44.39,57.7,0
S1065,5.87,Computer Science and Engineering,1,0,0,0,1,8.4,5.3,44.8,3,1,0,63.8,1,Startup,Data Scientist,41.06,63.8,0
S1066,6.81,Electronics and Communication Engineering,2,1,1,0,1,88.4,4.0,96.0,1,2,1,61.7,1,MNC,Analyst,72.24,61.7,0
S1067,9.35,Electrical and Electronics Engineering,1,1,1,0,0,98.0,5.9,84.7,1,3,0,62.8,1,Mid-size,Web Developer,54.78,62.8,0
S1068,7.84,Electronics and Communication Engineering,2,1,1,1,1,22.6,8.4,71.8,0,2,0,78.2,1,Mid-size,Software Engineer,65.27,78.2,0
S1069,6.46,Electrical and Electronics Engineering,3,1,0,0,1,62.2,4.2,89.2,0,2,0,37.7,1,Mid-size,Web Developer,58.01,37.7,0
S1070,6.28,Electronics and Communication Engineering,1,0,1,0,0,87.1,8.6,89.3,3,2,0,74.7,1,Startup,Analyst,51.23,74.7,0
S1071,9.32,Computer Science and Engineering,3,1,1,1,0,56.7,8.6,85.5,1,2,1,79.2,1,MNC,Software Engineer,96.63,79.2,0
S1072,5.12,Computer Science and Engineering,2,1,0,0,0,5.3,8.1,44.4,0,4,0,52.0,0,Not placed,Not placed,,52.0,0
S1073,9.82,Civil Engineering,1,1,1,0,0,7.6,8.7,44.2,1,2,0,70.0,1,MNC,Data Scientist,68.79,70.0,0
S1074,8.55,Civil Engineering,1,1,1,1,1,54.2,6.0,82.1,1,3,0,82.7,1,Mid-size,Data Scientist,53.48,82.7,0
S1075,5.09,Mechanical Engineering,1,1,0,0,1,4.6,5.0,63.9,0,4,0,54.7,1,MNC,Analyst,75.45,54.7,0
S1076,6.58,Mechanical Engineering,2,1,1,0,1,22.7,8.2,73.2,1,1,2,69.0,1,Mid-size,Web Developer,67.45,69.0,0
S1077,6.03,Information Technology,2,1,0,0,1,11.2,6.7,51.5,2,2,0,66.4,1,Mid-size,Data Scientist,50.94,66.4,0
S1078,9.83,Information Technology,3,0,0,1,1,15.2,6.4,43.4,1,2,0,59.6,1,Mid-size,Web Developer,56.47,59.6,0
S1079,9.17,Electrical and Electronics Engineering,1,1,1,0,1,5.0,7.9,91.1,3,1,0,90.8,1,Mid-size,Data Scientist,56.38,90.8,0
S1080,7.31,Electrical and Electronics Engineering,3,0,1,1,1,26.8,4.7,62.9,2,2,0,69.6,1,Mid-size,Web Developer,72.42,69.6,0
S1081,8.55,Electrical and Electronics Engineering,1,0,1,1,1,77.0,5.4,98.5,3,2,0,83.8,1,Top Tech,Data Scientist,110.06,83.8,0
S1082,6.22,Information Technology,2,1,0,0,1,12.3,7.0,97.1,1,6,0,77.8,1,MNC,Software Engineer,84.44,77.8,0
S1083,7.36,Mechanical Engineering,1,1,1,1,1,33.4,9.0,57.5,0,6,2,96.5,1,MNC,Data Scientist,83.41,96.5,0
S1084,6.0,Electronics and Communication Engineering,2,1,0,0,1,69.1,4.3,60.3,1,2,1,51.5,1,MNC,Data Scientist,70.72,51.5,0
S1085,8.74,Electrical and Electronics Engineering,1,0,1,0,1,60.3,6.5,62.4,1,3,0,62.9,1,Mid-size,Analyst,71.94,62.9,0
S1086,8.95,Civil Engineering,2,0,0,0,0,63.5,5.7,87.5,2,5,0,63.4,1,Startup,Analyst,52.78,63.4,0
S1087,8.54,Mechanical Engineering,2,0,1,1,1,23.1,9.4,45.8,0,3,0,71.3,1,MNC,Web Developer,64.24,71.3,0
S1088,9.41,Mechanical Engineering,1,0,0,0,0,79.7,9.2,90.8,0,6,0,55.8,1,Startup,Analyst,42.59,55.8,0
S1089,9.75,Electronics and Communication Engineering,2,1,0,0,1,37.4,8.7,66.8,2,5,2,88.0,1,Mid-size,Data Scientist,74.61,88.0,0
S1090,9.85,Civil Engineering,3,0,0,0,0,0.1,8.4,85.1,2,6,3,74.9,0,Not placed,Not placed,,74.9,0
S1091,5.89,Electronics and Communication Engineering,3,0,0,0,0,89.0,6.6,58.7,3,2,0,58.3,1,Startup,Software Engineer,42.95,58.3,0
S1092,9.29,Civil Engineering,1,1,0,0,1,25.4,6.6,43.4,1,3,0,64.0,1,MNC,Analyst,68.56,64.0,0
S1093,7.65,Computer Science and Engineering,1,1,0,0,0,51.6,9.2,52.3,0,4,0,59.0,1,Startup,Analyst,41.39,59.0,0
S1094,7.38,Computer Science and Engineering,1,0,0,1,0,90.9,6.5,63.2,2,6,0,79.0,1,Startup,Analyst,51.43,79.0,0
S1095,6.0,Civil Engineering,1,1,1,0,1,70.8,8.7,73.8,1,1,2,73.7,1,Mid-size,Web Developer,73.67,73.7,0
S1096,7.05,Electrical and Electronics Engineering,3,0,1,0,0,53.7,9.1,64.4,2,2,1,64.9,0,Not placed,Not placed,,64.9,0
S1097,8.31,Information Technology,3,1,1,0,0,39.5,5.5,49.4,1,4,2,69.8,1,Mid-size,Web Developer,59.46,69.8,0
S1098,5.79,Electrical and Electronics Engineering,1,0,1,0,1,67.5,8.5,54.7,1,4,1,76.4,1,MNC,Web Developer,90.59,76.4,0
S1099,7.91,Civil Engineering,3,1,1,1,0,8.3,8.6,50.1,0,3,0,74.7,1,Mid-size,Data Scientist,57.37,74.7,0
S1100,6.5,Mechanical Engineering,1,0,0,1,0,50.5,5.3,44.5,1,2,0,44.1,0,Not placed,Not placed,,44.1,0
S1101,7.16,Electrical and Electronics Engineering,2,0,0,0,1,30.2,8.3,76.7,1,5,2,70.3,1,Startup,Data Scientist,42.75,70.3,0
S1102,7.76,Information Technology,2,1,0,0,0,62.3,5.6,74.9,0,1,0,28.6,1,Startup,Web Developer,46.66,28.6,0
S1103,7.77,Mechanical Engineering,1,1,0,0,0,96.1,8.5,77.9,0,6,1,66.3,1,Startup,Analyst,52.33,66.3,0
S1104,6.97,Computer Science and Engineering,2,1,0,0,0,98.5,6.2,71.6,2,5,0,73.8,1,Startup,Data Scientist,43.35,73.8,0
S1105,9.59,Information Technology,2,1,0,0,0,51.1,5.2,92.1,0,2,0,39.6,1,Startup,Web Developer,43.97,39.6,0
S1106,9.98,Electrical and Electronics Engineering,3,0,0,0,1,74.4,4.6,98.9,2,1,0,49.0,1,Startup,Web Developer,48.48,49.0,0
S1107,6.12,Electrical and Electronics Engineering,3,1,0,0,0,85.3,7.8,78.4,3,4,0,82.8,1,Startup,Web Developer,40.33,82.8,0
S1108,8.13,Electrical and Electronics Engineering,1,1,1,0,1,68.4,9.8,52.9,1,1,0,71.3,1,Mid-size,Software Engineer,63.21,71.3,0
S1109,7.89,Mechanical Engineering,1,0,0,0,0,69.7,8.0,55.3,2,3,0,57.5,1,Startup,Data Scientist,41.67,57.5,0
S1110,9.32,Electronics and Communication Engineering,1,0,1,0,0,2.2,9.7,65.0,2,1,0,62.6,1,Startup,Analyst,46.02,62.6,0
S1111,9.23,Information Technology,3,1,1,1,1,35.9,4.8,59.5,0,5,0,80.5,1,MNC,Analyst,85.1,80.5,0
S1112,7.59,Information Technology,2,0,1,1,1,74.9,7.1,77.1,1,2,1,69.8,1,MNC,Web Developer,96.93,69.8,0
S1113,8.07,Mechanical Engineering,3,1,1,0,0,39.5,9.6,77.6,0,2,0,57.7,1,Mid-size,Software Engineer,64.13,57.7,0
S1114,8.27,Mechanical Engineering,1,1,0,0,0,19.5,4.9,43.5,2,1,0,46.8,1,Startup,Analyst,41.89,46.8,0
S1115,8.04,Mechanical Engineering,2,1,0,0,0,19.6,8.4,88.1,1,6,2,79.5,0,Not placed,Not placed,,79.5,0
S1116,6.16,Mechanical Engineering,1,0,0,0,0,62.1,8.6,84.1,2,6,0,78.8,1,Startup,Web Developer,44.54,78.8,0
S1117,9.5,Mechanical Engineering,1,0,1,0,0,77.8,5.2,87.6,1,3,0,46.5,1,Startup,Web Developer,49.71,46.5,0
S1118,5.02,Computer Science and Engineering,3,1,1,1,0,37.3,8.5,69.4,0,5,3,77.0,0,Not placed,Not placed,,77.0,0
S1119,7.39,Civil Engineering,1,1,1,0,0,75.4,5.9,87.3,1,5,0,76.3,1,Mid-size,Analyst,67.1,76.3,0
S1120,6.92,Computer Science and Engineering,2,1,1,0,0,38.8,6.6,44.4,1,4,0,70.8,1,MNC,Analyst,85.97,70.8,0
S1121,8.42,Electronics and Communication Engineering,1,0,0,0,0,28.1,5.7,44.6,0,6,0,49.1,1,Startup,Web Developer,45.11,49.1,0
S1122,9.84,Computer Science and Engineering,1,1,1,1,0,68.2,8.1,94.4,1,1,0,68.4,1,MNC,Data Scientist,89.02,68.4,0
S1123,5.5,Civil Engineering,3,1,1,1,0,7.8,4.7,86.4,0,2,0,49.4,1,Mid-size,Analyst,57.14,49.4,0
S1124,7.96,Civil Engineering,3,1,0,1,1,85.0,8.9,84.7,1,5,1,93.3,1,MNC,Web Developer,93.41,93.3,0
S1125,8.49,Information Technology,3,1,1,1,1,3.4,9.0,57.1,1,6,1,100.0,1,Mid-size,Data Scientist,65.05,111.8,1
S1126,5.23,Information Technology,1,1,0,0,0,80.7,7.4,96.2,2,1,0,54.5,1,Startup,Software Engineer,47.25,54.5,0
S1127,8.72,Mechanical Engineering,2,1,1,0,1,56.0,5.5,53.8,1,4,1,77.7,1,Mid-size,Analyst,65.26,77.7,0
S1128,8.1,Mechanical Engineering,3,1,0,0,0,28.3,9.9,55.8,1,3,0,68.7,0,Not placed,Not placed,,68.7,0
S1129,9.76,Information Technology,2,1,1,0,0,48.8,6.7,59.9,3,6,0,100.0,1,MNC,Analyst,95.29,103.0,1
S1130,8.44,Electronics and Communication Engineering,3,1,0,0,0,16.4,5.7,84.6,1,4,0,54.0,1,Startup,Analyst,42.15,54.0,0
S1131,9.86,Mechanical Engineering,3,1,1,0,1,61.8,8.9,76.0,3,2,0,98.1,1,Mid-size,Software Engineer,64.92,98.1,0
S1132,6.01,Information Technology,2,1,1,0,1,74.0,8.0,89.6,1,4,0,86.4,1,MNC,Software Engineer,91.19,86.4,0
S1133,9.69,Electronics and Communication Engineering,3,0,1,0,1,9.9,7.9,87.5,1,2,0,65.0,1,MNC,Data Scientist,67.63,65.0,0
S1134,8.1,Civil Engineering,1,0,1,0,0,8.8,9.1,79.1,3,4,0,87.9,1,Startup,Data Scientist,46.78,87.9,0
S1135,5.03,Information Technology,3,0,1,0,1,30.0,8.9,65.5,0,4,0,68.0,1,MNC,Analyst,81.53,68.0,0
S1136,6.94,Information Technology,3,1,1,0,0,10.9,7.6,88.1,1,2,0,66.1,1,Mid-size,Web Developer,61.62,66.1,0
S1137,6.2,Electrical and Electronics Engineering,1,1,1,1,1,38.0,5.1,85.6,0,3,0,66.2,1,MNC,Analyst,79.64,66.2,0
S1138,9.65,Civil Engineering,2,1,1,0,0,2.2,9.9,73.5,0,4,0,73.6,1,Mid-size,Web Developer,60.81,73.6,0
S1139,9.79,Electrical and Electronics Engineering,1,1,1,0,0,61.5,5.9,74.2,0,5,1,63.1,1,MNC,Software Engineer,69.46,63.1,0
S1140,8.1,Electrical and Electronics Engineering,3,1,1,0,0,52.5,8.9,42.7,3,3,2,89.7,1,Mid-size,Analyst,69.34,89.7,0
S1141,6.67,Civil Engineering,2,0,1,1,1,35.3,4.5,85.2,2,3,0,74.4,1,MNC,Web Developer,78.25,74.4,0
S1142,7.78,Electrical and Electronics Engineering,2,1,0,0,0,0.2,4.7,85.0,0,4,1,43.9,0,Not placed,Not placed,,43.9,0
S1143,5.74,Mechanical Engineering,1,0,0,1,1,22.3,7.7,54.6,3,1,0,73.6,1,MNC,Software Engineer,89.38,73.6,0
S1144,5.56,Civil Engineering,2,1,1,0,0,30.4,4.2,42.2,3,3,0,82.6,1,Mid-size,Analyst,57.89,82.6,0
S1145,8.08,Computer Science and Engineering,3,1,0,0,1,58.9,9.5,93.9,3,2,0,87.1,1,MNC,Web Developer,84.75,87.1,0
S1146,6.95,Information Technology,2,1,1,1,1,69.9,6.2,68.8,0,6,0,86.7,1,MNC,Data Scientist,81.88,86.7,0
S1147,5.0,Electrical and Electronics Engineering,2,0,0,1,0,45.7,4.9,64.3,0,2,0,38.6,1,Startup,Analyst,34.59,38.6,0
S1148,7.74,Electronics and Communication Engineering,2,1,1,0,1,87.8,6.7,47.3,1,1,0,60.9,1,MNC,Data Scientist,74.26,60.9,0
S1149,8.07,Mechanical Engineering,2,1,0,0,1,59.6,9.8,48.2,1,3,0,78.4,1,Mid-size,Analyst,72.17,78.4,0
S1150,5.46,Civil Engineering,1,0,0,0,1,55.7,7.2,55.2,0,6,0,61.7,1,Startup,Software Engineer,37.95,61.7,0
S1151,9.1,Computer Science and Engineering,3,1,0,0,0,33.5,7.4,86.9,0,2,1,44.7,0,Not placed,Not placed,,44.7,0
S1152,6.95,Electrical and Electronics Engineering,1,1,0,1,0,29.2,7.3,59.2,1,3,1,67.8,1,MNC,Software Engineer,71.24,67.8,0
S1153,9.8,Information Technology,2,1,1,0,0,26.7,5.6,69.2,1,4,0,69.0,1,MNC,Web Developer,84.41,69.0,0
S1154,9.42,Computer Science and Engineering,2,1,1,1,1,60.2,8.5,66.0,1,2,0,88.8,1,MNC,Data Scientist,91.32,88.8,0
S1155,6.41,Civil Engineering,1,1,1,1,0,50.9,8.4,69.9,1,3,0,76.7,1,Mid-size,Analyst,54.63,76.7,0
S1156,9.33,Information Technology,2,1,1,0,0,49.1,5.1,60.9,2,4,0,77.8,1,MNC,Software Engineer,68.91,77.8,0
S1157,8.09,Civil Engineering,2,1,0,0,0,36.6,6.6,74.1,1,2,1,52.0,1,Startup,Analyst,38.22,52.0,0
S1158,6.97,Computer Science and Engineering,2,0,0,1,1,56.5,5.4,95.1,0,3,0,46.6,1,MNC,Data Scientist,78.9,46.6,0
S1159,6.84,Computer Science and Engineering,2,1,0,1,1,34.2,4.7,45.5,0,4,1,66.7,1,MNC,Analyst,73.0,66.7,0
S1160,8.11,Civil Engineering,3,1,1,0,1,86.5,9.3,87.0,1,6,0,97.3,1,MNC,Data Scientist,90.24,97.3,0
S1161,7.25,Electrical and Electronics Engineering,3,1,1,0,0,14.4,9.3,64.6,1,5,0,81.8,1,MNC,Software Engineer,74.16,81.8,0
S1162,9.93,Civil Engineering,1,1,1,0,0,87.2,8.4,59.0,1,2,0,70.1,1,Mid-size,Software Engineer,76.91,70.1,0
S1163,5.17,Information Technology,2,0,1,0,1,43.9,9.6,72.1,1,2,0,68.6,1,Mid-size,Software Engineer,63.64,68.6,0
S1164,7.1,Information Technology,3,0,0,0,0,79.6,7.3,96.2,0,5,0,45.8,0,Not placed,Not placed,,45.8,0
S1165,6.15,Information Technology,3,1,0,0,1,42.2,4.1,99.1,1,5,0,65.4,1,MNC,Web Developer,64.03,65.4,0
S1166,6.56,Computer Science and Engineering,1,1,0,1,1,87.4,7.0,59.9,3,2,0,91.3,1,MNC,Analyst,95.32,91.3,0
S1167,9.61,Computer Science and Engineering,2,0,0,0,0,60.5,6.9,96.1,0,2,1,33.8,0,Not placed,Not placed,,33.8,0
S1168,7.97,Civil Engineering,1,1,1,0,0,10.2,9.4,77.8,0,4,0,72.6,1,MNC,Web Developer,86.09,72.6,0
S1169,7.81,Computer Science and Engineering,1,1,0,1,0,55.5,8.3,94.2,2,2,1,77.0,1,Mid-size,Web Developer,65.91,77.0,0
S1170,7.47,Computer Science and Engineering,3,1,1,0,0,60.2,4.8,75.0,0,6,1,67.3,1,Mid-size,Software Engineer,59.23,67.3,0
S1171,5.54,Computer Science and Engineering,2,1,1,1,0,35.5,4.9,81.4,3,1,1,83.3,1,MNC,Analyst,73.0,83.3,0
S1172,5.2,Electronics and Communication Engineering,1,1,1,1,1,5.3,7.7,47.5,0,2,0,68.7,1,Mid-size,Web Developer,57.84,68.7,0
S1173,5.53,Information Technology,3,1,0,0,1,55.9,6.2,78.5,0,1,1,43.6,0,Not placed,Not placed,,43.6,0
S1174,9.2,Civil Engineering,1,0,0,1,1,84.9,5.0,82.4,0,2,0,43.9,1,MNC,Software Engineer,76.07,43.9,0
S1175,5.23,Mechanical Engineering,3,1,1,0,1,36.9,6.5,73.8,3,2,0,90.6,1,Mid-size,Software Engineer,62.32,90.6,0
S1176,8.22,Mechanical Engineering,3,1,1,1,1,49.7,6.8,78.4,1,2,0,76.3,1,Mid-size,Data Scientist,57.25,76.3,0
S1177,5.74,Electrical and Electronics Engineering,2,0,0,0,0,87.7,4.1,43.7,2,1,0,40.7,0,Not placed,Not placed,,40.7,0
S1178,8.55,Civil Engineering,1,0,1,0,1,49.1,6.7,98.4,3,1,0,75.2,1,MNC,Data Scientist,81.78,75.2,0
S1179,8.56,Electrical and Electronics Engineering,3,1,0,0,0,68.2,4.5,77.6,0,2,0,31.0,0,Not placed,Not placed,,31.0,0
S1180,9.43,Civil Engineering,2,1,1,0,0,18.3,4.7,43.6,0,6,0,59.7,1,MNC,Data Scientist,81.7,59.7,0
S1181,9.37,Computer Science and Engineering,1,1,0,0,1,41.7,9.8,84.1,0,1,0,51.4,1,MNC,Data Scientist,86.97,51.4,0
S1182,7.17,Computer Science and Engineering,3,0,1,1,0,9.5,4.8,87.6,1,5,1,73.7,0,Not placed,Not placed,,73.7,0
S1183,5.72,Civil Engineering,2,1,1,0,0,18.0,6.9,79.5,1,6,1,81.4,1,Mid-size,Analyst,64.9,81.4,0
S1184,5.97,Electrical and Electronics Engineering,2,0,1,1,1,72.4,5.6,72.5,3,5,0,100.0,1,MNC,Data Scientist,90.93,101.0,1
S1185,5.6,Information Technology,2,0,1,1,0,59.5,5.0,58.7,0,6,0,69.2,1,MNC,Software Engineer,73.39,69.2,0
S1186,6.15,Information Technology,3,1,1,0,0,33.9,7.2,80.0,1,3,0,64.0,1,MNC,Analyst,77.73,64.0,0
S1187,6.39,Civil Engineering,1,1,1,0,1,91.0,4.2,66.9,1,2,0,63.1,1,Top Tech,Analyst,87.97,63.1,0
S1188,8.28,Information Technology,3,1,0,0,1,80.9,9.4,88.8,3,3,0,89.4,1,Mid-size,Data Scientist,73.5,89.4,0
S1189,9.09,Civil Engineering,2,0,1,0,0,71.4,5.3,50.6,1,5,0,63.3,1,Startup,Analyst,41.71,63.3,0
S1190,7.15,Civil Engineering,1,0,1,0,0,54.6,6.3,74.4,3,3,3,71.4,1,Startup,Data Scientist,43.87,71.4,0
S1191,9.21,Electrical and Electronics Engineering,2,1,1,0,0,9.0,10.0,73.1,2,6,0,100.0,1,Mid-size,Software Engineer,73.13,104.4,1
S1192,8.47,Information Technology,2,1,1,0,0,67.5,6.4,68.6,0,4,1,60.0,1,MNC,Software Engineer,77.37,60.0,0
S1193,6.46,Mechanical Engineering,1,1,1,0,0,53.4,5.9,71.6,2,6,0,88.9,1,MNC,Analyst,91.68,88.9,0
S1194,9.62,Electronics and Communication Engineering,1,1,1,1,0,61.5,8.3,92.9,0,5,2,78.8,1,MNC,Web Developer,79.54,78.8,0
S1195,5.09,Mechanical Engineering,2,1,1,0,0,37.0,8.9,56.2,2,1,1,74.4,1,MNC,Analyst,74.14,74.4,0
S1196,5.31,Mechanical Engineering,3,1,0,1,0,52.8,4.2,43.5,1,4,2,66.4,0,Not placed,Not placed,,66.4,0
S1197,6.86,Information Technology,2,1,1,0,0,40.7,7.4,65.7,0,4,0,65.3,1,MNC,Software Engineer,79.44,65.3,0
S1198,9.62,Computer Science and Engineering,3,0,0,0,0,21.8,4.3,69.5,1,1,0,32.4,0,Not placed,Not placed,,32.4,0
S1199,6.53,Computer Science and Engineering,1,0,0,0,0,45.2,4.9,80.9,2,2,0,40.5,1,Startup,Analyst,37.44,40.5,0
S1200,5.76,Information Technology,1,0,0,0,0,39.4,7.6,62.1,2,2,1,54.0,1,Startup,Software Engineer,46.25,54.0,0
S1201,9.11,Electrical and Electronics Engineering,3,1,0,0,1,87.6,5.6,60.5,3,2,0,76.7,1,MNC,Analyst,83.21,76.7,0
S1202,6.27,Civil Engineering,3,0,1,0,1,30.5,4.6,54.9,0,5,0,62.7,1,Mid-size,Web Developer,63.51,62.7,0
S1203,7.54,Electrical and Electronics Engineering,3,1,1,0,1,95.0,6.8,82.1,2,2,0,83.3,1,Mid-size,Web Developer,79.9,83.3,0
S1204,5.42,Computer Science and Engineering,3,0,1,1,1,57.3,6.9,46.4,2,4,0,94.6,1,MNC,Data Scientist,78.12,94.6,0
S1205,9.46,Electronics and Communication Engineering,1,1,1,0,1,20.3,8.0,79.0,3,5,0,100.0,1,Mid-size,Analyst,55.09,108.2,1
S1206,9.6,Computer Science and Engineering,3,1,1,0,0,49.9,9.6,49.0,1,3,0,76.5,1,Mid-size,Data Scientist,73.88,76.5,0
S1207,9.23,Information Technology,3,1,1,0,0,30.3,5.9,69.5,0,2,0,43.1,0,Not placed,Not placed,,43.1,0
S1208,8.11,Electronics and Communication Engineering,2,0,0,0,0,50.6,4.5,42.8,1,2,0,36.6,0,Not placed,Not placed,,36.6,0
S1209,9.29,Mechanical Engineering,3,1,0,0,1,0.1,9.9,64.4,1,2,0,72.8,1,Mid-size,Software Engineer,64.06,72.8,0
S1210,7.18,Electronics and Communication Engineering,3,0,0,0,1,98.5,4.6,60.1,0,5,0,44.3,1,Startup,Web Developer,45.99,44.3,0
S1211,8.15,Civil Engineering,1,1,1,1,0,16.6,5.9,65.9,2,1,1,74.7,1,Mid-size,Software Engineer,64.85,74.7,0
S1212,8.38,Information Technology,1,1,1,1,0,59.0,4.8,44.0,1,6,0,88.2,1,MNC,Web Developer,78.77,88.2,0
S1213,6.65,Computer Science and Engineering,2,1,0,0,0,28.6,4.7,43.9,2,4,0,60.4,1,Startup,Software Engineer,40.14,60.4,0
S1214,9.87,Electronics and Communication Engineering,3,1,1,0,0,97.1,4.8,46.7,1,6,1,69.8,1,MNC,Data Scientist,88.6,69.8,0
S1215,8.93,Computer Science and Engineering,1,0,0,0,0,68.9,6.0,76.8,0,4,0,34.5,1,Startup,Data Scientist,38.93,34.5,0
S1216,7.0,Civil Engineering,1,0,1,0,0,35.0,5.3,87.7,3,4,0,71.9,1,Startup,Data Scientist,41.04,71.9,0
S1217,5.74,Electrical and Electronics Engineering,2,0,1,0,0,9.7,5.7,79.6,0,4,0,44.2,0,Not placed,Not placed,,44.2,0
S1218,5.34,Mechanical Engineering,3,1,1,1,0,14.5,5.8,86.0,0,5,0,68.2,1,MNC,Analyst,80.68,68.2,0
S1219,7.57,Information Technology,2,0,1,0,0,62.9,8.7,81.1,1,1,0,48.5,1,Startup,Data Scientist,49.23,48.5,0
S1220,7.56,Civil Engineering,2,0,0,0,0,82.1,7.5,53.4,0,5,0,46.2,1,Startup,Software Engineer,48.13,46.2,0
S1221,5.3,Computer Science and Engineering,2,1,0,1,1,18.8,5.0,92.2,1,1,0,63.9,1,Mid-size,Web Developer,52.96,63.9,0
S1222,6.62,Electronics and Communication Engineering,3,0,0,1,0,65.0,8.6,59.4,2,3,0,73.6,1,Startup,Software Engineer,42.38,73.6,0
S1223,7.99,Electronics and Communication Engineering,3,0,0,0,1,50.1,6.2,65.9,1,3,1,50.7,0,Not placed,Not placed,,50.7,0
S1224,7.72,Mechanical Engineering,3,1,1,1,1,50.5,9.1,85.1,2,4,0,100.0,1,MNC,Software Engineer,81.13,106.7,1
S1225,8.44,Electrical and Electronics Engineering,2,1,1,0,0,48.2,8.0,69.7,3,5,0,95.7,1,MNC,Analyst,80.66,95.7,0
S1226,8.24,Computer Science and Engineering,2,1,1,1,0,98.9,9.0,75.3,1,5,0,92.2,1,Mid-size,Data Scientist,65.31,92.2,0
S1227,6.02,Electronics and Communication Engineering,1,1,0,0,0,92.2,7.2,81.8,0,6,0,60.4,1,Startup,Analyst,46.27,60.4,0
S1228,8.99,Computer Science and Engineering,3,1,1,0,0,5.1,9.3,90.5,0,4,0,63.7,1,MNC,Software Engineer,79.58,63.7,0
S1229,5.14,Information Technology,3,0,0,1,1,61.6,9.3,54.8,3,3,0,91.6,1,MNC,Software Engineer,95.84,91.6,0
S1230,5.01,Computer Science and Engineering,1,1,1,0,0,60.7,6.7,86.7,1,1,3,52.5,1,MNC,Data Scientist,71.38,52.5,0
S1231,5.96,Computer Science and Engineering,2,1,0,0,1,6.2,9.2,51.1,0,3,2,60.9,0,Not placed,Not placed,,60.9,0
S1232,9.3,Electronics and Communication Engineering,2,1,1,0,0,92.0,9.8,57.1,0,1,0,57.8,1,MNC,Data Scientist,93.45,57.8,0
S1233,7.83,Information Technology,1,0,1,0,0,99.1,9.3,85.0,1,2,1,55.9,1,Startup,Web Developer,43.05,55.9,0
S1234,9.99,Information Technology,2,1,0,0,0,6.5,6.4,80.0,3,3,1,76.6,1,Startup,Data Scientist,41.81,76.6,0
S1235,9.91,Electrical and Electronics Engineering,3,0,1,0,0,80.1,6.9,88.3,1,2,1,49.7,1,Startup,Analyst,42.4,49.7,0
S1236,6.66,Electronics and Communication Engineering,1,1,1,0,1,22.9,5.1,71.1,1,1,3,56.7,0,Not placed,Not placed,,56.7,0
S1237,9.67,Mechanical Engineering,2,0,1,1,1,28.2,5.9,94.2,0,4,1,65.4,1,Mid-size,Software Engineer,48.25,65.4,0
S1238,5.95,Mechanical Engineering,3,0,1,0,0,91.1,7.3,55.9,3,3,2,79.7,1,Startup,Software Engineer,42.11,79.7,0
S1239,5.69,Information Technology,1,1,1,1,1,50.7,4.9,59.8,0,5,0,77.5,1,MNC,Software Engineer,82.97,77.5,0
S1240,8.28,Electrical and Electronics Engineering,1,1,0,0,0,48.0,5.6,62.9,1,3,0,48.4,1,Startup,Web Developer,43.63,48.4,0
S1241,8.69,Electronics and Communication Engineering,2,1,0,0,1,27.9,6.0,72.8,0,4,0,58.0,1,MNC,Analyst,72.49,58.0,0
S1242,7.85,Computer Science and Engineering,3,1,1,0,0,46.4,8.4,45.6,3,6,0,100.0,1,MNC,Web Developer,85.55,106.3,1
S1243,8.66,Computer Science and Engineering,2,0,0,1,1,91.5,5.8,84.5,2,2,0,69.9,1,MNC,Data Scientist,87.38,69.9,0
S1244,5.14,Electronics and Communication Engineering,3,0,0,1,1,3.0,6.2,53.4,2,6,1,90.9,0,Not placed,Not placed,,90.9,0
S1245,7.17,Electronics and Communication Engineering,3,1,0,0,0,54.2,9.1,71.5,0,1,0,42.7,1,Startup,Data Scientist,52.0,42.7,0
S1246,9.83,Electrical and Electronics Engineering,2,0,1,0,1,21.6,7.0,98.0,3,5,1,94.8,1,MNC,Web Developer,96.46,94.8,0
S1247,9.95,Information Technology,3,0,0,1,1,2.9,4.0,55.4,2,1,0,52.0,1,MNC,Data Scientist,81.85,52.0,0
S1248,8.39,Information Technology,1,1,1,0,1,26.5,9.3,44.3,2,3,0,97.6,1,MNC,Web Developer,89.23,97.6,0
S1249,5.08,Computer Science and Engineering,1,0,1,1,1,98.2,8.8,40.6,0,5,0,83.9,1,Top Tech,Analyst,116.59,83.9,0
S1250,7.22,Civil Engineering,3,1,0,1,0,64.1,8.7,68.1,2,4,0,91.1,1,Mid-size,Software Engineer,51.13,91.1,0
S1251,5.84,Electronics and Communication Engineering,1,1,0,0,0,13.4,8.6,53.0,0,5,0,62.4,0,Not placed,Not placed,,62.4,0
S1252,6.21,Civil Engineering,2,1,0,1,1,62.6,6.0,82.0,2,6,1,100.0,1,MNC,Analyst,87.71,100.5,1
S1253,8.9,Computer Science and Engineering,1,1,1,0,0,10.0,8.5,93.2,1,1,0,57.0,1,Mid-size,Data Scientist,50.39,57.0,0
S1254,5.44,Electrical and Electronics Engineering,2,1,0,0,0,25.5,5.7,78.7,0,2,0,34.6,1,Startup,Software Engineer,42.76,34.6,0
S1255,5.28,Information Technology,3,1,1,1,0,7.1,7.0,45.1,0,6,0,85.3,1,Mid-size,Analyst,57.04,85.3,0
S1256,5.87,Computer Science and Engineering,1,1,1,0,0,6.6,7.1,58.8,2,5,1,86.7,1,MNC,Data Scientist,75.83,86.7,0
S1257,6.25,Mechanical Engineering,2,1,1,1,0,64.7,9.2,86.6,1,5,0,90.3,1,Mid-size,Analyst,57.91,90.3,0
S1258,8.97,Electrical and Electronics Engineering,3,0,1,0,1,53.8,4.2,64.2,3,1,1,64.5,1,Mid-size,Software Engineer,52.85,64.5,0
S1259,5.12,Mechanical Engineering,1,0,1,0,1,90.9,4.6,99.4,0,2,0,44.8,1,MNC,Data Scientist,69.17,44.8,0
S1260,5.88,Civil Engineering,2,0,0,0,0,6.4,9.2,70.8,1,6,0,69.1,1,Startup,Software Engineer,36.09,69.1,0
S1261,6.78,Mechanical Engineering,3,1,1,0,0,43.9,8.9,86.8,1,5,0,83.2,1,Mid-size,Software Engineer,65.56,83.2,0
S1262,7.83,Electrical and Electronics Engineering,3,0,0,0,0,90.0,7.4,84.6,1,5,0,59.6,1,Startup,Data Scientist,39.82,59.6,0
S1263,7.06,Information Technology,2,1,1,1,0,76.1,8.3,94.2,0,2,2,61.0,1,MNC,Analyst,82.83,61.0,0
S1264,6.0,Electronics and Communication Engineering,2,1,1,0,0,46.2,5.1,75.1,1,2,2,54.6,1,MNC,Analyst,84.15,54.6,0
S1265,5.71,Electronics and Communication Engineering,2,1,0,0,0,2.2,5.3,72.2,1,3,1,46.7,0,Not placed,Not placed,,46.7,0
S1266,6.35,Electronics and Communication Engineering,1,0,0,1,0,66.9,5.7,71.4,1,2,0,48.7,1,Startup,Software Engineer,46.38,48.7,0
S1267,7.15,Information Technology,1,0,0,0,1,52.7,9.1,43.6,0,4,0,60.8,1,Startup,Software Engineer,46.03,60.8,0
S1268,5.42,Information Technology,1,1,0,1,0,32.7,4.4,93.2,0,1,0,34.0,0,Not placed,Not placed,,34.0,0
S1269,6.44,Information Technology,2,0,0,0,0,10.4,9.4,75.1,3,2,3,63.4,0,Not placed,Not placed,,63.4,0
S1270,7.58,Electrical and Electronics Engineering,2,0,1,1,0,74.9,7.9,68.4,0,5,0,73.0,1,Mid-size,Web Developer,55.7,73.0,0
S1271,7.55,Computer Science and Engineering,3,1,0,0,0,40.9,5.9,48.9,0,3,1,47.5,0,Not placed,Not placed,,47.5,0
S1272,7.83,Electronics and Communication Engineering,1,1,0,0,0,9.4,7.9,70.3,0,4,0,49.4,1,Startup,Web Developer,38.18,49.4,0
S1273,5.83,Electronics and Communication Engineering,2,1,0,0,0,64.4,9.6,46.5,0,6,0,71.5,1,Startup,Analyst,50.6,71.5,0
S1274,8.18,Computer Science and Engineering,1,0,1,1,1,3.7,8.8,48.3,0,5,0,79.4,1,Mid-size,Data Scientist,55.4,79.4,0
S1275,8.86,Civil Engineering,2,1,1,0,0,97.2,6.6,53.9,0,4,0,58.6,1,MNC,Software Engineer,76.59,58.6,0
S1276,6.38,Information Technology,2,0,1,1,0,3.3,5.5,98.8,2,5,1,78.0,1,MNC,Data Scientist,71.02,78.0,0
S1277,9.56,Computer Science and Engineering,3,1,1,0,0,60.0,5.6,63.0,1,1,1,53.6,1,MNC,Data Scientist,70.07,53.6,0
S1278,9.45,Electronics and Communication Engineering,2,0,1,0,1,11.0,5.6,97.5,0,3,0,48.1,1,Mid-size,Software Engineer,55.75,48.1,0
S1279,5.61,Civil Engineering,2,1,1,0,0,6.9,8.8,84.2,3,6,0,100.0,1,MNC,Analyst,84.41,108.7,1
S1280,6.68,Information Technology,1,1,1,0,0,60.8,8.5,84.1,0,5,0,72.3,1,Mid-size,Web Developer,59.83,72.3,0
S1281,8.42,Electrical and Electronics Engineering,3,1,0,0,0,17.0,4.1,60.2,2,6,0,74.9,1,Startup,Data Scientist,49.35,74.9,0
S1282,9.75,Computer Science and Engineering,2,0,1,0,0,50.7,4.8,92.3,1,1,0,36.5,1,Startup,Software Engineer,49.58,36.5,0
S1283,6.48,Information Technology,1,0,1,0,0,73.3,6.2,51.2,0,6,0,63.4,1,Startup,Software Engineer,43.88,63.4,0
S1284,8.68,Computer Science and Engineering,1,1,0,0,0,84.8,9.7,79.7,1,5,2,75.2,1,Startup,Data Scientist,45.57,75.2,0
S1285,7.32,Information Technology,2,0,0,1,0,15.1,4.8,64.2,3,4,0,73.1,1,Startup,Analyst,38.0,73.1,0
S1286,5.96,Civil Engineering,3,1,0,0,1,41.9,6.5,66.6,1,2,0,58.7,1,MNC,Software Engineer,79.95,58.7,0
S1287,8.85,Mechanical Engineering,3,1,0,1,1,74.2,10.0,88.2,2,3,0,95.0,1,MNC,Analyst,97.44,95.0,0
S1288,8.6,Computer Science and Engineering,1,1,0,1,0,31.3,5.0,93.8,1,5,0,72.3,1,Mid-size,Software Engineer,58.76,72.3,0
S1289,9.13,Information Technology,3,0,0,1,0,12.9,6.3,45.1,1,5,0,64.4,0,Not placed,Not placed,,64.4,0
S1290,6.43,Electrical and Electronics Engineering,1,0,1,0,1,68.8,9.8,70.6,1,1,0,65.4,1,MNC,Software Engineer,85.28,65.4,0
S1291,7.04,Electronics and Communication Engineering,1,0,1,0,0,59.0,9.5,90.1,0,1,0,41.4,1,Startup,Software Engineer,47.22,41.4,0
S1292,5.32,Electrical and Electronics Engineering,1,0,1,1,0,41.5,5.6,40.9,2,6,0,82.2,1,MNC,Data Scientist,84.07,82.2,0
S1293,7.67,Mechanical Engineering,2,1,1,0,1,58.9,4.1,94.1,1,1,0,61.8,1,MNC,Web Developer,76.29,61.8,0
S1294,9.51,Electrical and Electronics Engineering,1,1,1,1,0,2.8,4.5,79.0,1,6,1,83.5,1,Mid-size,Web Developer,65.21,83.5,0
S1295,5.73,Civil Engineering,2,0,1,0,0,5.3,7.1,62.1,1,2,1,55.4,1,Startup,Data Scientist,45.89,55.4,0
S1296,7.65,Electronics and Communication Engineering,1,0,0,1,1,78.5,9.0,56.6,1,3,2,67.9,1,MNC,Data Scientist,81.61,67.9,0
S1297,7.22,Electronics and Communication Engineering,2,0,1,1,0,58.1,5.0,53.2,0,4,0,51.9,1,MNC,Web Developer,77.59,51.9,0
S1298,6.96,Information Technology,1,1,0,0,0,25.1,4.5,60.2,2,3,0,58.5,1,Startup,Data Scientist,47.4,58.5,0
S1299,6.41,Civil Engineering,2,0,1,1,0,3.2,6.7,72.6,2,2,0,68.0,1,MNC,Web Developer,66.53,68.0,0
S1300,9.98,Electrical and Electronics Engineering,3,0,0,1,0,51.1,5.4,95.9,3,1,0,60.2,1,Startup,Web Developer,54.39,60.2,0
S1301,7.09,Computer Science and Engineering,1,1,0,0,1,38.5,6.1,40.1,2,2,1,68.8,1,Mid-size,Analyst,63.4,68.8,0
S1302,8.41,Electrical and Electronics Engineering,1,1,0,0,1,89.5,8.1,64.8,1,5,0,80.5,1,Mid-size,Web Developer,72.76,80.5,0
S1303,5.29,Information Technology,3,0,1,0,1,9.6,4.4,49.6,1,2,2,53.9,0,Not placed,Not placed,,53.9,0
S1304,5.97,Mechanical Engineering,1,1,0,0,0,88.6,8.5,75.8,0,5,1,62.0,1,Startup,Software Engineer,44.96,62.0,0
S1305,9.89,Electrical and Electronics Engineering,3,1,0,0,1,83.1,6.9,55.7,0,2,1,46.5,1,MNC,Analyst,94.36,46.5,0
S1306,7.27,Electrical and Electronics Engineering,3,1,0,0,0,34.8,5.4,83.1,1,6,0,70.1,1,Startup,Web Developer,40.49,70.1,0
S1307,6.6,Electronics and Communication Engineering,3,0,1,0,1,56.1,7.2,55.9,2,1,0,68.9,1,MNC,Analyst,68.34,68.9,0
S1308,8.5,Electrical and Electronics Engineering,2,1,0,1,0,68.9,7.6,43.2,0,2,2,50.8,0,Not placed,Not placed,,50.8,0
S1309,7.41,Information Technology,1,1,0,0,0,45.7,8.8,57.5,1,4,0,63.2,1,Startup,Analyst,47.98,63.2,0
S1310,7.08,Mechanical Engineering,1,0,1,0,0,58.9,5.2,48.0,1,2,0,41.6,1,Startup,Software Engineer,42.11,41.6,0
S1311,9.5,Electronics and Communication Engineering,1,1,1,0,1,43.1,6.4,99.4,1,6,0,88.7,1,Mid-size,Web Developer,64.89,88.7,0
S1312,5.38,Mechanical Engineering,2,0,0,0,1,47.6,4.7,50.2,2,3,0,60.6,1,Startup,Data Scientist,39.91,60.6,0
S1313,5.02,Information Technology,1,0,0,0,0,15.4,9.0,81.0,1,6,0,66.6,1,Startup,Data Scientist,43.62,66.6,0
S1314,5.32,Civil Engineering,1,0,0,0,1,20.4,7.9,81.2,0,6,0,64.5,1,Startup,Analyst,42.75,64.5,0
S1315,6.96,Mechanical Engineering,3,0,1,1,1,61.1,7.1,63.3,1,5,0,82.4,1,Mid-size,Software Engineer,71.09,82.4,0
S1316,7.7,Information Technology,3,0,1,0,0,70.0,4.8,43.2,2,4,1,66.7,0,Not placed,Not placed,,66.7,0
S1317,6.18,Electrical and Electronics Engineering,2,1,0,0,0,59.4,5.5,49.8,1,4,0,60.4,1,Startup,Data Scientist,49.49,60.4,0
S1318,9.85,Information Technology,1,1,1,0,0,57.9,9.9,65.1,0,4,0,67.9,1,MNC,Analyst,84.34,67.9,0
S1319,6.75,Civil Engineering,3,1,0,0,0,5.6,9.5,59.3,1,6,3,80.6,0,Not placed,Not placed,,80.6,0
S1320,6.95,Electronics and Communication Engineering,3,1,0,0,0,62.1,5.7,41.1,1,4,0,58.6,1,Startup,Software Engineer,44.89,58.6,0
S1321,5.84,Civil Engineering,3,0,1,0,1,74.6,5.8,77.4,0,5,2,58.1,0,Not placed,Not placed,,58.1,0
S1322,7.99,Electronics and Communication Engineering,3,0,1,0,0,60.8,6.9,51.8,3,2,0,68.2,1,Startup,Data Scientist,44.05,68.2,0
S1323,6.25,Mechanical Engineering,1,1,1,0,0,89.4,8.1,63.3,1,2,0,68.6,1,Mid-size,Web Developer,57.19,68.6,0
S1324,9.86,Mechanical Engineering,2,0,0,0,0,16.0,9.3,99.4,1,1,1,40.2,0,Not placed,Not placed,,40.2,0
S1325,7.95,Information Technology,2,1,1,0,1,58.3,4.3,45.1,0,6,1,68.0,1,Mid-size,Software Engineer,66.4,68.0,0
S1326,9.67,Computer Science and Engineering,1,0,1,1,1,36.1,7.3,79.2,1,5,0,86.2,1,MNC,Data Scientist,71.41,86.2,0
S1327,7.47,Mechanical Engineering,1,0,1,1,1,17.3,7.6,71.8,3,2,0,96.3,1,MNC,Software Engineer,85.7,96.3,0
S1328,5.58,Mechanical Engineering,2,1,0,0,1,31.6,5.3,46.4,0,1,1,45.5,0,Not placed,Not placed,,45.5,0
S1329,6.69,Computer Science and Engineering,2,0,0,0,1,9.2,5.6,45.2,0,5,0,49.0,1,Startup,Data Scientist,42.74,49.0,0
S1330,6.77,Information Technology,2,1,1,0,0,95.3,5.6,94.5,3,3,0,85.7,1,MNC,Data Scientist,94.36,85.7,0
S1331,8.42,Electronics and Communication Engineering,1,0,1,0,0,99.1,6.0,52.6,0,1,0,29.6,1,Startup,Software Engineer,44.51,29.6,0
S1332,9.76,Information Technology,3,1,1,0,1,77.3,9.3,64.9,1,5,0,88.7,1,MNC,Data Scientist,98.99,88.7,0
S1333,6.34,Computer Science and Engineering,3,0,1,0,0,85.8,7.6,50.1,1,4,0,60.2,1,Startup,Analyst,46.85,60.2,0
S1334,7.34,Computer Science and Engineering,2,1,0,0,1,42.6,8.7,54.2,3,1,1,78.0,1,MNC,Web Developer,66.95,78.0,0
S1335,9.89,Mechanical Engineering,1,1,0,1,1,83.8,5.3,46.3,1,1,0,62.2,1,Top Tech,Analyst,108.83,62.2,0
S1336,5.35,Electronics and Communication Engineering,2,0,1,1,0,19.0,4.2,96.9,1,2,0,54.3,1,MNC,Data Scientist,60.25,54.3,0
S1337,6.09,Information Technology,3,0,1,0,1,38.6,4.4,88.8,1,3,0,58.2,0,Not placed,Not placed,,58.2,0
S1338,6.39,Electrical and Electronics Engineering,3,1,0,0,1,30.1,5.6,93.4,0,5,1,64.7,1,Mid-size,Web Developer,61.34,64.7,0
S1339,9.53,Civil Engineering,2,1,1,0,1,7.5,5.9,46.9,3,5,1,100.0,1,MNC,Data Scientist,89.15,103.4,1
S1340,5.35,Civil Engineering,3,0,1,0,0,21.9,8.0,57.2,1,5,0,72.0,0,Not placed,Not placed,,72.0,0
S1341,7.62,Civil Engineering,3,0,0,0,0,70.7,8.5,83.7,1,6,0,67.0,1,Startup,Analyst,52.33,67.0,0
S1342,5.11,Information Technology,3,1,1,0,1,67.8,9.3,86.0,1,6,0,100.0,1,MNC,Data Scientist,88.05,102.2,1
S1343,7.94,Electrical and Electronics Engineering,2,0,1,0,0,69.6,9.7,97.8,1,4,0,71.1,1,Startup,Analyst,44.69,71.1,0
S1344,6.55,Information Technology,1,0,1,0,0,7.5,5.5,50.7,2,5,1,68.2,1,Startup,Software Engineer,45.46,68.2,0
S1345,8.01,Civil Engineering,3,1,0,0,1,7.8,4.3,54.0,1,5,0,72.7,1,Mid-size,Web Developer,63.65,72.7,0
S1346,9.43,Mechanical Engineering,1,0,1,0,0,55.5,6.4,67.8,0,2,3,34.9,0,Not placed,Not placed,,34.9,0
S1347,5.75,Information Technology,3,1,0,1,0,31.6,5.1,95.9,1,4,3,65.3,0,Not placed,Not placed,,65.3,0
S1348,5.97,Electronics and Communication Engineering,3,0,1,0,0,60.8,7.9,79.9,1,3,1,61.4,0,Not placed,Not placed,,61.4,0
S1349,9.92,Information Technology,3,1,1,0,1,63.6,7.2,84.9,0,4,0,68.5,1,MNC,Software Engineer,73.83,68.5,0
S1350,9.17,Electrical and Electronics Engineering,1,1,1,0,1,97.6,5.4,91.7,1,6,1,85.2,1,Top Tech,Analyst,115.08,85.2,0
S1351,6.93,Civil Engineering,1,0,1,1,0,30.7,8.6,92.7,1,4,0,73.7,1,Mid-size,Data Scientist,66.65,73.7,0
S1352,6.21,Electronics and Communication Engineering,2,1,0,1,0,83.4,6.3,89.4,0,4,0,56.4,1,MNC,Data Scientist,74.53,56.4,0
S1353,8.5,Civil Engineering,1,1,1,0,1,58.7,6.0,71.9,0,4,1,69.6,1,MNC,Analyst,71.96,69.6,0
S1354,5.55,Electrical and Electronics Engineering,1,1,1,0,0,40.4,8.8,85.7,2,4,1,84.0,1,Mid-size,Analyst,69.07,84.0,0
S1355,7.59,Information Technology,1,1,0,0,1,53.9,9.1,44.9,2,5,3,95.5,1,Mid-size,Software Engineer,65.66,95.5,0
S1356,7.24,Electronics and Communication Engineering,2,1,1,0,0,38.4,4.8,61.4,2,1,0,55.7,1,Mid-size,Software Engineer,58.92,55.7,0
S1357,9.49,Civil Engineering,1,0,0,0,1,59.6,7.7,53.1,1,2,0,56.1,1,Startup,Software Engineer,46.99,56.1,0
S1358,7.76,Electrical and Electronics Engineering,2,1,1,0,0,6.3,9.2,74.1,1,1,0,57.6,1,Mid-size,Web Developer,49.79,57.6,0
S1359,6.16,Information Technology,2,0,1,0,1,40.1,5.1,67.1,3,1,3,66.6,1,Mid-size,Web Developer,58.51,66.6,0
S1360,6.88,Electrical and Electronics Engineering,2,0,0,1,0,43.2,7.3,74.9,2,1,0,54.6,1,Startup,Web Developer,40.96,54.6,0
S1361,5.21,Computer Science and Engineering,2,0,0,0,1,31.3,7.5,83.8,1,6,1,67.9,1,Startup,Data Scientist,37.5,67.9,0
S1362,9.19,Information Technology,2,1,1,0,1,70.9,6.5,65.6,3,1,1,83.7,1,Mid-size,Software Engineer,68.98,83.7,0
S1363,8.12,Computer Science and Engineering,2,0,1,1,1,32.1,6.4,88.5,1,2,1,69.7,1,Mid-size,Software Engineer,69.15,69.7,0
S1364,9.32,Electronics and Communication Engineering,2,0,1,0,0,57.1,6.9,62.9,0,3,0,42.6,1,Startup,Software Engineer,42.19,42.6,0
S1365,6.09,Computer Science and Engineering,2,1,0,0,0,92.2,9.2,98.1,1,3,0,63.8,1,Startup,Data Scientist,46.42,63.8,0
S1366,7.21,Electrical and Electronics Engineering,1,1,0,0,0,98.0,4.7,55.5,2,6,0,69.3,1,Startup,Software Engineer,51.22,69.3,0
S1367,9.23,Mechanical Engineering,1,1,1,1,0,79.1,5.9,87.2,1,4,0,73.7,1,MNC,Analyst,95.75,73.7,0
S1368,9.27,Mechanical Engineering,3,1,0,1,1,13.1,8.0,67.2,3,4,0,100.0,1,MNC,Web Developer,82.98,103.9,1
S1369,8.23,Civil Engineering,1,0,0,0,0,65.7,10.0,79.1,1,1,0,49.1,1,Startup,Web Developer,43.85,49.1,0
S1370,8.85,Civil Engineering,1,0,1,1,0,97.7,9.9,96.2,1,5,0,83.2,1,MNC,Web Developer,72.88,83.2,0
S1371,7.29,Information Technology,1,1,1,1,0,52.9,6.2,40.1,1,2,1,63.9,1,Mid-size,Software Engineer,62.88,63.9,0
S1372,5.22,Electronics and Communication Engineering,1,1,0,1,0,68.4,4.6,48.0,0,2,0,44.7,1,Mid-size,Data Scientist,54.16,44.7,0
S1373,7.94,Electrical and Electronics Engineering,3,0,1,0,1,53.0,7.1,81.0,0,2,0,51.3,1,Mid-size,Analyst,52.08,51.3,0
S1374,6.12,Civil Engineering,2,1,1,0,0,86.0,7.1,72.1,2,4,0,84.3,1,Mid-size,Analyst,72.8,84.3,0
S1375,6.16,Information Technology,1,1,0,0,1,67.4,5.2,49.1,0,6,1,67.1,1,MNC,Software Engineer,86.35,67.1,0
S1376,6.99,Electrical and Electronics Engineering,3,0,0,1,0,47.2,7.0,93.0,1,4,1,65.3,0,Not placed,Not placed,,65.3,0
S1377,6.9,Mechanical Engineering,2,1,0,1,0,44.4,7.0,85.5,0,4,3,59.5,1,MNC,Data Scientist,70.18,59.5,0
S1378,5.26,Computer Science and Engineering,2,0,0,1,0,29.9,4.1,81.7,1,6,1,65.0,1,Startup,Software Engineer,37.97,65.0,0
S1379,5.86,Electrical and Electronics Engineering,1,1,1,1,0,12.3,4.8,51.1,1,1,0,60.6,1,MNC,Analyst,72.25,60.6,0
S1380,6.44,Civil Engineering,3,1,0,0,0,40.5,4.2,56.4,1,4,0,57.2,1,Startup,Web Developer,44.74,57.2,0
S1381,8.16,Information Technology,1,0,0,1,1,98.7,7.8,94.0,0,5,0,73.2,1,Mid-size,Software Engineer,58.29,73.2,0
S1382,9.53,Information Technology,1,1,1,1,0,53.1,9.4,73.1,0,6,0,92.7,1,MNC,Analyst,82.29,92.7,0
S1383,5.01,Computer Science and Engineering,2,1,1,0,1,0.5,7.6,66.8,1,5,3,87.8,1,MNC,Software Engineer,74.69,87.8,0
S1384,6.67,Electronics and Communication Engineering,2,1,1,0,0,21.3,9.2,75.9,2,3,0,87.4,1,MNC,Web Developer,76.56,87.4,0
S1385,9.48,Electrical and Electronics Engineering,3,1,0,1,0,16.2,7.5,94.7,2,1,0,71.2,1,MNC,Analyst,74.46,71.2,0
S1386,9.95,Computer Science and Engineering,3,1,1,0,1,32.6,4.3,64.3,3,5,3,96.6,1,Mid-size,Web Developer,77.17,96.6,0
S1387,5.29,Information Technology,2,0,1,0,0,50.2,8.7,53.1,2,5,0,77.8,1,Startup,Web Developer,42.12,77.8,0
S1388,7.45,Electronics and Communication Engineering,1,0,1,0,0,37.4,4.8,82.5,2,5,0,69.2,1,Startup,Web Developer,45.92,69.2,0
S1389,6.03,Computer Science and Engineering,2,0,0,0,1,74.6,4.5,84.5,1,2,0,39.7,1,Startup,Web Developer,46.86,39.7,0
S1390,9.59,Electrical and Electronics Engineering,2,1,0,1,0,3.6,7.7,60.5,0,1,0,46.4,0,Not placed,Not placed,,46.4,0
S1391,8.8,Information Technology,2,1,0,1,0,99.7,9.7,96.4,2,2,0,76.3,1,Mid-size,Software Engineer,56.99,76.3,0
S1392,9.59,Information Technology,3,1,1,0,1,68.9,5.7,66.8,1,1,0,58.1,1,Mid-size,Software Engineer,58.62,58.1,0
S1393,8.38,Computer Science and Engineering,3,0,0,0,0,91.3,8.4,61.9,0,5,0,48.3,1,Startup,Analyst,47.88,48.3,0
S1394,9.41,Mechanical Engineering,2,0,1,0,1,40.1,9.0,80.3,0,4,0,65.4,1,Mid-size,Data Scientist,69.78,65.4,0
S1395,7.75,Mechanical Engineering,1,1,0,0,0,78.9,9.3,77.1,1,4,0,70.0,1,Startup,Web Developer,47.55,70.0,0
S1396,7.48,Mechanical Engineering,2,1,1,1,0,22.3,9.7,81.8,0,4,0,77.4,1,MNC,Web Developer,74.19,77.4,0
S1397,9.72,Mechanical Engineering,1,1,1,0,1,83.6,9.0,49.5,0,5,2,82.6,1,MNC,Web Developer,84.03,82.6,0
S1398,7.96,Electronics and Communication Engineering,1,1,1,0,1,81.4,4.4,45.2,1,2,3,65.2,1,Top Tech,Web Developer,97.67,65.2,0
S1399,5.75,Civil Engineering,1,1,1,1,0,71.6,6.9,77.6,1,3,0,73.2,1,MNC,Data Scientist,75.15,73.2,0
S1400,9.5,Computer Science and Engineering,2,0,0,1,1,14.1,8.6,94.8,0,6,1,77.0,1,Mid-size,Data Scientist,62.76,77.0,0
S1401,7.61,Information Technology,1,1,0,0,0,59.2,9.1,62.5,2,4,0,81.3,1,Startup,Data Scientist,50.77,81.3,0
S1402,6.69,Information Technology,1,1,1,0,1,71.0,5.0,68.8,1,5,0,76.2,1,MNC,Web Developer,86.19,76.2,0
S1403,6.11,Computer Science and Engineering,3,1,1,0,0,25.8,8.1,58.5,2,5,1,92.1,1,Mid-size,Web Developer,54.43,92.1,0
S1404,7.4,Information Technology,3,1,1,0,1,35.9,6.0,48.7,2,1,0,73.4,1,MNC,Data Scientist,79.96,73.4,0
S1405,7.75,Mechanical Engineering,2,1,1,1,0,43.8,6.8,56.7,1,1,0,66.8,1,MNC,Analyst,80.98,66.8,0
S1406,6.27,Civil Engineering,1,0,0,0,0,24.5,7.9,43.7,1,3,1,53.1,0,Not placed,Not placed,,53.1,0
S1407,6.3,Computer Science and Engineering,2,1,0,0,1,57.5,4.4,74.8,0,6,0,67.3,1,Mid-size,Web Developer,47.77,67.3,0
S1408,8.19,Mechanical Engineering,2,1,0,0,0,6.6,4.8,79.8,1,2,0,48.5,0,Not placed,Not placed,,48.5,0
S1409,8.21,Electronics and Communication Engineering,3,0,0,0,0,80.2,5.7,77.5,1,1,0,35.1,1,Startup,Web Developer,47.1,35.1,0
S1410,8.97,Computer Science and Engineering,3,0,1,1,0,44.0,7.9,82.1,0,3,0,61.8,1,Mid-size,Web Developer,50.54,61.8,0
S1411,5.79,Computer Science and Engineering,2,0,1,0,1,5.1,7.0,59.9,1,4,0,68.2,1,MNC,Data Scientist,80.22,68.2,0
S1412,5.17,Information Technology,3,0,0,1,0,62.2,5.9,67.4,0,2,1,40.5,0,Not placed,Not placed,,40.5,0
S1413,5.76,Mechanical Engineering,3,0,0,1,0,86.8,7.0,93.1,2,4,1,66.6,1,Startup,Software Engineer,42.13,66.6,0
S1414,7.54,Computer Science and Engineering,3,0,0,1,0,36.0,6.8,73.7,2,6,1,83.0,1,Startup,Software Engineer,37.7,83.0,0
S1415,7.97,Electronics and Communication Engineering,3,1,1,0,0,70.0,8.3,50.4,0,2,0,57.0,1,Mid-size,Analyst,52.81,57.0,0
S1416,9.92,Electrical and Electronics Engineering,2,1,1,0,1,85.1,8.1,55.0,3,1,0,86.0,1,MNC,Web Developer,78.72,86.0,0
S1417,8.83,Civil Engineering,2,1,1,0,0,24.2,5.0,89.4,2,1,0,58.5,1,Mid-size,Web Developer,68.22,58.5,0
S1418,5.93,Computer Science and Engineering,1,0,1,0,0,53.8,5.5,45.5,1,2,1,49.4,0,Not placed,Not placed,,49.4,0
S1419,9.67,Electronics and Communication Engineering,2,1,1,0,0,14.2,8.5,74.9,0,4,0,62.4,1,MNC,Data Scientist,77.69,62.4,0
S1420,7.74,Mechanical Engineering,3,1,0,0,0,71.2,7.6,90.7,0,2,1,41.8,0,Not placed,Not placed,,41.8,0
S1421,6.28,Civil Engineering,3,1,0,0,0,80.7,5.7,59.8,1,3,0,52.1,1,Startup,Web Developer,49.98,52.1,0
S1422,5.51,Computer Science and Engineering,2,1,0,0,1,81.9,7.3,92.5,3,2,1,84.0,1,Mid-size,Analyst,56.89,84.0,0
S1423,9.8,Civil Engineering,1,0,1,0,0,65.8,8.9,63.7,0,5,2,62.9,1,Startup,Software Engineer,44.77,62.9,0
S1424,5.07,Civil Engineering,2,1,0,0,0,21.9,8.8,59.9,0,4,0,57.8,1,Startup,Analyst,48.13,57.8,0
S1425,7.79,Electronics and Communication Engineering,1,0,1,1,0,25.6,4.9,84.2,1,2,0,59.4,1,Mid-size,Analyst,57.32,59.4,0
S1426,9.44,Electronics and Communication Engineering,2,1,1,0,0,13.9,5.6,65.0,2,3,0,73.2,1,Mid-size,Analyst,65.95,73.2,0
S1427,5.84,Electrical and Electronics Engineering,3,1,0,0,0,38.8,9.1,40.3,1,6,0,76.6,1,Startup,Software Engineer,49.98,76.6,0
S1428,9.57,Information Technology,1,0,1,0,0,87.3,9.9,54.8,3,5,0,99.4,1,Startup,Analyst,55.81,99.4,0
S1429,6.73,Civil Engineering,2,1,0,1,1,1.8,6.2,41.2,3,1,1,80.1,1,MNC,Analyst,66.83,80.1,0
S1430,5.75,Electronics and Communication Engineering,3,1,0,1,0,87.0,7.6,91.0,2,3,2,78.7,1,MNC,Web Developer,94.68,78.7,0
S1431,5.83,Mechanical Engineering,3,1,1,1,1,23.1,6.2,70.4,0,6,1,90.9,1,Mid-size,Software Engineer,61.94,90.9,0
S1432,5.67,Information Technology,2,1,1,1,1,66.0,8.6,74.5,0,4,0,89.3,1,Mid-size,Data Scientist,60.85,89.3,0
S1433,9.54,Electrical and Electronics Engineering,3,1,0,0,1,86.2,4.3,74.4,0,1,0,33.8,1,Mid-size,Web Developer,70.61,33.8,0
S1434,5.26,Mechanical Engineering,2,1,0,0,1,72.6,9.7,84.3,1,3,1,69.3,1,MNC,Software Engineer,73.37,69.3,0
S1435,8.48,Mechanical Engineering,1,0,1,0,0,80.0,6.2,85.7,0,3,0,42.3,1,Startup,Software Engineer,42.71,42.3,0
S1436,5.7,Electronics and Communication Engineering,3,0,1,0,1,19.9,4.7,74.6,0,2,0,45.5,0,Not placed,Not placed,,45.5,0
S1437,8.99,Mechanical Engineering,2,1,1,0,1,72.9,6.1,70.3,1,1,0,60.5,1,Mid-size,Data Scientist,73.44,60.5,0
S1438,9.44,Mechanical Engineering,3,0,1,1,0,37.2,9.0,86.2,3,2,0,83.2,1,Mid-size,Software Engineer,62.88,83.2,0
S1439,5.88,Information Technology,1,1,0,0,1,60.7,5.3,68.5,2,5,1,76.9,1,Mid-size,Data Scientist,58.21,76.9,0
S1440,8.69,Computer Science and Engineering,1,1,1,1,0,98.2,9.7,91.1,1,3,0,85.6,1,Top Tech,Software Engineer,108.78,85.6,0
S1441,8.05,Electrical and Electronics Engineering,1,1,1,1,1,98.1,9.9,86.3,3,2,0,100.0,1,Top Tech,Analyst,129.43,108.3,1
S1442,6.95,Civil Engineering,1,0,1,1,0,71.0,5.8,52.5,0,4,0,52.6,1,MNC,Analyst,70.22,52.6,0
S1443,7.86,Electronics and Communication Engineering,2,1,0,1,1,52.3,9.5,90.7,2,6,0,100.0,1,Mid-size,Web Developer,58.25,109.7,1
S1444,5.94,Civil Engineering,1,0,1,1,0,96.2,5.9,63.5,0,6,2,69.9,1,Mid-size,Software Engineer,62.32,69.9,0
S1445,8.79,Information Technology,2,0,1,0,1,75.2,5.0,60.5,0,6,0,69.9,1,Mid-size,Web Developer,55.18,69.9,0
S1446,7.68,Mechanical Engineering,2,1,0,1,1,26.7,5.4,46.3,0,5,1,74.4,1,MNC,Data Scientist,67.5,74.4,0
S1447,6.17,Electrical and Electronics Engineering,3,1,1,0,1,74.1,5.7,62.7,0,2,1,55.9,1,MNC,Analyst,67.94,55.9,0
S1448,5.54,Electronics and Communication Engineering,1,1,0,1,1,21.6,6.9,67.1,2,2,0,84.2,1,Mid-size,Analyst,53.18,84.2,0
S1449,7.47,Civil Engineering,3,1,1,0,0,17.5,8.6,64.0,1,5,1,78.1,1,Mid-size,Software Engineer,64.62,78.1,0
S1450,8.1,Electronics and Communication Engineering,1,0,0,1,0,47.0,8.1,63.9,0,5,0,59.8,1,Startup,Web Developer,48.79,59.8,0
S1451,7.2,Computer Science and Engineering,1,0,0,0,0,75.1,5.2,62.1,0,1,2,18.0,0,Not placed,Not placed,,18.0,0
S1452,7.72,Mechanical Engineering,1,1,1,0,1,50.4,6.9,81.5,0,4,0,69.3,1,Mid-size,Data Scientist,57.3,69.3,0
S1453,7.6,Civil Engineering,1,1,1,0,0,35.5,9.5,99.8,3,3,0,97.6,1,Mid-size,Data Scientist,60.57,97.6,0
S1454,5.57,Electronics and Communication Engineering,3,1,0,0,0,1.9,8.0,75.3,1,3,0,58.3,0,Not placed,Not placed,,58.3,0
S1455,9.43,Electrical and Electronics Engineering,3,0,0,0,0,14.7,5.3,40.7,0,3,0,32.4,0,Not placed,Not placed,,32.4,0
S1456,7.56,Computer Science and Engineering,3,1,1,0,0,66.1,9.1,87.1,0,3,0,63.9,1,MNC,Software Engineer,73.22,63.9,0
S1457,6.81,Electrical and Electronics Engineering,1,1,1,1,1,40.6,6.3,69.3,1,5,1,95.9,1,Mid-size,Data Scientist,52.65,95.9,0
S1458,6.3,Mechanical Engineering,1,1,1,0,0,87.2,9.1,94.0,1,3,1,72.4,1,Mid-size,Data Scientist,65.4,72.4,0
S1459,9.63,Electronics and Communication Engineering,3,1,1,0,0,47.0,5.1,75.8,1,6,1,73.7,1,Mid-size,Analyst,71.15,73.7,0
S1460,9.96,Civil Engineering,3,1,1,0,0,52.8,4.2,58.7,3,3,1,74.4,1,MNC,Analyst,97.29,74.4,0
S1461,8.3,Electrical and Electronics Engineering,2,1,0,0,0,8.7,7.3,52.9,2,3,0,68.4,1,Startup,Analyst,40.26,68.4,0
S1462,8.98,Electrical and Electronics Engineering,2,1,0,1,0,69.9,6.6,83.9,3,4,0,93.2,1,Mid-size,Data Scientist,57.67,93.2,0
S1463,8.98,Electrical and Electronics Engineering,2,1,0,0,1,21.3,5.0,61.7,3,6,0,94.9,1,Mid-size,Web Developer,68.54,94.9,0
S1464,9.08,Mechanical Engineering,1,1,0,0,0,93.2,7.3,77.2,1,1,1,48.0,1,Startup,Software Engineer,46.3,48.0,0
S1465,9.57,Mechanical Engineering,3,1,1,1,0,42.9,5.4,77.8,2,3,1,82.5,1,MNC,Analyst,71.02,82.5,0
S1466,5.59,Mechanical Engineering,3,0,0,0,1,42.2,5.6,66.4,2,6,0,77.7,1,Startup,Analyst,43.57,77.7,0
S1467,9.58,Electronics and Communication Engineering,3,1,0,1,1,38.2,6.5,60.9,0,6,0,80.6,1,MNC,Software Engineer,80.58,80.6,0
S1468,5.44,Electrical and Electronics Engineering,1,1,1,1,0,50.0,9.8,67.5,1,1,0,73.7,1,Mid-size,Analyst,52.07,73.7,0
S1469,7.46,Electronics and Communication Engineering,3,1,1,0,1,57.5,8.2,65.1,0,3,0,72.6,1,MNC,Analyst,83.35,72.6,0
S1470,9.93,Electronics and Communication Engineering,2,1,1,0,0,38.4,7.5,83.5,1,2,0,65.2,1,MNC,Analyst,83.69,65.2,0
S1471,6.14,Information Technology,1,1,0,0,0,71.9,6.8,66.6,1,5,0,65.0,1,Startup,Data Scientist,42.19,65.0,0
S1472,8.59,Computer Science and Engineering,3,0,1,1,1,16.1,5.8,91.6,0,1,1,48.0,0,Not placed,Not placed,,48.0,0
S1473,5.43,Electrical and Electronics Engineering,3,1,1,1,0,42.3,4.6,61.0,0,1,0,52.9,1,MNC,Analyst,73.29,52.9,0
S1474,7.12,Civil Engineering,1,0,1,0,0,61.1,8.3,58.8,0,5,0,59.5,1,Startup,Software Engineer,43.55,59.5,0
S1475,9.49,Civil Engineering,2,1,1,1,1,98.4,5.1,66.9,3,2,1,93.5,1,Mid-size,Analyst,74.68,93.5,0
S1476,9.77,Electronics and Communication Engineering,2,1,1,0,0,96.2,7.0,63.9,2,6,2,87.3,1,MNC,Web Developer,95.06,87.3,0
S1477,5.62,Electrical and Electronics Engineering,3,0,1,1,0,12.6,6.2,75.4,2,2,0,71.4,1,Mid-size,Software Engineer,64.99,71.4,0
S1478,5.83,Mechanical Engineering,3,1,0,1,0,48.7,8.2,63.7,0,4,0,63.3,1,MNC,Data Scientist,76.63,63.3,0
S1479,7.84,Electronics and Communication Engineering,3,1,1,0,0,49.6,8.2,69.1,0,1,0,52.5,1,MNC,Data Scientist,86.57,52.5,0
S1480,9.52,Civil Engineering,3,0,1,0,1,43.6,5.1,44.8,1,2,0,56.9,0,Not placed,Not placed,,56.9,0
S1481,6.94,Civil Engineering,2,1,0,0,0,12.6,9.0,79.5,0,3,0,56.5,1,Startup,Analyst,43.42,56.5,0
S1482,8.9,Mechanical Engineering,2,0,0,0,1,5.3,5.2,82.3,1,4,1,51.1,1,Startup,Data Scientist,41.39,51.1,0
S1483,9.32,Civil Engineering,3,1,1,0,0,36.1,5.1,93.7,0,4,0,58.3,1,Mid-size,Data Scientist,60.44,58.3,0
S1484,7.77,Electronics and Communication Engineering,1,0,1,1,0,63.7,7.7,61.5,1,5,0,80.0,1,MNC,Web Developer,87.41,80.0,0
S1485,5.54,Information Technology,3,1,1,0,0,1.5,8.2,73.0,1,1,0,55.8,1,MNC,Analyst,77.35,55.8,0
S1486,9.66,Civil Engineering,3,1,0,1,1,40.8,7.4,65.0,2,2,1,82.9,1,MNC,Data Scientist,92.35,82.9,0
S1487,6.96,Civil Engineering,2,0,0,1,1,73.7,6.0,82.1,1,1,1,50.8,1,MNC,Software Engineer,83.63,50.8,0
S1488,6.74,Information Technology,2,1,0,1,1,43.2,7.8,47.4,1,3,0,80.6,1,Mid-size,Data Scientist,54.9,80.6,0
S1489,9.9,Civil Engineering,2,0,1,0,0,61.5,7.0,41.0,3,3,0,75.2,1,Startup,Web Developer,47.17,75.2,0
S1490,6.95,Electronics and Communication Engineering,2,1,1,0,0,64.7,5.7,75.5,1,6,0,81.3,1,MNC,Analyst,89.54,81.3,0
S1491,5.46,Mechanical Engineering,2,1,0,0,0,38.1,6.7,76.0,1,1,1,49.3,1,Startup,Web Developer,43.95,49.3,0
S1492,8.03,Computer Science and Engineering,2,0,1,0,0,92.0,6.9,92.1,2,5,0,73.2,1,Startup,Software Engineer,52.91,73.2,0
S1493,7.2,Civil Engineering,3,0,1,0,0,66.1,5.5,96.3,0,1,0,31.4,0,Not placed,Not placed,,31.4,0
S1494,7.47,Mechanical Engineering,3,1,1,0,1,62.4,4.9,42.8,1,3,0,66.0,1,Mid-size,Software Engineer,68.16,66.0,0
S1495,5.07,Electrical and Electronics Engineering,1,1,1,1,0,44.7,8.0,90.0,0,3,0,64.2,1,Mid-size,Software Engineer,47.65,64.2,0
S1496,5.25,Civil Engineering,2,1,1,0,0,53.2,7.1,41.2,0,1,0,51.0,1,MNC,Analyst,79.3,51.0,0
S1497,6.56,Electrical and Electronics Engineering,1,1,0,0,0,61.6,5.3,86.3,0,4,0,49.4,1,Startup,Data Scientist,42.15,49.4,0
S1498,9.69,Information Technology,1,1,1,0,1,81.3,6.0,97.8,0,5,0,71.1,1,Top Tech,Analyst,95.39,71.1,0
S1499,8.43,Electrical and Electronics Engineering,3,1,1,0,1,81.2,7.5,43.7,1,5,1,82.9,1,Mid-size,Web Developer,76.47,82.9,0
S1500,8.98,Information Technology,2,1,1,0,1,74.8,6.5,82.6,2,5,0,90.7,1,MNC,Data Scientist,79.38,90.7,0
S1501,8.71,Computer Science and Engineering,2,0,1,0,1,73.8,6.4,47.8,0,1,1,44.0,1,MNC,Analyst,83.92,44.0,0
S1502,8.86,Civil Engineering,1,1,0,0,0,74.9,4.4,79.6,2,5,0,69.1,1,Startup,Analyst,45.65,69.1,0
S1503,9.96,Civil Engineering,1,1,1,1,1,42.4,7.8,68.8,2,6,1,100.0,1,Mid-size,Software Engineer,66.38,116.6,1
S1504,6.95,Electrical and Electronics Engineering,2,1,0,1,0,81.4,8.5,41.2,1,4,0,75.1,1,Mid-size,Data Scientist,49.28,75.1,0
S1505,9.62,Information Technology,3,1,1,0,0,79.3,7.6,81.7,1,5,0,76.0,1,Mid-size,Data Scientist,63.22,76.0,0
S1506,7.96,Electrical and Electronics Engineering,1,1,0,1,0,66.9,6.0,64.6,0,6,0,70.8,1,MNC,Data Scientist,77.31,70.8,0
S1507,8.43,Mechanical Engineering,2,0,1,0,0,46.0,6.0,99.0,0,4,0,47.9,0,Not placed,Not placed,,47.9,0
S1508,5.41,Civil Engineering,2,0,1,1,1,56.7,6.4,92.2,1,4,0,78.2,1,MNC,Web Developer,86.05,78.2,0
S1509,7.96,Electrical and Electronics Engineering,2,0,0,0,0,17.7,7.9,69.9,2,3,0,61.2,0,Not placed,Not placed,,61.2,0
S1510,6.57,Electrical and Electronics Engineering,1,0,1,0,0,2.7,8.3,41.2,3,5,0,89.2,1,Startup,Software Engineer,44.82,89.2,0
S1511,9.27,Mechanical Engineering,1,1,0,0,0,11.6,6.7,99.1,1,4,0,60.8,1,Startup,Analyst,44.86,60.8,0
S1512,9.57,Computer Science and Engineering,2,1,0,1,1,49.7,4.3,74.8,2,5,0,89.6,1,Mid-size,Data Scientist,57.28,89.6,0
S1513,6.27,Computer Science and Engineering,3,1,1,0,0,16.0,6.8,85.8,3,2,1,82.9,1,MNC,Software Engineer,89.33,82.9,0
S1514,9.61,Civil Engineering,3,0,1,1,1,76.9,6.3,73.4,1,4,0,81.9,1,Mid-size,Data Scientist,64.05,81.9,0
S1515,8.98,Information Technology,3,0,1,0,0,6.4,9.4,98.8,0,2,0,51.1,0,Not placed,Not placed,,51.1,0
S1516,7.94,Electronics and Communication Engineering,2,0,1,0,1,79.0,4.5,74.7,1,5,1,73.5,1,Mid-size,Data Scientist,58.8,73.5,0
S1517,5.34,Computer Science and Engineering,2,1,0,0,1,96.9,9.7,51.6,3,4,3,100.0,1,Mid-size,Analyst,54.34,101.1,1
S1518,8.69,Information Technology,1,1,1,1,1,53.7,4.0,40.7,1,5,2,90.3,1,MNC,Software Engineer,83.98,90.3,0
S1519,6.57,Electronics and Communication Engineering,2,1,1,0,0,91.8,6.8,64.5,1,2,0,61.8,1,Mid-size,Web Developer,73.23,61.8,0
S1520,8.64,Civil Engineering,3,1,0,1,1,45.2,4.1,87.6,0,3,1,56.8,1,MNC,Analyst,82.26,56.8,0
S1521,5.82,Electrical and Electronics Engineering,3,1,0,0,0,18.8,9.6,76.6,2,5,0,79.1,1,Startup,Data Scientist,42.94,79.1,0
S1522,8.95,Electronics and Communication Engineering,2,0,1,0,1,9.9,7.3,71.8,0,1,0,45.7,1,MNC,Analyst,76.91,45.7,0
S1523,5.95,Information Technology,1,1,0,1,1,62.6,8.9,93.3,0,6,0,85.8,1,Mid-size,Web Developer,49.92,85.8,0
S1524,8.04,Computer Science and Engineering,1,1,1,0,0,14.6,7.8,67.0,0,3,0,53.8,1,Mid-size,Data Scientist,59.15,53.8,0
S1525,8.34,Civil Engineering,1,1,1,0,1,22.2,6.5,60.7,0,5,1,79.4,1,Mid-size,Data Scientist,62.04,79.4,0
S1526,9.98,Civil Engineering,1,1,1,0,1,70.9,8.7,47.5,1,5,1,88.5,1,MNC,Data Scientist,71.77,88.5,0
S1527,5.57,Computer Science and Engineering,2,1,1,1,0,80.9,6.1,94.0,2,6,1,96.3,1,Mid-size,Software Engineer,73.35,96.3,0
S1528,6.36,Electrical and Electronics Engineering,3,0,0,0,0,28.1,7.7,45.0,0,4,0,40.8,0,Not placed,Not placed,,40.8,0
S1529,5.94,Electronics and Communication Engineering,3,1,1,1,0,39.9,7.5,59.0,2,5,1,95.2,1,MNC,Software Engineer,91.0,95.2,0
S1530,6.23,Mechanical Engineering,1,0,1,0,0,19.7,9.8,54.7,0,4,0,56.5,1,Startup,Software Engineer,35.64,56.5,0
S1531,6.6,Civil Engineering,1,1,1,1,0,10.7,8.9,77.4,0,2,0,62.5,1,MNC,Software Engineer,85.22,62.5,0
S1532,6.99,Civil Engineering,1,1,0,0,0,84.0,6.6,48.0,1,3,1,52.3,1,Startup,Web Developer,45.66,52.3,0
S1533,5.63,Electrical and Electronics Engineering,2,1,0,0,0,8.4,9.1,91.8,2,1,0,63.5,1,Startup,Software Engineer,45.55,63.5,0
S1534,7.1,Mechanical Engineering,2,1,1,0,1,52.0,5.4,57.4,1,1,0,58.7,1,MNC,Web Developer,71.77,58.7,0
S1535,8.66,Civil Engineering,1,0,0,0,0,76.3,8.3,79.8,0,4,0,47.0,1,Startup,Data Scientist,44.79,47.0,0
S1536,6.55,Civil Engineering,3,0,0,0,1,74.8,4.0,57.8,1,4,0,51.8,1,Startup,Software Engineer,44.61,51.8,0
S1537,8.72,Electronics and Communication Engineering,2,0,1,0,0,35.8,9.4,74.0,0,4,0,55.5,1,Startup,Software Engineer,46.24,55.5,0
S1538,7.66,Civil Engineering,3,1,0,1,0,88.6,6.1,48.0,0,3,0,55.6,1,MNC,Analyst,85.85,55.6,0
S1539,8.08,Mechanical Engineering,3,1,1,0,0,8.6,6.2,64.7,2,2,1,63.8,0,Not placed,Not placed,,63.8,0
S1540,9.51,Civil Engineering,1,0,0,0,1,45.4,6.8,80.2,0,3,0,47.0,1,Startup,Web Developer,48.36,47.0,0
S1541,6.8,Computer Science and Engineering,3,0,0,1,1,95.2,4.5,72.2,1,5,0,69.0,1,MNC,Software Engineer,66.09,69.0,0
S1542,7.43,Electronics and Communication Engineering,1,1,0,1,0,36.7,4.3,79.2,2,4,3,73.4,1,Mid-size,Software Engineer,59.59,73.4,0
S1543,6.3,Electrical and Electronics Engineering,1,1,1,1,1,57.4,5.3,64.2,3,5,0,100.0,1,Mid-size,Data Scientist,61.38,106.3,1
S1544,9.71,Electronics and Communication Engineering,3,0,1,0,1,39.3,8.2,44.2,3,6,2,100.0,1,MNC,Data Scientist,89.24,105.8,1
S1545,6.36,Electronics and Communication Engineering,3,1,1,1,0,68.2,5.8,84.3,1,4,0,77.6,1,Mid-size,Web Developer,63.57,77.6,0
S1546,8.33,Electronics and Communication Engineering,1,1,1,0,0,76.1,9.5,53.1,3,2,0,90.8,1,MNC,Software Engineer,89.36,90.8,0
S1547,9.67,Mechanical Engineering,2,0,1,1,0,90.3,6.9,80.7,0,3,0,58.0,1,MNC,Data Scientist,69.35,58.0,0
S1548,8.99,Civil Engineering,2,0,1,0,1,19.0,5.1,73.9,0,2,0,41.1,1,MNC,Analyst,71.86,41.1,0
S1549,9.02,Information Technology,1,0,1,1,0,79.3,8.0,64.6,1,4,0,77.8,1,MNC,Software Engineer,97.21,77.8,0
S1550,9.56,Civil Engineering,1,0,0,0,0,29.9,9.3,94.1,0,3,0,47.7,1,Startup,Software Engineer,40.36,47.7,0
S1551,8.73,Mechanical Engineering,3,0,0,0,0,87.3,7.1,43.5,1,2,0,41.7,1,Startup,Web Developer,39.43,41.7,0
S1552,8.06,Information Technology,1,0,1,1,1,23.1,5.0,73.6,1,4,2,74.2,1,MNC,Software Engineer,81.51,74.2,0
S1553,9.6,Civil Engineering,3,1,1,0,0,27.9,4.6,56.8,0,3,1,48.3,1,Mid-size,Software Engineer,66.13,48.3,0
S1554,6.52,Electronics and Communication Engineering,3,1,1,0,1,54.8,4.6,73.4,0,4,1,63.7,1,MNC,Data Scientist,76.0,63.7,0
S1555,8.73,Electrical and Electronics Engineering,2,1,1,0,0,80.9,4.8,46.0,2,1,2,58.5,1,MNC,Analyst,79.52,58.5,0
S1556,7.87,Electrical and Electronics Engineering,1,1,1,1,0,35.8,5.4,59.0,1,6,0,82.7,1,MNC,Software Engineer,70.94,82.7,0
S1557,6.72,Information Technology,1,0,0,0,0,84.3,5.1,90.9,1,1,0,25.4,0,Not placed,Not placed,,25.4,0
S1558,8.06,Electronics and Communication Engineering,2,0,1,0,1,15.5,7.2,44.8,2,2,0,74.8,1,Mid-size,Analyst,72.36,74.8,0
S1559,5.56,Electrical and Electronics Engineering,3,1,1,1,0,94.8,9.8,96.1,1,2,1,77.1,1,MNC,Software Engineer,81.56,77.1,0
S1560,7.26,Computer Science and Engineering,1,1,1,1,0,23.1,8.0,87.8,0,3,0,73.7,1,MNC,Software Engineer,70.34,73.7,0
S1561,6.67,Information Technology,3,1,1,1,0,73.8,4.3,67.8,0,3,1,55.3,1,Mid-size,Data Scientist,66.09,55.3,0
S1562,9.98,Electronics and Communication Engineering,2,1,0,0,0,81.8,6.9,84.3,0,4,1,55.4,1,Startup,Web Developer,50.91,55.4,0
S1563,7.59,Mechanical Engineering,2,1,1,0,0,94.8,4.0,98.6,2,2,0,65.9,1,Mid-size,Software Engineer,54.45,65.9,0
S1564,9.61,Electronics and Communication Engineering,2,0,0,0,0,68.0,4.3,44.2,2,2,0,46.7,1,Startup,Data Scientist,45.0,46.7,0
S1565,6.55,Computer Science and Engineering,2,0,0,1,0,58.6,7.6,95.7,0,4,1,56.8,0,Not placed,Not placed,,56.8,0
S1566,8.56,Electrical and Electronics Engineering,2,1,0,0,1,5.2,6.3,63.6,3,3,1,83.7,1,Mid-size,Analyst,68.13,83.7,0
S1567,5.34,Electrical and Electronics Engineering,3,0,1,0,0,36.7,4.3,62.1,1,5,2,60.5,0,Not placed,Not placed,,60.5,0
S1568,6.66,Electrical and Electronics Engineering,2,1,1,0,1,57.2,7.1,78.7,1,2,0,70.6,1,Mid-size,Data Scientist,52.74,70.6,0
S1569,6.16,Computer Science and Engineering,1,1,0,0,0,99.6,4.0,78.4,2,6,0,76.6,1,Startup,Software Engineer,45.9,76.6,0
S1570,9.84,Information Technology,1,1,0,1,0,37.2,5.0,52.6,1,1,0,49.0,1,Mid-size,Web Developer,67.02,49.0,0
S1571,9.57,Mechanical Engineering,2,0,1,1,0,68.0,5.8,56.0,1,5,0,74.0,1,MNC,Web Developer,76.88,74.0,0
S1572,5.4,Information Technology,3,1,1,1,0,37.0,5.5,74.1,1,1,0,62.0,1,MNC,Web Developer,70.15,62.0,0
S1573,9.01,Electronics and Communication Engineering,3,1,0,0,0,18.5,9.2,96.7,0,1,0,42.6,1,Startup,Software Engineer,45.34,42.6,0
S1574,7.16,Civil Engineering,3,0,1,0,0,46.2,9.5,52.3,1,6,1,81.7,1,Startup,Data Scientist,41.65,81.7,0
S1575,6.75,Electrical and Electronics Engineering,2,1,1,1,0,63.2,7.2,49.0,1,3,0,71.8,1,Mid-size,Software Engineer,72.39,71.8,0
S1576,7.82,Electrical and Electronics Engineering,2,1,1,0,1,12.6,7.8,97.2,0,5,0,81.6,1,Mid-size,Software Engineer,63.9,81.6,0
S1577,5.05,Computer Science and Engineering,2,1,0,0,0,89.1,6.6,95.2,2,6,1,80.0,1,Startup,Analyst,40.75,80.0,0
S1578,7.47,Computer Science and Engineering,3,1,1,1,0,42.7,5.7,68.6,2,6,3,100.0,1,MNC,Data Scientist,73.37,102.0,1
S1579,5.25,Civil Engineering,2,1,0,1,0,19.9,7.3,98.4,1,3,3,62.9,0,Not placed,Not placed,,62.9,0
S1580,7.8,Mechanical Engineering,3,0,1,0,0,71.2,8.0,97.8,1,5,0,66.2,1,Startup,Software Engineer,52.38,66.2,0
S1581,7.75,Electrical and Electronics Engineering,3,1,1,1,0,30.3,4.6,78.7,0,3,0,53.8,1,MNC,Data Scientist,71.9,53.8,0
S1582,9.11,Electrical and Electronics Engineering,2,0,1,0,0,55.0,6.3,47.7,2,5,0,77.1,1,Startup,Web Developer,42.74,77.1,0
S1583,6.12,Information Technology,3,0,0,0,1,93.1,7.5,90.4,0,3,0,49.6,1,Startup,Software Engineer,45.25,49.6,0
S1584,7.41,Computer Science and Engineering,3,1,1,0,1,39.1,8.5,96.9,0,6,1,83.9,1,MNC,Data Scientist,81.53,83.9,0
S1585,8.36,Mechanical Engineering,2,0,1,0,0,55.8,8.1,54.3,2,3,0,74.0,1,Startup,Web Developer,44.48,74.0,0
S1586,7.67,Information Technology,1,0,0,0,1,19.2,8.9,59.6,1,2,3,61.7,0,Not placed,Not placed,,61.7,0
S1587,5.4,Electrical and Electronics Engineering,2,1,1,0,1,14.9,6.3,44.1,1,4,1,77.3,1,Mid-size,Data Scientist,63.35,77.3,0
S1588,5.34,Electronics and Communication Engineering,2,0,1,0,0,18.4,8.6,75.9,1,3,0,63.4,1,Startup,Software Engineer,39.18,63.4,0
S1589,7.3,Mechanical Engineering,1,0,0,0,0,68.5,8.9,65.2,3,6,3,83.3,1,Startup,Web Developer,44.24,83.3,0
S1590,5.97,Electrical and Electronics Engineering,1,1,1,0,0,39.9,5.1,51.1,1,5,0,71.1,1,Mid-size,Software Engineer,66.29,71.1,0
S1591,6.85,Electrical and Electronics Engineering,2,1,1,0,1,83.7,6.2,67.3,1,4,1,78.0,1,MNC,Web Developer,78.84,78.0,0
S1592,8.42,Computer Science and Engineering,2,1,1,0,0,86.9,5.0,93.0,0,4,0,57.3,1,MNC,Web Developer,85.91,57.3,0
S1593,9.95,Electronics and Communication Engineering,1,1,0,1,1,93.1,8.1,80.5,0,4,0,72.4,1,Top Tech,Web Developer,105.96,72.4,0
S1594,8.73,Civil Engineering,3,1,1,0,0,25.6,5.1,72.7,1,1,0,50.4,0,Not placed,Not placed,,50.4,0
S1595,6.2,Computer Science and Engineering,1,1,1,0,1,71.5,8.6,89.8,0,6,0,81.3,1,MNC,Web Developer,75.83,81.3,0
S1596,7.05,Electrical and Electronics Engineering,1,0,0,1,1,34.8,4.2,42.2,2,6,1,84.6,1,Mid-size,Software Engineer,66.32,84.6,0
S1597,6.54,Computer Science and Engineering,3,1,1,0,0,65.6,6.7,77.2,0,5,1,64.4,1,Mid-size,Analyst,57.88,64.4,0
S1598,6.46,Mechanical Engineering,3,1,1,0,1,92.1,8.9,43.9,1,3,0,85.8,1,MNC,Data Scientist,71.25,85.8,0
S1599,7.19,Civil Engineering,3,0,1,0,1,19.0,6.2,91.6,1,6,0,82.7,1,MNC,Web Developer,69.73,82.7,0
S1600,8.43,Electronics and Communication Engineering,2,1,0,1,1,43.1,7.7,67.0,0,1,1,59.0,1,MNC,Software Engineer,82.88,59.0,0
S1601,6.12,Information Technology,2,1,0,0,0,42.0,5.9,83.2,1,3,0,57.2,0,Not placed,Not placed,,57.2,0
S1602,6.04,Electronics and Communication Engineering,3,1,1,0,0,42.1,4.3,79.3,0,3,0,52.5,0,Not placed,Not placed,,52.5,0
S1603,6.78,Mechanical Engineering,3,1,1,0,0,19.5,7.1,66.3,0,4,0,64.5,1,MNC,Web Developer,65.01,64.5,0
S1604,9.24,Civil Engineering,3,1,0,1,0,59.4,9.2,64.6,0,2,1,57.8,0,Not placed,Not placed,,57.8,0
S1605,5.39,Electronics and Communication Engineering,3,1,0,1,1,58.2,9.4,41.3,0,6,0,91.7,1,MNC,Web Developer,79.51,91.7,0
S1606,5.55,Computer Science and Engineering,1,0,1,0,1,20.0,6.8,55.9,1,3,0,69.6,1,Mid-size,Data Scientist,66.29,69.6,0
S1607,7.99,Computer Science and Engineering,2,0,0,0,0,55.9,5.7,50.0,1,6,1,54.6,1,Startup,Analyst,47.49,54.6,0
S1608,6.12,Civil Engineering,2,0,1,1,1,30.3,7.8,77.5,1,3,0,74.1,1,Mid-size,Analyst,54.08,74.1,0
S1609,6.37,Civil Engineering,1,1,0,0,0,4.8,9.8,83.8,2,6,0,93.5,1,Startup,Software Engineer,39.52,93.5,0
S1610,7.0,Information Technology,2,1,0,0,0,58.5,5.5,50.0,1,1,0,42.3,0,Not placed,Not placed,,42.3,0
S1611,9.68,Information Technology,3,0,1,1,1,2.0,7.3,45.2,2,1,1,73.8,1,MNC,Web Developer,91.11,73.8,0
S1612,9.8,Computer Science and Engineering,2,0,0,0,0,45.9,9.8,89.8,0,1,0,30.2,1,Startup,Data Scientist,46.77,30.2,0
S1613,9.07,Information Technology,1,1,0,0,1,80.8,6.1,49.6,1,2,0,62.8,1,MNC,Web Developer,95.11,62.8,0
S1614,7.36,Information Technology,2,1,0,0,0,54.5,7.3,92.5,2,2,1,62.6,1,Startup,Data Scientist,43.24,62.6,0
S1615,9.65,Civil Engineering,2,1,1,0,1,48.9,5.0,80.1,1,6,0,85.1,1,MNC,Software Engineer,75.53,85.1,0
S1616,8.67,Electrical and Electronics Engineering,1,0,0,1,0,54.7,7.1,83.5,0,3,0,46.6,1,Startup,Software Engineer,43.09,46.6,0
S1617,7.89,Electrical and Electronics Engineering,2,1,0,1,1,63.8,7.9,45.1,3,1,0,87.0,1,Mid-size,Data Scientist,75.8,87.0,0
S1618,9.94,Electrical and Electronics Engineering,1,1,0,0,1,5.0,6.9,48.9,1,3,1,65.6,1,MNC,Software Engineer,66.15,65.6,0
S1619,5.74,Mechanical Engineering,2,1,1,0,0,76.3,5.8,64.6,1,2,0,57.5,1,Mid-size,Web Developer,60.96,57.5,0
S1620,8.34,Mechanical Engineering,1,1,1,0,1,0.1,7.2,52.9,0,1,0,60.3,1,MNC,Data Scientist,79.72,60.3,0
S1621,9.08,Civil Engineering,1,0,1,1,1,93.5,7.2,85.0,1,4,0,84.5,1,MNC,Software Engineer,73.33,84.5,0
S1622,6.2,Electrical and Electronics Engineering,3,0,0,1,1,61.2,8.0,54.2,1,4,1,69.5,1,MNC,Analyst,68.89,69.5,0
S1623,5.48,Mechanical Engineering,2,1,1,0,0,91.6,9.2,65.6,0,3,0,67.4,1,MNC,Web Developer,81.75,67.4,0
S1624,9.22,Mechanical Engineering,3,1,1,0,1,4.0,4.4,82.8,0,1,0,52.3,0,Not placed,Not placed,,52.3,0
S1625,7.78,Information Technology,2,1,0,1,1,92.1,6.0,46.3,1,3,0,73.3,1,Mid-size,Web Developer,69.67,73.3,0
S1626,9.91,Electronics and Communication Engineering,2,1,1,1,1,10.4,5.6,40.3,0,6,0,90.8,1,MNC,Web Developer,74.94,90.8,0
S1627,9.02,Information Technology,1,1,1,1,0,25.0,8.6,58.0,2,6,1,100.0,1,MNC,Web Developer,70.76,101.6,1
S1628,5.26,Mechanical Engineering,3,0,1,0,1,13.2,6.7,51.1,0,1,0,46.3,0,Not placed,Not placed,,46.3,0
S1629,5.79,Civil Engineering,3,1,0,0,0,59.0,4.3,64.1,0,3,0,41.9,1,Startup,Analyst,35.44,41.9,0
S1630,8.97,Civil Engineering,3,1,0,0,1,73.8,6.5,84.1,1,4,0,68.5,1,Mid-size,Analyst,68.1,68.5,0
S1631,6.71,Civil Engineering,3,1,0,1,0,8.2,7.9,81.2,1,4,1,72.5,1,MNC,Data Scientist,61.14,72.5,0
S1632,8.23,Information Technology,1,1,1,1,0,99.5,9.7,40.8,2,2,0,89.9,1,MNC,Analyst,87.23,89.9,0
S1633,8.2,Civil Engineering,2,0,1,1,0,7.1,8.2,60.4,0,2,2,57.1,0,Not placed,Not placed,,57.1,0
S1634,8.0,Civil Engineering,1,0,1,0,1,97.9,6.1,99.3,3,3,0,87.9,1,Mid-size,Data Scientist,72.5,87.9,0
S1635,9.06,Mechanical Engineering,3,1,1,0,0,4.0,4.9,97.9,1,6,0,76.3,1,MNC,Analyst,74.22,76.3,0
S1636,5.86,Civil Engineering,1,1,0,1,0,68.0,5.8,87.7,1,3,2,61.5,1,MNC,Analyst,69.7,61.5,0
S1637,7.18,Mechanical Engineering,2,0,1,1,1,59.6,6.9,48.5,2,3,1,89.3,1,MNC,Web Developer,98.54,89.3,0
S1638,6.12,Civil Engineering,3,0,0,0,0,61.9,9.4,59.8,2,5,0,77.8,1,Startup,Analyst,39.16,77.8,0
S1639,6.83,Electrical and Electronics Engineering,1,1,1,1,1,3.6,8.3,89.5,2,5,1,100.0,1,MNC,Software Engineer,88.93,106.8,1
S1640,5.64,Computer Science and Engineering,2,1,1,0,1,89.5,6.7,67.3,1,6,2,91.6,1,MNC,Data Scientist,86.49,91.6,0
S1641,7.93,Computer Science and Engineering,3,0,0,0,0,6.2,8.9,60.6,3,4,1,77.3,1,Startup,Software Engineer,51.89,77.3,0
S1642,8.66,Information Technology,2,0,0,0,0,5.4,7.5,88.6,0,1,0,24.1,0,Not placed,Not placed,,24.1,0
S1643,7.97,Information Technology,2,1,1,1,0,62.5,4.7,55.3,0,5,0,72.9,1,Mid-size,Analyst,57.23,72.9,0
S1644,8.42,Information Technology,1,1,1,1,0,76.9,5.0,82.1,2,2,0,78.6,1,Top Tech,Analyst,105.26,78.6,0
S1645,6.38,Information Technology,3,1,1,0,1,73.8,6.0,100.0,2,1,0,77.6,1,MNC,Software Engineer,84.07,77.6,0
S1646,8.33,Electronics and Communication Engineering,2,0,1,0,1,63.2,6.6,74.0,2,2,0,72.6,1,Mid-size,Software Engineer,69.64,72.6,0
S1647,7.11,Mechanical Engineering,3,1,1,0,1,44.9,4.7,73.5,0,1,2,52.5,0,Not placed,Not placed,,52.5,0
S1648,9.35,Civil Engineering,3,0,1,0,1,97.2,7.7,63.5,1,6,1,87.7,1,MNC,Data Scientist,71.27,87.7,0
S1649,5.63,Civil Engineering,3,1,0,0,0,97.2,7.9,57.3,0,5,1,58.3,1,Startup,Web Developer,43.19,58.3,0
S1650,6.5,Information Technology,3,0,1,1,0,70.0,9.8,44.4,0,3,0,60.2,1,MNC,Analyst,73.31,60.2,0
S1651,7.07,Civil Engineering,3,1,1,0,1,35.3,9.9,57.9,0,3,1,76.4,1,Mid-size,Software Engineer,56.06,76.4,0
S1652,5.88,Electrical and Electronics Engineering,2,1,1,0,1,10.4,4.2,59.8,2,3,0,80.9,1,Mid-size,Web Developer,57.98,80.9,0
S1653,6.36,Civil Engineering,2,1,0,0,1,85.0,4.6,84.0,2,5,1,79.2,1,MNC,Software Engineer,88.99,79.2,0
S1654,7.96,Computer Science and Engineering,3,1,0,1,1,59.9,5.6,68.5,1,1,1,66.0,0,Not placed,Not placed,,66.0,0
S1655,8.72,Electronics and Communication Engineering,1,0,0,0,1,35.2,8.9,60.6,0,4,1,53.1,1,Startup,Web Developer,47.33,53.1,0
S1656,9.46,Information Technology,3,0,0,1,1,0.1,6.1,91.5,0,4,0,62.8,1,Mid-size,Analyst,63.59,62.8,0
S1657,9.78,Mechanical Engineering,3,0,0,0,0,81.9,4.1,88.4,0,6,0,40.2,1,Startup,Data Scientist,47.46,40.2,0
S1658,9.93,Civil Engineering,1,1,1,0,0,5.8,6.2,98.9,0,5,0,65.7,1,MNC,Analyst,71.81,65.7,0
S1659,5.53,Electrical and Electronics Engineering,1,0,0,1,0,72.0,7.9,48.7,1,5,0,66.1,1,Startup,Software Engineer,44.05,66.1,0
S1660,8.04,Information Technology,1,0,0,0,0,51.7,8.3,80.9,1,6,0,66.1,1,Startup,Software Engineer,37.28,66.1,0
S1661,8.47,Electrical and Electronics Engineering,1,1,1,1,1,46.2,9.9,67.4,0,2,1,80.0,1,MNC,Web Developer,84.79,80.0,0
S1662,8.5,Electronics and Communication Engineering,3,0,1,1,0,82.9,8.7,80.3,1,2,0,62.7,1,Mid-size,Analyst,62.22,62.7,0
S1663,5.19,Information Technology,1,1,0,1,0,94.8,5.2,58.2,1,6,0,74.7,1,Mid-size,Analyst,60.85,74.7,0
S1664,9.2,Computer Science and Engineering,2,1,1,1,0,4.2,4.9,47.7,0,5,0,73.1,1,Mid-size,Web Developer,47.98,73.1,0
S1665,7.82,Civil Engineering,1,1,1,0,0,66.3,7.0,60.1,2,5,0,89.1,1,MNC,Software Engineer,85.0,89.1,0
S1666,7.86,Information Technology,2,0,0,0,0,19.2,7.6,51.8,0,1,0,32.5,0,Not placed,Not placed,,32.5,0
S1667,5.26,Mechanical Engineering,1,0,0,0,0,90.5,7.1,80.3,0,1,0,30.4,1,Startup,Analyst,43.23,30.4,0
S1668,5.49,Electrical and Electronics Engineering,3,1,0,0,1,51.8,4.1,41.7,0,5,0,57.7,1,Mid-size,Analyst,66.48,57.7,0
S1669,7.79,Computer Science and Engineering,3,0,1,0,1,96.0,7.6,71.6,0,6,0,73.3,1,Mid-size,Analyst,51.94,73.3,0
S1670,6.4,Mechanical Engineering,1,1,0,1,0,78.8,7.1,65.8,0,1,0,48.7,1,MNC,Data Scientist,70.74,48.7,0
S1671,9.53,Mechanical Engineering,1,1,1,0,0,95.4,5.2,88.5,1,5,0,65.8,1,Mid-size,Data Scientist,55.85,65.8,0
S1672,6.03,Electrical and Electronics Engineering,3,1,0,0,1,18.6,7.5,43.0,2,5,3,91.7,0,Not placed,Not placed,,91.7,0
S1673,7.48,Mechanical Engineering,2,1,0,0,0,64.5,8.8,96.8,1,1,1,55.8,1,Startup,Software Engineer,40.35,55.8,0
S1674,7.78,Electronics and Communication Engineering,1,1,1,1,0,11.3,5.3,50.4,1,2,0,66.6,1,MNC,Data Scientist,87.43,66.6,0
S1675,5.41,Civil Engineering,2,1,0,0,0,67.5,4.2,76.0,1,3,0,52.1,1,Startup,Analyst,45.37,52.1,0
S1676,8.09,Electronics and Communication Engineering,2,1,1,0,0,22.0,9.7,49.2,0,2,0,63.5,0,Not placed,Not placed,,63.5,0
S1677,7.19,Information Technology,3,1,0,1,0,45.1,8.1,56.0,0,1,0,51.5,1,Mid-size,Web Developer,54.78,51.5,0
S1678,5.13,Mechanical Engineering,3,0,0,0,0,62.3,9.3,99.4,2,3,0,65.9,1,Startup,Software Engineer,47.23,65.9,0
S1679,10.0,Computer Science and Engineering,3,1,1,0,0,50.6,4.7,69.5,0,6,2,62.0,1,MNC,Analyst,69.91,62.0,0
S1680,9.21,Electrical and Electronics Engineering,1,1,1,0,0,16.2,6.1,98.3,3,3,0,82.1,1,MNC,Data Scientist,82.02,82.1,0
S1681,5.54,Computer Science and Engineering,3,1,1,0,0,94.6,9.7,58.5,2,6,0,98.1,1,Mid-size,Analyst,59.76,98.1,0
S1682,6.35,Electrical and Electronics Engineering,1,1,1,1,1,62.1,5.7,84.1,0,6,1,91.8,1,MNC,Web Developer,68.75,91.8,0
S1683,6.88,Electronics and Communication Engineering,3,1,0,0,1,96.3,5.9,81.3,0,3,0,57.2,1,MNC,Analyst,71.36,57.2,0
S1684,5.78,Computer Science and Engineering,3,1,0,1,0,18.9,8.1,94.2,3,3,0,87.9,1,MNC,Analyst,90.84,87.9,0
S1685,8.7,Mechanical Engineering,3,0,1,0,0,47.2,5.7,40.4,0,6,0,57.3,0,Not placed,Not placed,,57.3,0
S1686,6.14,Electrical and Electronics Engineering,2,0,1,1,0,94.6,8.1,85.1,1,4,0,74.9,1,Mid-size,Software Engineer,57.34,74.9,0
S1687,5.8,Electronics and Communication Engineering,3,1,1,0,1,82.0,4.8,82.3,3,3,1,92.3,1,Mid-size,Data Scientist,73.5,92.3,0
S1688,5.72,Electronics and Communication Engineering,3,0,0,0,0,14.3,8.3,41.8,0,6,0,57.4,0,Not placed,Not placed,,57.4,0
S1689,9.7,Computer Science and Engineering,1,1,0,1,1,60.7,9.6,65.3,2,3,0,95.6,1,MNC,Data Scientist,91.11,95.6,0
S1690,6.72,Mechanical Engineering,3,1,1,0,0,8.2,6.3,50.5,1,5,0,71.1,1,Mid-size,Software Engineer,56.09,71.1,0
S1691,8.69,Civil Engineering,1,1,1,0,1,85.5,7.5,87.4,1,6,0,97.4,1,MNC,Data Scientist,88.61,97.4,0
S1692,5.16,Civil Engineering,3,1,0,0,0,42.1,7.9,69.0,1,2,0,55.7,1,Startup,Data Scientist,41.82,55.7,0
S1693,7.86,Civil Engineering,2,1,0,0,1,79.8,8.1,98.3,0,2,1,52.9,1,Mid-size,Software Engineer,60.12,52.9,0
S1694,5.17,Information Technology,3,1,1,0,1,21.0,6.5,95.7,1,5,0,89.4,1,MNC,Web Developer,82.32,89.4,0
S1695,8.03,Civil Engineering,1,1,0,1,1,74.6,4.2,75.4,2,6,0,89.8,1,MNC,Data Scientist,85.82,89.8,0
S1696,6.68,Computer Science and Engineering,2,1,0,1,0,81.8,8.2,40.3,3,4,0,99.1,1,MNC,Analyst,73.36,99.1,0
S1697,7.78,Computer Science and Engineering,1,1,1,1,1,49.2,6.9,77.7,0,2,0,71.3,1,Mid-size,Software Engineer,54.31,71.3,0
S1698,9.29,Computer Science and Engineering,1,0,0,1,0,85.9,5.9,40.1,0,4,0,43.8,1,Startup,Analyst,42.48,43.8,0
S1699,9.2,Mechanical Engineering,1,0,0,0,1,33.4,6.5,40.7,0,1,0,37.5,1,Startup,Data Scientist,43.79,37.5,0
S1700,9.81,Electronics and Communication Engineering,2,0,1,0,1,4.8,4.3,88.7,1,2,1,49.9,0,Not placed,Not placed,,49.9,0
S1701,9.79,Electrical and Electronics Engineering,2,1,0,1,0,24.2,5.2,63.8,2,1,1,56.8,1,MNC,Web Developer,80.59,56.8,0
S1702,5.51,Electrical and Electronics Engineering,2,1,1,0,1,50.0,7.1,78.1,1,2,0,68.1,1,MNC,Software Engineer,86.69,68.1,0
S1703,9.38,Electrical and Electronics Engineering,3,1,0,0,0,50.7,6.1,78.8,1,6,1,69.4,1,Startup,Software Engineer,38.99,69.4,0
S1704,6.6,Mechanical Engineering,1,0,1,0,0,36.8,8.4,76.2,1,4,1,61.1,1,Startup,Software Engineer,51.33,61.1,0
S1705,9.7,Civil Engineering,3,1,0,1,0,75.7,7.3,53.7,0,1,0,42.8,1,Mid-size,Software Engineer,68.86,42.8,0
S1706,7.67,Civil Engineering,1,1,0,0,1,28.0,4.3,47.6,1,5,2,63.8,1,Mid-size,Analyst,47.03,63.8,0
S1707,5.43,Mechanical Engineering,1,1,1,0,0,96.5,6.6,75.9,0,4,0,62.1,1,MNC,Analyst,76.59,62.1,0
S1708,5.96,Civil Engineering,2,0,1,0,1,70.4,5.2,70.6,1,4,2,65.6,1,MNC,Software Engineer,73.3,65.6,0
S1709,6.53,Electronics and Communication Engineering,2,1,0,0,0,67.2,4.2,67.0,1,4,0,52.1,1,Startup,Web Developer,40.3,52.1,0
S1710,8.35,Electrical and Electronics Engineering,3,1,1,0,0,16.7,5.9,46.2,2,2,2,69.8,0,Not placed,Not placed,,69.8,0
S1711,7.52,Computer Science and Engineering,2,1,1,1,0,82.1,5.1,85.8,0,3,0,62.3,1,MNC,Data Scientist,71.64,62.3,0
S1712,6.44,Mechanical Engineering,1,0,0,0,0,5.1,6.2,91.3,1,1,0,31.4,0,Not placed,Not placed,,31.4,0
S1713,8.47,Information Technology,3,1,1,1,1,4.3,8.8,72.0,1,2,0,82.9,1,MNC,Web Developer,75.24,82.9,0
S1714,5.8,Mechanical Engineering,2,0,0,1,0,41.6,5.9,87.2,0,4,0,45.1,0,Not placed,Not placed,,45.1,0
S1715,5.55,Civil Engineering,1,1,0,0,0,65.5,6.8,67.5,2,3,0,63.5,1,Startup,Analyst,41.29,63.5,0
S1716,9.26,Civil Engineering,3,0,1,0,0,61.1,7.4,45.8,2,4,0,69.4,1,Startup,Analyst,42.95,69.4,0
S1717,6.36,Computer Science and Engineering,3,1,0,0,1,87.9,5.9,59.6,1,4,0,71.0,1,MNC,Data Scientist,89.93,71.0,0
S1718,6.74,Computer Science and Engineering,1,0,1,0,1,88.1,4.2,89.7,1,5,0,66.3,1,Mid-size,Software Engineer,64.5,66.3,0
S1719,5.51,Mechanical Engineering,3,0,1,1,0,33.7,9.6,93.9,2,5,0,92.3,1,MNC,Web Developer,73.27,92.3,0
S1720,9.03,Mechanical Engineering,3,1,1,0,0,41.7,10.0,48.9,1,4,0,79.7,1,MNC,Software Engineer,76.7,79.7,0
S1721,9.94,Electronics and Communication Engineering,1,0,1,1,1,2.3,7.2,40.3,2,6,0,98.8,1,MNC,Analyst,75.61,98.8,0
S1722,8.38,Information Technology,2,1,0,0,0,75.9,6.7,82.4,0,2,1,40.4,1,Startup,Data Scientist,50.32,40.4,0
S1723,8.66,Information Technology,1,1,1,0,0,86.4,4.5,64.5,2,1,0,58.8,1,Mid-size,Data Scientist,71.1,58.8,0
S1724,5.0,Mechanical Engineering,2,1,0,0,0,18.0,8.8,74.8,3,6,0,91.5,1,Startup,Data Scientist,46.82,91.5,0
S1725,5.88,Computer Science and Engineering,1,1,0,1,1,88.6,8.4,69.2,0,5,0,78.2,1,Top Tech,Software Engineer,101.14,78.2,0
S1726,6.43,Mechanical Engineering,2,1,1,0,1,38.7,9.2,42.3,0,5,0,80.5,1,MNC,Software Engineer,68.22,80.5,0
S1727,6.46,Electronics and Communication Engineering,3,1,1,0,1,37.7,8.2,90.2,3,3,0,100.0,1,MNC,Software Engineer,71.68,100.1,1
S1728,5.62,Electronics and Communication Engineering,1,1,1,0,1,32.5,6.1,50.8,2,4,0,89.4,1,MNC,Data Scientist,73.49,89.4,0
S1729,7.7,Civil Engineering,3,0,0,0,1,84.9,8.4,93.3,2,3,0,66.5,1,Startup,Web Developer,49.34,66.5,0
S1730,7.87,Electronics and Communication Engineering,2,0,1,1,0,63.1,5.5,42.9,1,2,0,55.0,1,Mid-size,Data Scientist,51.71,55.0,0
S1731,6.89,Civil Engineering,3,1,0,1,0,29.9,7.6,99.9,1,4,1,73.7,0,Not placed,Not placed,,73.7,0
S1732,6.2,Information Technology,1,1,0,1,1,96.1,8.4,91.4,1,6,1,93.8,1,MNC,Analyst,71.85,93.8,0
S1733,9.76,Mechanical Engineering,1,1,1,1,0,20.3,6.9,62.1,1,2,0,72.3,1,MNC,Data Scientist,79.37,72.3,0
S1734,5.72,Electronics and Communication Engineering,2,1,1,0,0,91.1,7.1,49.4,1,3,0,67.5,1,MNC,Web Developer,74.24,67.5,0
S1735,8.79,Electronics and Communication Engineering,3,1,1,0,0,75.7,6.3,89.5,2,1,0,59.9,1,MNC,Analyst,92.75,59.9,0
S1736,6.0,Civil Engineering,3,1,0,1,0,96.3,9.5,93.3,0,5,0,71.1,1,MNC,Data Scientist,78.62,71.1,0
S1737,6.77,Mechanical Engineering,3,1,1,0,1,85.8,8.8,97.1,0,4,1,77.6,1,MNC,Analyst,82.64,77.6,0
S1738,6.9,Electronics and Communication Engineering,2,1,0,0,1,38.3,4.1,41.7,2,6,0,78.3,1,Mid-size,Data Scientist,51.58,78.3,0
S1739,7.78,Computer Science and Engineering,2,0,0,0,0,33.2,4.7,64.8,1,3,0,42.6,0,Not placed,Not placed,,42.6,0
S1740,6.77,Information Technology,1,1,0,0,0,60.5,8.3,89.6,3,3,1,78.7,1,Startup,Web Developer,52.63,78.7,0
S1741,5.81,Electronics and Communication Engineering,2,1,1,1,0,12.9,5.5,74.7,3,4,2,99.2,1,MNC,Data Scientist,73.42,99.2,0
S1742,6.61,Civil Engineering,3,0,0,0,0,21.7,8.4,75.4,1,2,1,49.6,0,Not placed,Not placed,,49.6,0
S1743,6.35,Electronics and Communication Engineering,2,0,1,0,0,17.0,7.9,77.1,0,1,1,41.4,0,Not placed,Not placed,,41.4,0
S1744,9.39,Electrical and Electronics Engineering,2,0,0,0,1,4.1,4.9,94.9,1,3,0,45.6,0,Not placed,Not placed,,45.6,0
S1745,5.95,Electronics and Communication Engineering,2,1,0,1,1,19.2,7.4,84.6,1,6,0,96.3,1,Mid-size,Web Developer,71.64,96.3,0
S1746,9.36,Mechanical Engineering,1,1,1,1,1,37.9,6.5,57.6,0,5,0,88.7,1,MNC,Data Scientist,83.41,88.7,0
S1747,7.24,Civil Engineering,3,1,1,0,1,18.0,8.2,87.2,1,1,0,68.4,1,Mid-size,Software Engineer,54.74,68.4,0
S1748,9.23,Electronics and Communication Engineering,1,1,1,0,0,67.7,8.0,47.0,0,1,0,51.7,1,Mid-size,Data Scientist,53.82,51.7,0
S1749,7.68,Electronics and Communication Engineering,3,0,1,0,0,76.4,9.6,59.4,1,2,0,57.9,1,Startup,Software Engineer,46.57,57.9,0
S1750,7.02,Civil Engineering,1,0,1,1,1,22.4,6.1,98.6,0,2,0,57.0,1,MNC,Software Engineer,77.01,57.0,0
S1751,7.62,Mechanical Engineering,3,1,1,1,1,14.6,8.4,79.9,1,2,0,84.2,1,Mid-size,Software Engineer,67.08,84.2,0
S1752,9.68,Mechanical Engineering,3,1,1,0,0,89.5,6.0,74.7,0,1,0,39.0,0,Not placed,Not placed,,39.0,0
S1753,6.03,Electrical and Electronics Engineering,3,1,0,0,0,30.8,8.3,69.5,0,5,1,57.9,1,Startup,Data Scientist,43.15,57.9,0
S1754,7.58,Computer Science and Engineering,3,1,0,0,0,92.5,6.1,64.1,0,4,0,50.0,1,Startup,Analyst,40.35,50.0,0
S1755,6.6,Mechanical Engineering,3,0,1,0,0,60.4,5.3,53.8,1,5,1,59.6,0,Not placed,Not placed,,59.6,0
S1756,5.55,Electrical and Electronics Engineering,3,0,0,0,0,79.4,6.8,88.3,1,4,0,47.2,0,Not placed,Not placed,,47.2,0
S1757,9.54,Information Technology,2,1,0,0,0,39.1,7.8,96.8,0,6,1,63.9,1,Startup,Web Developer,40.4,63.9,0
S1758,9.12,Information Technology,3,1,0,0,0,39.7,9.3,46.6,1,6,0,77.4,1,Startup,Analyst,41.48,77.4,0
S1759,8.77,Information Technology,2,1,1,0,0,75.7,7.2,59.7,0,5,1,67.2,1,MNC,Software Engineer,79.71,67.2,0
S1760,5.33,Electrical and Electronics Engineering,2,1,1,0,0,59.2,7.4,78.6,3,3,0,87.2,1,MNC,Software Engineer,92.55,87.2,0
S1761,8.61,Civil Engineering,1,1,1,0,0,100.0,4.2,63.7,0,2,0,43.2,1,MNC,Data Scientist,72.62,43.2,0
S1762,6.35,Mechanical Engineering,1,0,0,0,0,79.2,6.7,97.3,0,3,0,30.4,1,Startup,Web Developer,44.25,30.4,0
S1763,7.61,Information Technology,1,1,1,1,0,33.1,8.3,97.5,3,3,0,100.0,1,MNC,Data Scientist,86.14,103.2,1
S1764,8.32,Civil Engineering,3,0,0,1,0,71.3,7.0,80.1,0,5,3,54.5,0,Not placed,Not placed,,54.5,0
S1765,6.11,Electrical and Electronics Engineering,2,0,1,0,0,87.1,7.9,62.1,2,1,0,57.0,1,Startup,Software Engineer,48.11,57.0,0
S1766,9.7,Information Technology,2,0,0,0,0,76.1,6.9,49.8,0,6,1,50.9,1,Startup,Data Scientist,39.3,50.9,0
S1767,9.34,Computer Science and Engineering,2,1,0,0,1,94.2,6.3,83.7,1,1,0,52.2,1,MNC,Analyst,88.12,52.2,0
S1768,8.51,Information Technology,1,1,1,0,1,38.1,8.2,57.6,0,5,0,74.9,1,Mid-size,Data Scientist,48.67,74.9,0
S1769,7.92,Mechanical Engineering,2,1,1,0,0,4.3,6.8,85.2,2,1,0,69.7,1,MNC,Web Developer,84.26,69.7,0
S1770,9.56,Electrical and Electronics Engineering,2,1,1,0,1,76.9,9.0,48.0,2,3,0,87.6,1,MNC,Software Engineer,98.03,87.6,0
S1771,5.11,Computer Science and Engineering,3,1,0,0,1,87.3,6.7,88.5,2,5,0,87.1,1,Mid-size,Analyst,67.87,87.1,0
S1772,9.91,Computer Science and Engineering,3,0,1,0,1,45.6,8.4,49.3,0,5,0,71.0,1,Mid-size,Analyst,64.71,71.0,0
S1773,6.55,Civil Engineering,2,1,1,1,0,36.5,8.3,53.3,0,3,0,74.3,1,Mid-size,Data Scientist,67.13,74.3,0
S1774,5.52,Electrical and Electronics Engineering,3,1,0,0,1,72.6,4.2,71.9,1,3,0,56.5,1,MNC,Web Developer,80.59,56.5,0
S1775,9.01,Electronics and Communication Engineering,3,0,1,0,0,48.9,8.7,50.0,0,5,0,57.5,1,Startup,Software Engineer,48.86,57.5,0
S1776,9.76,Mechanical Engineering,2,1,0,0,0,49.9,7.6,97.6,2,5,1,74.6,1,Startup,Web Developer,53.48,74.6,0
S1777,5.51,Information Technology,3,1,0,1,1,42.5,6.5,58.3,2,5,3,91.0,1,Mid-size,Web Developer,60.14,91.0,0
S1778,9.45,Electronics and Communication Engineering,2,1,1,0,0,12.5,9.7,85.8,3,4,1,95.6,1,MNC,Web Developer,85.16,95.6,0
S1779,8.29,Electrical and Electronics Engineering,3,1,1,1,0,99.3,4.3,87.3,1,1,1,53.4,1,MNC,Software Engineer,68.31,53.4,0
S1780,5.28,Mechanical Engineering,1,1,0,0,1,22.6,4.1,65.1,0,6,2,62.6,1,Mid-size,Web Developer,60.66,62.6,0
S1781,8.02,Information Technology,1,1,0,1,1,22.4,5.4,91.7,1,2,0,69.3,1,MNC,Software Engineer,83.8,69.3,0
S1782,9.85,Mechanical Engineering,3,1,1,0,1,61.3,7.9,98.3,1,6,0,95.2,1,MNC,Analyst,83.58,95.2,0
S1783,8.17,Information Technology,1,1,0,1,1,16.3,9.8,73.3,1,1,0,73.2,1,Mid-size,Data Scientist,67.32,73.2,0
S1784,7.84,Information Technology,2,1,1,1,0,9.2,5.0,62.0,1,3,0,74.6,1,MNC,Software Engineer,85.3,74.6,0
S1785,7.46,Civil Engineering,1,0,1,0,1,27.4,9.1,65.6,1,5,0,80.5,1,MNC,Web Developer,74.37,80.5,0
S1786,8.25,Electronics and Communication Engineering,3,0,1,0,0,45.9,4.7,99.6,0,6,0,55.3,0,Not placed,Not placed,,55.3,0
S1787,7.75,Computer Science and Engineering,2,1,0,0,1,60.9,6.5,49.2,1,3,1,59.8,1,MNC,Web Developer,73.27,59.8,0
S1788,6.4,Electrical and Electronics Engineering,1,1,1,0,1,6.5,4.8,47.2,3,5,0,100.0,1,Mid-size,Data Scientist,70.25,100.0,0
S1789,8.97,Civil Engineering,2,0,1,1,0,90.1,8.0,95.3,3,3,0,92.4,1,MNC,Software Engineer,73.91,92.4,0
S1790,6.49,Information Technology,1,1,1,0,0,78.3,7.9,59.6,1,3,1,69.2,1,MNC,Data Scientist,69.91,69.2,0
S1791,6.1,Mechanical Engineering,3,1,1,0,0,68.9,8.5,48.9,2,2,0,76.5,1,Mid-size,Data Scientist,52.72,76.5,0
S1792,8.09,Information Technology,3,0,1,0,0,59.8,7.2,55.6,1,2,0,56.1,1,Startup,Software Engineer,49.73,56.1,0
S1793,9.33,Mechanical Engineering,1,0,1,0,1,44.7,8.1,54.4,1,2,0,67.1,1,MNC,Software Engineer,81.14,67.1,0
S1794,7.88,Information Technology,2,1,1,1,0,81.5,6.4,73.5,0,3,0,62.2,1,MNC,Data Scientist,75.96,62.2,0
S1795,6.32,Mechanical Engineering,2,1,1,0,0,3.6,4.5,82.3,2,4,0,77.1,1,MNC,Software Engineer,66.68,77.1,0
S1796,6.14,Civil Engineering,3,0,1,0,0,10.7,4.0,81.8,1,4,1,54.7,0,Not placed,Not placed,,54.7,0
S1797,5.16,Civil Engineering,2,0,0,0,1,53.3,9.0,50.6,1,3,1,59.0,0,Not placed,Not placed,,59.0,0
S1798,8.81,Computer Science and Engineering,1,0,1,0,1,70.6,8.2,97.9,0,6,0,72.5,1,Mid-size,Web Developer,54.29,72.5,0
S1799,8.23,Mechanical Engineering,2,0,1,1,1,3.1,9.1,83.9,1,5,0,93.3,1,MNC,Web Developer,76.05,93.3,0
S1800,8.93,Information Technology,1,1,0,0,1,6.6,5.6,49.2,3,5,0,91.7,1,Mid-size,Web Developer,60.01,91.7,0
S1801,9.81,Mechanical Engineering,1,0,1,0,1,29.4,6.0,41.6,3,1,0,77.3,1,Mid-size,Data Scientist,52.46,77.3,0
S1802,6.72,Mechanical Engineering,3,0,1,0,0,8.5,4.9,54.8,3,6,0,86.4,1,Startup,Analyst,45.0,86.4,0
S1803,6.97,Information Technology,3,1,1,0,0,39.7,4.4,84.9,0,5,1,56.6,1,MNC,Analyst,62.45,56.6,0
S1804,7.19,Electrical and Electronics Engineering,3,0,1,1,1,73.9,8.5,84.7,0,5,1,78.2,1,Mid-size,Software Engineer,52.89,78.2,0
S1805,5.12,Information Technology,2,1,0,0,0,78.1,9.5,73.8,0,6,0,72.9,1,Startup,Web Developer,50.02,72.9,0
S1806,8.75,Information Technology,1,0,1,0,0,83.4,6.8,43.6,0,2,1,41.9,1,Startup,Software Engineer,45.78,41.9,0
S1807,8.77,Information Technology,3,1,1,1,1,66.9,9.6,64.3,2,6,2,100.0,1,MNC,Web Developer,84.61,122.1,1
S1808,6.16,Information Technology,3,1,1,0,1,66.1,8.7,74.9,2,1,0,78.6,1,Mid-size,Software Engineer,56.71,78.6,0
S1809,6.43,Information Technology,2,1,1,1,1,66.7,4.9,43.3,1,6,0,96.0,1,MNC,Software Engineer,84.15,96.0,0
S1810,8.99,Mechanical Engineering,3,1,1,1,0,39.5,8.0,58.3,0,3,1,71.0,0,Not placed,Not placed,,71.0,0
S1811,7.6,Computer Science and Engineering,1,0,1,0,0,19.7,4.8,76.1,1,1,0,35.2,1,Startup,Web Developer,47.17,35.2,0
S1812,5.29,Civil Engineering,1,1,0,0,0,91.5,6.7,93.9,0,2,2,41.0,0,Not placed,Not placed,,41.0,0
S1813,6.1,Mechanical Engineering,3,1,0,0,1,20.0,5.9,43.7,2,2,0,68.8,1,MNC,Software Engineer,79.24,68.8,0
S1814,5.35,Civil Engineering,3,0,1,1,0,83.7,7.9,59.9,1,4,3,73.2,0,Not placed,Not placed,,73.2,0
S1815,8.64,Electrical and Electronics Engineering,3,1,1,0,0,85.8,9.2,41.5,1,4,0,73.9,1,MNC,Web Developer,94.53,73.9,0
S1816,7.48,Electronics and Communication Engineering,1,0,0,1,0,96.4,4.8,76.3,3,1,0,61.0,1,Startup,Web Developer,52.22,61.0,0
S1817,9.02,Information Technology,2,0,1,0,0,43.4,6.9,57.1,0,2,1,41.7,0,Not placed,Not placed,,41.7,0
S1818,5.86,Electrical and Electronics Engineering,2,1,1,0,0,21.4,8.1,99.3,0,5,0,67.5,1,Mid-size,Software Engineer,62.28,67.5,0
S1819,9.77,Electrical and Electronics Engineering,1,1,1,1,0,6.7,4.1,86.4,0,3,0,60.5,1,Mid-size,Analyst,54.2,60.5,0
S1820,8.53,Electrical and Electronics Engineering,1,1,1,0,0,64.1,9.7,68.0,3,4,2,100.0,1,Mid-size,Software Engineer,68.51,103.2,1
S1821,5.66,Electronics and Communication Engineering,3,0,0,0,1,66.4,5.9,87.6,1,3,1,51.1,1,Startup,Web Developer,40.88,51.1,0
S1822,9.08,Electronics and Communication Engineering,1,0,1,0,0,91.6,9.7,53.9,0,5,3,68.7,1,Startup,Software Engineer,42.81,68.7,0
S1823,6.55,Civil Engineering,3,0,1,1,1,6.8,5.7,55.3,1,3,1,74.4,0,Not placed,Not placed,,74.4,0
S1824,8.75,Computer Science and Engineering,3,1,0,0,1,38.4,4.9,42.7,0,1,1,38.5,0,Not placed,Not placed,,38.5,0
S1825,8.69,Mechanical Engineering,1,0,1,1,1,74.9,8.6,93.9,2,1,0,84.2,1,Mid-size,Software Engineer,69.87,84.2,0
S1826,6.18,Electrical and Electronics Engineering,3,1,0,0,1,44.1,5.4,65.8,2,1,0,61.7,1,Mid-size,Data Scientist,65.33,61.7,0
S1827,8.75,Civil Engineering,2,1,0,1,1,13.6,4.2,54.6,1,3,0,66.0,1,MNC,Web Developer,79.87,66.0,0
S1828,8.92,Electronics and Communication Engineering,1,0,1,0,0,96.5,5.0,72.5,0,3,0,35.9,1,Startup,Data Scientist,47.89,35.9,0
S1829,5.45,Electrical and Electronics Engineering,3,0,1,0,1,5.9,6.0,90.8,2,2,0,73.0,1,Mid-size,Analyst,66.86,73.0,0
S1830,5.83,Electronics and Communication Engineering,3,1,0,1,1,92.6,9.7,76.9,1,4,0,92.0,1,MNC,Web Developer,82.02,92.0,0
S1831,6.59,Mechanical Engineering,2,0,0,1,1,18.8,4.7,79.7,1,3,0,62.6,1,Mid-size,Analyst,63.55,62.6,0
S1832,9.88,Civil Engineering,2,0,1,0,1,21.8,4.1,64.9,0,4,0,53.1,1,MNC,Data Scientist,76.54,53.1,0
S1833,9.4,Electrical and Electronics Engineering,3,0,0,0,1,41.2,6.1,98.9,3,4,0,73.7,1,Startup,Web Developer,50.56,73.7,0
S1834,8.13,Information Technology,2,1,0,0,0,59.9,8.3,89.6,0,1,0,37.5,1,Startup,Web Developer,38.43,37.5,0
S1835,7.03,Electronics and Communication Engineering,2,1,0,0,0,95.4,7.6,77.6,1,5,0,68.8,1,Startup,Analyst,46.69,68.8,0
S1836,5.74,Civil Engineering,2,1,0,0,0,71.8,8.3,68.8,1,3,0,64.1,1,Startup,Data Scientist,45.16,64.1,0
S1837,9.79,Civil Engineering,1,1,0,0,0,3.2,6.6,86.4,1,6,0,65.2,1,Startup,Data Scientist,46.47,65.2,0
S1838,6.91,Electrical and Electronics Engineering,3,0,1,0,0,87.7,7.1,42.1,0,5,0,60.6,1,Startup,Data Scientist,45.6,60.6,0
S1839,7.85,Computer Science and Engineering,1,0,0,1,0,38.4,7.1,98.7,1,6,2,74.9,1,Startup,Web Developer,39.52,74.9,0
S1840,8.18,Electronics and Communication Engineering,3,1,1,0,1,96.1,6.4,53.5,0,3,0,66.6,1,MNC,Software Engineer,73.15,66.6,0
S1841,9.36,Information Technology,2,1,1,0,1,79.2,8.9,58.6,1,5,0,89.5,1,Mid-size,Software Engineer,54.14,89.5,0
S1842,7.85,Computer Science and Engineering,1,0,0,1,0,27.6,4.9,47.7,3,4,0,77.0,1,Startup,Web Developer,43.71,77.0,0
S1843,9.31,Mechanical Engineering,2,1,0,1,0,11.7,5.5,63.2,0,1,1,41.6,0,Not placed,Not placed,,41.6,0
S1844,7.2,Computer Science and Engineering,1,1,0,0,0,19.5,9.6,74.9,0,2,0,45.1,1,Startup,Analyst,41.36,45.1,0
S1845,6.36,Information Technology,2,0,0,0,1,71.6,7.9,95.0,0,3,0,50.1,1,Startup,Software Engineer,40.64,50.1,0
S1846,6.73,Mechanical Engineering,1,1,0,0,1,35.0,4.2,41.5,0,1,1,35.5,0,Not placed,Not placed,,35.5,0
S1847,5.21,Civil Engineering,2,0,0,0,0,61.8,8.0,48.9,2,2,1,53.9,0,Not placed,Not placed,,53.9,0
S1848,8.49,Electrical and Electronics Engineering,3,1,0,0,1,14.4,6.1,75.2,0,6,0,70.1,1,Mid-size,Analyst,60.61,70.1,0
S1849,7.04,Civil Engineering,3,1,0,0,1,11.6,6.1,72.7,0,2,1,44.9,0,Not placed,Not placed,,44.9,0
S1850,8.38,Computer Science and Engineering,1,0,1,0,0,90.7,7.4,92.8,2,2,0,65.9,1,Startup,Web Developer,47.02,65.9,0
S1851,7.48,Electrical and Electronics Engineering,1,0,0,0,0,24.7,5.3,40.3,2,1,0,42.3,0,Not placed,Not placed,,42.3,0
S1852,6.73,Information Technology,3,0,1,0,0,32.1,4.0,43.8,1,1,0,40.3,0,Not placed,Not placed,,40.3,0
S1853,6.92,Mechanical Engineering,2,0,1,0,0,64.9,6.6,88.7,3,1,0,63.6,1,Startup,Data Scientist,45.0,63.6,0
S1854,5.3,Computer Science and Engineering,3,1,0,0,0,61.3,7.5,87.9,1,2,1,48.8,0,Not placed,Not placed,,48.8,0
S1855,5.13,Mechanical Engineering,3,1,1,1,0,78.1,5.6,49.2,2,5,1,88.5,1,Mid-size,Data Scientist,67.72,88.5,0
S1856,6.65,Mechanical Engineering,1,0,0,0,0,87.6,4.5,94.9,3,1,0,45.3,1,Startup,Software Engineer,41.72,45.3,0
S1857,9.53,Electronics and Communication Engineering,1,1,1,0,0,68.2,4.8,88.1,3,6,0,90.3,1,MNC,Software Engineer,87.1,90.3,0
S1858,9.57,Information Technology,1,1,1,1,1,7.1,6.6,55.7,1,4,0,86.0,1,Mid-size,Analyst,70.55,86.0,0
S1859,7.19,Electrical and Electronics Engineering,2,0,0,0,0,92.9,4.7,71.1,1,1,0,25.2,1,Startup,Web Developer,43.96,25.2,0
S1860,9.83,Electrical and Electronics Engineering,3,0,1,0,0,74.0,9.4,50.8,0,5,0,63.2,1,Startup,Data Scientist,47.62,63.2,0
S1861,6.7,Mechanical Engineering,1,0,0,0,0,63.4,9.3,67.3,2,2,1,62.7,1,Startup,Software Engineer,40.58,62.7,0
S1862,5.51,Computer Science and Engineering,3,0,1,0,0,57.0,8.5,64.0,1,2,0,50.7,0,Not placed,Not placed,,50.7,0
S1863,7.91,Electronics and Communication Engineering,3,1,1,1,1,4.4,9.4,93.4,1,3,0,90.1,1,Mid-size,Analyst,59.86,90.1,0
S1864,9.56,Electronics and Communication Engineering,2,0,1,0,0,60.1,8.2,63.7,0,5,1,57.3,1,Startup,Data Scientist,38.39,57.3,0
S1865,7.61,Mechanical Engineering,1,1,0,1,0,58.0,5.6,65.5,0,2,1,50.7,1,MNC,Web Developer,83.56,50.7,0
S1866,7.43,Electrical and Electronics Engineering,3,1,1,0,1,25.0,7.7,82.8,2,2,0,81.2,1,Mid-size,Software Engineer,61.18,81.2,0
S1867,6.52,Electronics and Communication Engineering,1,0,1,0,1,45.7,8.9,58.7,1,2,1,69.7,1,MNC,Web Developer,85.91,69.7,0
S1868,9.07,Mechanical Engineering,1,0,1,0,0,14.8,5.1,66.9,1,3,0,47.5,1,Startup,Software Engineer,39.89,47.5,0
S1869,7.05,Mechanical Engineering,2,1,0,0,1,43.0,9.9,71.5,2,1,0,77.7,1,Mid-size,Analyst,68.19,77.7,0
S1870,5.81,Computer Science and Engineering,3,1,1,1,1,26.4,9.2,93.3,1,1,2,77.8,1,MNC,Analyst,87.37,77.8,0
S1871,5.05,Mechanical Engineering,3,0,0,0,1,24.0,6.8,54.8,1,1,0,46.4,0,Not placed,Not placed,,46.4,0
S1872,5.47,Electronics and Communication Engineering,3,1,0,0,0,22.6,8.9,42.6,0,6,0,63.5,1,Startup,Web Developer,46.09,63.5,0
S1873,6.53,Electrical and Electronics Engineering,3,1,1,0,1,32.8,8.3,79.2,1,1,0,71.4,1,Mid-size,Web Developer,54.15,71.4,0
S1874,9.2,Information Technology,2,1,0,0,1,12.2,4.9,72.6,0,1,1,40.4,0,Not placed,Not placed,,40.4,0
S1875,9.96,Electrical and Electronics Engineering,3,1,1,0,0,56.9,7.8,57.8,2,3,1,76.7,1,Mid-size,Web Developer,65.1,76.7,0
S1876,6.34,Mechanical Engineering,1,1,1,0,0,84.5,8.3,57.0,1,6,0,86.7,1,MNC,Web Developer,73.8,86.7,0
S1877,9.42,Computer Science and Engineering,2,0,1,1,1,57.9,6.0,59.3,1,1,0,64.5,1,MNC,Software Engineer,96.95,64.5,0
S1878,8.73,Electrical and Electronics Engineering,3,0,1,0,1,11.5,7.9,85.6,2,4,0,80.1,1,Mid-size,Data Scientist,54.95,80.1,0
S1879,9.17,Civil Engineering,3,0,1,1,1,6.2,5.9,48.5,3,1,0,84.4,1,MNC,Data Scientist,70.83,84.4,0
S1880,7.06,Electronics and Communication Engineering,2,1,1,0,0,40.8,8.7,76.7,1,2,0,64.5,1,Mid-size,Analyst,68.33,64.5,0
S1881,5.92,Mechanical Engineering,3,0,0,0,1,49.1,7.3,92.8,2,5,1,74.6,0,Not placed,Not placed,,74.6,0
S1882,5.77,Computer Science and Engineering,3,1,0,0,0,31.0,4.2,70.7,0,3,0,38.8,0,Not placed,Not placed,,38.8,0
S1883,6.34,Electronics and Communication Engineering,1,1,0,1,0,1.0,5.0,46.1,0,2,0,45.4,1,MNC,Analyst,72.09,45.4,0
S1884,9.87,Computer Science and Engineering,2,0,1,0,1,7.4,6.2,60.1,3,5,2,89.6,1,Mid-size,Analyst,59.07,89.6,0
S1885,7.08,Computer Science and Engineering,3,0,1,1,1,27.9,7.5,46.9,1,5,0,91.4,1,Mid-size,Data Scientist,57.92,91.4,0
S1886,6.46,Electrical and Electronics Engineering,2,1,1,0,0,68.1,5.2,78.4,0,6,0,64.4,1,MNC,Analyst,65.87,64.4,0
S1887,7.45,Information Technology,3,1,0,0,0,22.9,9.0,99.2,2,6,1,89.2,1,Startup,Analyst,41.1,89.2,0
S1888,6.91,Information Technology,3,0,0,0,1,33.3,5.4,90.0,2,5,0,70.2,1,Startup,Data Scientist,44.8,70.2,0
S1889,6.13,Electrical and Electronics Engineering,3,1,0,0,1,61.4,8.4,83.9,2,1,3,69.0,0,Not placed,Not placed,,69.0,0
S1890,9.94,Information Technology,1,1,1,0,0,13.4,9.0,92.8,1,2,0,64.1,1,Mid-size,Data Scientist,65.83,64.1,0
S1891,5.56,Electronics and Communication Engineering,1,1,0,0,0,73.9,8.9,98.9,0,5,0,66.1,1,Startup,Data Scientist,43.18,66.1,0
S1892,9.17,Information Technology,1,0,0,0,0,95.3,7.6,78.3,3,5,0,78.7,1,Startup,Analyst,46.44,78.7,0
S1893,6.81,Information Technology,1,0,1,0,0,94.2,4.2,49.9,2,3,0,62.4,1,Startup,Software Engineer,44.02,62.4,0
S1894,9.8,Computer Science and Engineering,3,1,0,0,0,33.9,5.4,54.7,0,2,0,39.1,1,Startup,Web Developer,49.3,39.1,0
S1895,6.89,Mechanical Engineering,1,0,0,0,0,93.6,9.6,80.1,2,2,0,56.1,1,Startup,Software Engineer,49.02,56.1,0
S1896,9.87,Electrical and Electronics Engineering,2,1,0,0,0,15.0,5.7,74.8,2,5,0,70.5,1,Startup,Analyst,38.91,70.5,0
S1897,5.23,Electrical and Electronics Engineering,3,0,1,0,1,65.4,7.3,61.2,2,6,0,91.5,1,Mid-size,Analyst,71.05,91.5,0
S1898,8.35,Electrical and Electronics Engineering,1,1,1,0,1,92.2,6.9,83.7,1,5,0,82.7,1,MNC,Analyst,70.21,82.7,0
S1899,8.03,Electrical and Electronics Engineering,1,0,0,0,0,0.4,9.4,53.1,1,6,0,66.7,1,Startup,Data Scientist,35.14,66.7,0
S1900,9.27,Computer Science and Engineering,3,1,0,1,0,58.4,4.9,90.0,0,5,0,57.6,1,MNC,Web Developer,68.72,57.6,0
S1901,7.84,Electrical and Electronics Engineering,3,1,1,0,1,11.2,6.4,84.5,0,4,1,68.7,1,Mid-size,Software Engineer,51.12,68.7,0
S1902,7.03,Mechanical Engineering,2,0,0,1,1,59.2,6.4,55.9,1,6,0,75.9,1,MNC,Web Developer,77.52,75.9,0
S1903,7.58,Civil Engineering,1,1,1,1,0,11.6,7.3,51.9,0,5,0,72.4,1,Mid-size,Web Developer,57.9,72.4,0
S1904,5.55,Computer Science and Engineering,3,0,0,0,0,39.5,7.0,51.2,1,4,0,47.7,1,Startup,Web Developer,42.99,47.7,0
S1905,9.04,Electronics and Communication Engineering,3,1,1,0,0,57.4,6.2,73.5,1,4,0,69.5,1,MNC,Software Engineer,91.27,69.5,0
S1906,9.63,Computer Science and Engineering,3,0,0,1,0,46.7,8.9,53.0,0,4,0,59.7,1,Startup,Data Scientist,49.58,59.7,0
S1907,6.86,Electrical and Electronics Engineering,3,0,0,1,1,57.5,6.8,78.8,1,2,0,63.8,1,MNC,Software Engineer,86.46,63.8,0
S1908,5.87,Electronics and Communication Engineering,2,0,1,1,1,65.6,4.8,45.6,0,5,2,66.8,1,MNC,Analyst,65.38,66.8,0
S1909,9.03,Information Technology,3,0,1,0,0,16.0,9.0,65.0,2,3,0,76.0,1,Startup,Analyst,42.58,76.0,0
S1910,5.38,Information Technology,2,1,1,1,1,51.8,7.7,97.0,3,5,1,100.0,1,Mid-size,Web Developer,56.39,120.6,1
S1911,9.34,Mechanical Engineering,2,1,0,1,0,84.0,7.2,85.9,0,4,0,62.7,1,Mid-size,Analyst,67.39,62.7,0
S1912,9.13,Information Technology,2,0,1,1,0,85.0,8.8,70.2,0,1,1,48.2,1,Mid-size,Web Developer,49.49,48.2,0
S1913,6.76,Information Technology,2,1,0,0,1,80.7,4.6,74.6,0,2,0,45.2,1,MNC,Analyst,77.15,45.2,0
S1914,7.22,Electronics and Communication Engineering,2,0,0,0,0,37.8,7.2,44.4,1,3,0,50.4,1,Startup,Analyst,37.28,50.4,0
S1915,7.77,Electrical and Electronics Engineering,1,1,1,0,0,46.0,8.4,97.1,1,5,1,78.8,1,MNC,Data Scientist,87.24,78.8,0
S1916,5.22,Mechanical Engineering,3,0,0,0,0,80.7,6.8,69.1,2,5,0,63.0,0,Not placed,Not placed,,63.0,0
S1917,9.36,Information Technology,1,1,1,1,0,58.8,4.1,73.5,1,5,0,78.5,1,MNC,Analyst,70.76,78.5,0
S1918,6.97,Information Technology,3,0,0,0,0,99.7,6.4,52.7,1,6,0,55.8,1,Startup,Web Developer,45.52,55.8,0
S1919,9.56,Electrical and Electronics Engineering,1,1,0,1,0,88.6,5.9,73.9,0,4,0,53.8,1,Mid-size,Data Scientist,63.0,53.8,0
S1920,9.36,Civil Engineering,1,1,1,1,1,50.1,6.2,53.4,1,4,1,85.5,1,MNC,Web Developer,80.91,85.5,0
S1921,6.62,Computer Science and Engineering,1,0,1,0,0,28.3,7.5,63.1,1,1,1,51.6,0,Not placed,Not placed,,51.6,0
S1922,7.82,Electrical and Electronics Engineering,2,1,1,1,1,14.3,4.1,89.5,2,5,0,98.7,1,MNC,Data Scientist,80.2,98.7,0
S1923,6.17,Civil Engineering,3,1,0,0,0,92.4,4.6,53.2,2,4,0,63.8,1,Startup,Analyst,39.0,63.8,0
S1924,9.05,Electrical and Electronics Engineering,2,1,0,0,1,19.9,9.0,80.6,1,4,0,75.0,1,Mid-size,Analyst,62.05,75.0,0
S1925,8.08,Mechanical Engineering,3,1,0,1,0,7.8,7.9,98.6,0,4,0,61.9,1,Mid-size,Software Engineer,56.94,61.9,0
S1926,9.14,Electrical and Electronics Engineering,1,1,1,0,0,13.0,8.3,76.0,1,4,0,75.1,1,Mid-size,Data Scientist,70.41,75.1,0
S1927,8.93,Computer Science and Engineering,1,0,1,0,1,19.7,6.6,85.0,1,1,0,52.0,1,Mid-size,Analyst,65.43,52.0,0
S1928,8.86,Electrical and Electronics Engineering,3,1,1,1,1,67.4,5.0,50.9,0,1,0,58.9,1,MNC,Software Engineer,90.22,58.9,0
S1929,7.31,Electrical and Electronics Engineering,3,0,0,0,1,44.8,7.6,72.8,2,1,0,57.1,1,Startup,Analyst,50.66,57.1,0
S1930,8.64,Electronics and Communication Engineering,2,0,1,0,1,50.6,4.9,41.5,3,4,0,80.8,1,Mid-size,Analyst,65.17,80.8,0
S1931,7.86,Mechanical Engineering,3,1,0,0,1,60.0,8.2,67.8,2,2,1,73.3,1,MNC,Analyst,89.0,73.3,0
S1932,5.42,Electronics and Communication Engineering,1,1,1,0,1,93.0,7.9,78.8,2,5,0,100.0,1,MNC,Web Developer,69.32,101.3,1
S1933,5.35,Computer Science and Engineering,2,1,1,1,0,6.8,5.3,40.5,2,6,3,95.0,0,Not placed,Not placed,,95.0,0
S1934,6.17,Civil Engineering,3,1,1,0,0,70.2,8.0,55.0,2,2,3,70.2,1,Mid-size,Data Scientist,54.32,70.2,0
S1935,5.07,Mechanical Engineering,3,1,1,0,0,56.1,8.1,92.3,2,3,0,80.1,1,MNC,Data Scientist,71.37,80.1,0
S1936,6.61,Electronics and Communication Engineering,2,0,1,1,0,87.3,8.1,60.7,1,1,2,57.6,1,Mid-size,Analyst,58.93,57.6,0
S1937,8.42,Civil Engineering,3,1,0,0,1,4.2,6.7,78.2,0,2,0,47.4,1,MNC,Web Developer,63.31,47.4,0
S1938,8.42,Civil Engineering,2,1,1,0,0,3.0,5.9,88.4,1,4,0,67.4,1,MNC,Software Engineer,71.84,67.4,0
S1939,8.67,Electrical and Electronics Engineering,3,1,1,0,1,86.6,5.9,72.9,1,2,0,70.1,1,MNC,Analyst,85.98,70.1,0
S1940,6.67,Electrical and Electronics Engineering,3,0,0,1,0,32.9,6.8,90.8,3,2,0,75.1,1,Startup,Data Scientist,41.45,75.1,0
S1941,7.64,Information Technology,3,0,1,1,1,68.9,7.3,60.8,2,6,0,100.0,1,Mid-size,Analyst,58.16,100.9,1
S1942,6.79,Electrical and Electronics Engineering,3,1,1,0,0,32.7,8.7,82.7,0,2,1,53.8,1,MNC,Web Developer,74.72,53.8,0
S1943,5.35,Computer Science and Engineering,1,1,1,0,1,41.7,5.6,87.3,3,3,0,95.2,1,Mid-size,Data Scientist,72.58,95.2,0
S1944,9.63,Electronics and Communication Engineering,1,1,1,1,0,41.9,7.2,41.1,1,2,2,67.5,1,Mid-size,Analyst,73.34,67.5,0
S1945,7.95,Electronics and Communication Engineering,3,0,0,0,1,32.4,8.0,61.5,1,1,1,48.5,0,Not placed,Not placed,,48.5,0
S1946,6.13,Electronics and Communication Engineering,3,0,1,0,0,80.9,4.7,67.7,0,4,0,43.8,1,Startup,Analyst,42.5,43.8,0
S1947,8.17,Mechanical Engineering,3,1,1,1,0,14.7,9.2,52.7,0,3,0,72.9,1,Mid-size,Web Developer,68.46,72.9,0
S1948,5.46,Electronics and Communication Engineering,2,0,1,0,0,75.9,6.5,51.8,1,2,0,47.6,1,Startup,Analyst,38.41,47.6,0
S1949,5.28,Civil Engineering,3,1,0,0,0,35.1,7.2,84.9,0,6,0,60.3,1,Startup,Web Developer,41.16,60.3,0
S1950,8.57,Electrical and Electronics Engineering,1,0,0,0,0,50.3,8.4,56.4,2,4,0,69.1,1,Startup,Data Scientist,40.84,69.1,0
S1951,8.16,Computer Science and Engineering,1,1,1,0,0,94.9,9.8,41.7,2,1,1,74.7,1,MNC,Data Scientist,100.51,74.7,0
S1952,6.37,Civil Engineering,2,1,1,0,1,7.8,9.4,63.5,1,6,0,99.2,1,MNC,Software Engineer,83.05,99.2,0
S1953,9.68,Information Technology,1,0,1,0,0,25.8,9.6,40.8,1,4,0,70.0,1,Startup,Web Developer,49.58,70.0,0
S1954,8.3,Computer Science and Engineering,1,1,0,0,0,37.9,5.6,61.7,1,3,0,49.2,1,Startup,Software Engineer,46.29,49.2,0
S1955,7.54,Electrical and Electronics Engineering,3,1,1,0,1,2.8,6.2,72.0,0,6,0,81.2,1,Mid-size,Software Engineer,59.64,81.2,0
S1956,6.25,Computer Science and Engineering,2,1,1,0,1,35.8,6.3,57.2,2,4,0,88.3,1,Mid-size,Software Engineer,74.96,88.3,0
S1957,9.95,Computer Science and Engineering,2,0,1,0,1,20.1,8.9,45.0,0,6,1,73.8,1,MNC,Data Scientist,87.83,73.8,0
S1958,5.29,Computer Science and Engineering,3,1,1,0,0,6.0,9.8,46.6,0,5,0,70.4,1,Mid-size,Web Developer,51.57,70.4,0
S1959,5.21,Electronics and Communication Engineering,1,1,0,0,1,13.0,9.2,79.9,2,4,0,90.0,1,MNC,Data Scientist,77.93,90.0,0
S1960,10.0,Civil Engineering,2,1,1,0,1,34.2,5.9,87.1,0,5,0,72.8,1,MNC,Web Developer,93.6,72.8,0
S1961,7.66,Civil Engineering,1,1,0,1,0,45.3,4.0,61.0,0,6,1,59.6,1,Mid-size,Data Scientist,58.27,59.6,0
S1962,6.63,Mechanical Engineering,1,1,0,0,0,14.7,8.1,48.5,1,2,0,50.8,1,Startup,Software Engineer,40.9,50.8,0
S1963,6.03,Computer Science and Engineering,3,1,1,0,0,31.9,6.3,66.4,1,2,0,58.2,1,Mid-size,Analyst,54.6,58.2,0
S1964,8.86,Electronics and Communication Engineering,2,0,1,1,0,44.9,4.1,88.2,2,2,0,64.1,1,MNC,Web Developer,67.96,64.1,0
S1965,6.69,Mechanical Engineering,2,0,1,0,0,2.5,8.8,40.1,0,3,0,52.3,1,Startup,Web Developer,41.03,52.3,0
S1966,5.3,Information Technology,3,0,1,1,0,48.7,4.9,96.9,0,1,0,43.2,1,MNC,Data Scientist,65.61,43.2,0
S1967,7.09,Mechanical Engineering,3,0,0,0,0,80.6,4.9,68.9,2,3,0,46.0,0,Not placed,Not placed,,46.0,0
S1968,5.12,Electrical and Electronics Engineering,3,0,0,0,0,85.8,5.1,56.0,3,5,0,73.8,1,Startup,Web Developer,47.16,73.8,0
S1969,9.28,Mechanical Engineering,3,1,0,0,1,55.5,9.6,88.8,1,1,0,63.1,1,Mid-size,Analyst,59.33,63.1,0
S1970,7.47,Electronics and Communication Engineering,2,0,0,1,0,28.7,6.1,52.9,1,3,0,56.1,0,Not placed,Not placed,,56.1,0
S1971,5.08,Mechanical Engineering,1,1,1,0,0,13.3,5.7,54.4,0,6,0,64.6,1,MNC,Software Engineer,59.82,64.6,0
S1972,8.65,Electrical and Electronics Engineering,2,0,1,0,0,98.8,7.0,96.9,3,1,0,61.7,1,Startup,Analyst,55.07,61.7,0
S1973,7.97,Electrical and Electronics Engineering,2,0,0,1,0,30.5,6.3,98.0,0,6,0,55.5,1,Startup,Data Scientist,36.79,55.5,0
S1974,7.88,Electronics and Communication Engineering,1,0,1,0,0,29.3,8.6,85.3,1,2,0,56.9,1,Startup,Software Engineer,47.26,56.9,0
S1975,7.55,Mechanical Engineering,1,1,1,0,0,27.0,7.3,61.6,1,5,1,81.1,1,Mid-size,Analyst,71.23,81.1,0
S1976,9.54,Electronics and Communication Engineering,2,1,1,0,1,83.0,6.4,78.3,2,5,0,90.7,1,Mid-size,Software Engineer,60.39,90.7,0
S1977,7.06,Civil Engineering,2,1,0,0,0,25.8,6.9,96.8,1,5,0,61.2,1,Startup,Web Developer,39.53,61.2,0
S1978,8.77,Electronics and Communication Engineering,1,1,1,0,1,82.3,8.9,57.1,0,6,0,89.7,1,MNC,Web Developer,82.72,89.7,0
S1979,7.02,Electronics and Communication Engineering,3,1,0,1,0,54.6,5.4,49.1,1,3,0,62.0,1,MNC,Data Scientist,85.51,62.0,0
S1980,7.55,Computer Science and Engineering,3,1,1,0,1,72.1,5.6,75.0,2,6,1,92.6,1,MNC,Analyst,75.48,92.6,0
S1981,7.32,Information Technology,2,1,1,0,1,31.2,5.6,69.7,3,1,0,86.2,1,MNC,Web Developer,72.59,86.2,0
S1982,7.59,Electrical and Electronics Engineering,1,0,0,0,0,87.4,8.8,87.1,0,2,0,41.3,1,Startup,Data Scientist,40.12,41.3,0
S1983,8.37,Civil Engineering,3,1,0,0,1,49.4,8.0,89.0,1,3,2,73.3,1,MNC,Web Developer,73.36,73.3,0
S1984,7.07,Electrical and Electronics Engineering,1,0,1,0,1,66.4,8.0,71.2,1,5,0,83.4,1,Mid-size,Analyst,68.28,83.4,0
S1985,8.32,Computer Science and Engineering,2,1,1,1,0,11.0,4.4,62.4,1,6,0,84.0,1,MNC,Data Scientist,76.99,84.0,0
S1986,8.62,Mechanical Engineering,3,0,1,0,0,83.4,6.3,44.4,1,1,2,41.9,0,Not placed,Not placed,,41.9,0
S1987,7.37,Civil Engineering,3,1,1,1,0,66.8,8.4,84.5,1,4,0,88.6,1,Mid-size,Analyst,74.19,88.6,0
S1988,5.12,Electronics and Communication Engineering,3,0,0,0,0,7.5,5.5,97.4,0,2,0,23.9,0,Not placed,Not placed,,23.9,0
S1989,8.39,Civil Engineering,3,0,0,0,0,52.7,5.7,82.0,1,1,0,31.3,0,Not placed,Not placed,,31.3,0
S1990,9.64,Electronics and Communication Engineering,2,0,1,1,0,18.4,5.9,73.6,0,4,0,53.4,1,MNC,Data Scientist,61.45,53.4,0
S1991,6.32,Computer Science and Engineering,1,1,0,0,0,26.2,4.4,59.6,0,2,0,29.5,0,Not placed,Not placed,,29.5,0
S1992,7.0,Information Technology,2,0,0,0,1,10.7,8.6,82.8,0,4,1,53.3,0,Not placed,Not placed,,53.3,0
S1993,6.8,Computer Science and Engineering,3,1,0,1,1,87.3,6.4,97.8,1,5,0,82.2,1,MNC,Web Developer,89.81,82.2,0
S1994,9.53,Mechanical Engineering,2,1,1,1,0,77.4,5.5,56.8,1,6,0,88.0,1,MNC,Analyst,92.23,88.0,0
S1995,5.88,Civil Engineering,3,1,0,0,0,18.1,8.0,74.8,1,5,0,68.6,1,Startup,Web Developer,40.7,68.6,0
S1996,5.71,Information Technology,2,1,0,0,1,1.2,7.6,86.3,0,2,0,57.3,1,Mid-size,Software Engineer,43.59,57.3,0
S1997,9.56,Information Technology,1,1,0,0,1,57.8,9.1,89.6,3,5,0,100.0,1,Mid-size,Software Engineer,69.56,100.9,1
S1998,10.0,Information Technology,1,0,0,0,0,35.5,8.2,51.0,1,5,0,60.3,1,Startup,Analyst,37.48,60.3,0
S1999,9.26,Electronics and Communication Engineering,1,0,0,0,1,25.5,10.0,61.3,1,1,0,58.4,1,Startup,Web Developer,48.63,58.4,0
S2000,7.31,Civil Engineering,1,1,1,0,0,99.6,8.5,76.9,2,5,1,87.1,1,MNC,Data Scientist,98.31,87.1,0
S2001,5.1,Computer Science and Engineering,1,1,0,0,0,96.4,5.3,75.3,2,1,0,46.6,1,Startup,Software Engineer,47.9,46.6,0
S2002,8.43,Electrical and Electronics Engineering,1,0,0,0,0,93.9,8.0,55.3,0,1,0,28.3,1,Startup,Analyst,47.17,28.3,0
S2003,6.07,Electrical and Electronics Engineering,2,1,0,0,1,9.0,9.8,77.9,3,1,0,81.0,1,Mid-size,Web Developer,67.25,81.0,0
S2004,9.0,Electronics and Communication Engineering,2,1,1,1,0,82.7,8.5,80.7,0,1,3,61.3,1,MNC,Software Engineer,90.33,61.3,0
S2005,5.27,Electronics and Communication Engineering,1,1,1,0,0,69.3,4.4,89.0,0,3,0,49.5,1,MNC,Data Scientist,64.01,49.5,0
S2006,9.18,Computer Science and Engineering,2,1,0,0,0,40.1,6.0,88.2,3,2,1,72.8,1,Startup,Web Developer,41.37,72.8,0
S2007,7.48,Computer Science and Engineering,3,1,1,1,1,54.7,8.3,97.9,1,5,0,100.0,1,MNC,Web Developer,73.66,103.6,1
S2008,5.25,Information Technology,1,1,0,0,0,48.3,5.0,42.6,0,6,1,55.0,0,Not placed,Not placed,,55.0,0
S2009,6.84,Electronics and Communication Engineering,2,0,0,0,1,84.5,9.5,67.8,0,6,1,71.2,1,Startup,Software Engineer,48.36,71.2,0
S2010,5.62,Computer Science and Engineering,3,0,1,0,1,27.3,9.4,94.2,3,5,1,100.0,1,MNC,Data Scientist,86.28,107.7,1
S2011,8.77,Electrical and Electronics Engineering,2,0,1,0,0,25.9,9.0,51.6,2,6,1,84.5,1,Startup,Data Scientist,44.56,84.5,0
S2012,9.79,Civil Engineering,1,0,0,0,1,42.9,6.7,49.4,1,2,1,54.5,1,Startup,Data Scientist,42.71,54.5,0
S2013,6.67,Electrical and Electronics Engineering,3,0,1,0,0,9.6,8.8,50.5,0,5,0,60.9,1,Startup,Software Engineer,43.61,60.9,0
S2014,7.39,Mechanical Engineering,3,1,0,1,1,88.0,6.7,74.8,2,6,1,100.0,1,Mid-size,Data Scientist,70.66,104.2,1
S2015,5.2,Electrical and Electronics Engineering,2,1,1,0,1,82.5,5.7,64.3,1,1,0,58.1,1,MNC,Analyst,74.11,58.1,0
S2016,7.86,Electronics and Communication Engineering,1,1,0,0,0,85.0,8.2,92.2,0,1,0,35.9,1,Startup,Software Engineer,39.54,35.9,0
S2017,6.27,Civil Engineering,3,0,1,0,0,48.3,7.1,76.3,3,2,1,75.2,1,Startup,Software Engineer,42.33,75.2,0
S2018,7.44,Electronics and Communication Engineering,2,0,1,0,1,60.9,7.4,66.4,1,1,2,60.5,0,Not placed,Not placed,,60.5,0
S2019,6.49,Civil Engineering,2,0,1,0,1,23.4,9.6,56.5,0,5,0,69.0,1,MNC,Data Scientist,75.8,69.0,0
S2020,6.21,Electronics and Communication Engineering,1,0,1,0,0,68.0,4.9,73.6,0,4,0,48.0,1,Startup,Data Scientist,39.26,48.0,0
S2021,9.58,Computer Science and Engineering,1,1,1,0,1,41.5,6.7,89.8,0,1,0,53.7,1,MNC,Web Developer,70.21,53.7,0
S2022,7.6,Electronics and Communication Engineering,1,1,1,0,0,14.0,8.2,59.3,2,6,0,98.9,1,Mid-size,Data Scientist,62.57,98.9,0
S2023,6.33,Electronics and Communication Engineering,3,1,1,1,0,29.7,6.2,59.6,0,6,0,74.4,1,MNC,Software Engineer,77.07,74.4,0
S2024,9.45,Electrical and Electronics Engineering,1,1,1,0,0,35.5,7.1,71.8,1,5,0,72.7,1,Mid-size,Software Engineer,55.87,72.7,0
S2025,7.41,Computer Science and Engineering,3,0,0,0,0,3.2,4.3,72.3,0,5,0,40.5,0,Not placed,Not placed,,40.5,0
S2026,9.09,Civil Engineering,2,1,0,1,0,47.1,8.3,52.8,2,1,0,67.4,1,MNC,Data Scientist,66.26,67.4,0
S2027,6.42,Electronics and Communication Engineering,1,0,1,1,1,70.6,7.9,95.4,3,6,0,100.0,1,MNC,Data Scientist,91.72,117.0,1
S2028,9.65,Information Technology,2,1,0,0,1,8.5,5.3,53.8,1,5,0,70.3,1,MNC,Software Engineer,84.23,70.3,0
S2029,5.59,Civil Engineering,3,1,1,0,1,81.6,8.8,44.4,2,3,0,96.0,1,Mid-size,Analyst,52.39,96.0,0
S2030,8.92,Civil Engineering,1,0,0,1,1,21.8,8.7,42.9,0,5,0,75.3,1,Mid-size,Software Engineer,51.67,75.3,0
S2031,8.8,Electronics and Communication Engineering,3,1,0,1,0,71.5,7.3,49.4,0,1,2,47.2,0,Not placed,Not placed,,47.2,0
S2032,7.88,Information Technology,3,1,0,0,1,70.5,7.2,59.6,0,1,2,47.1,0,Not placed,Not placed,,47.1,0
S2033,6.62,Mechanical Engineering,1,0,1,1,1,50.2,5.0,81.0,2,6,0,94.6,1,Mid-size,Data Scientist,54.67,94.6,0
S2034,8.87,Electrical and Electronics Engineering,1,1,0,1,1,94.2,4.8,54.1,1,4,0,73.2,1,MNC,Analyst,88.37,73.2,0
S2035,9.79,Mechanical Engineering,3,1,0,0,0,62.4,7.7,56.6,1,4,0,60.2,1,Startup,Analyst,49.31,60.2,0
S2036,6.79,Electrical and Electronics Engineering,3,1,1,0,0,89.0,6.1,88.1,0,2,0,49.4,1,Mid-size,Data Scientist,60.41,49.4,0
S2037,7.51,Computer Science and Engineering,3,1,0,0,0,63.8,5.3,95.9,1,4,0,54.8,1,Startup,Web Developer,50.98,54.8,0
S2038,6.71,Electronics and Communication Engineering,3,0,1,0,1,46.5,6.7,84.9,0,6,1,66.7,1,MNC,Data Scientist,65.08,66.7,0
S2039,9.04,Electronics and Communication Engineering,1,0,0,1,0,59.2,8.5,85.7,2,2,0,65.8,1,Startup,Web Developer,39.33,65.8,0
S2040,9.07,Civil Engineering,2,1,0,1,1,96.8,9.6,68.9,2,4,1,98.8,1,Mid-size,Analyst,56.04,98.8,0
S2041,9.95,Mechanical Engineering,3,1,1,0,1,87.0,6.6,69.2,0,3,0,60.4,1,Mid-size,Web Developer,67.3,60.4,0
S2042,5.62,Information Technology,3,1,0,0,1,98.1,8.0,77.5,0,6,3,76.9,0,Not placed,Not placed,,76.9,0
S2043,8.57,Information Technology,3,1,1,0,0,31.2,9.4,87.8,2,2,0,74.4,1,MNC,Analyst,93.55,74.4,0
S2044,5.75,Electronics and Communication Engineering,3,0,0,1,0,67.3,7.7,78.8,0,2,0,46.6,0,Not placed,Not placed,,46.6,0
S2045,6.97,Electrical and Electronics Engineering,2,0,1,0,0,59.5,6.2,50.0,2,5,0,78.1,1,Startup,Data Scientist,53.23,78.1,0
S2046,8.4,Computer Science and Engineering,3,1,0,0,0,24.5,5.9,74.5,0,3,0,47.6,0,Not placed,Not placed,,47.6,0
S2047,7.13,Information Technology,2,1,1,0,1,41.8,5.9,98.4,3,4,0,100.0,1,MNC,Analyst,73.87,100.2,1
S2048,8.72,Electronics and Communication Engineering,3,0,1,0,0,64.4,9.1,97.2,2,4,2,82.1,1,Startup,Analyst,49.56,82.1,0
S2049,8.86,Electrical and Electronics Engineering,1,1,1,0,1,78.6,5.2,89.1,3,1,2,83.2,1,Top Tech,Web Developer,105.49,83.2,0
S2050,9.1,Civil Engineering,1,0,1,0,0,54.9,5.3,44.7,2,3,1,58.6,1,Startup,Software Engineer,53.25,58.6,0
S2051,5.8,Mechanical Engineering,2,1,0,0,0,99.9,8.6,54.5,1,4,1,61.9,1,Startup,Data Scientist,44.2,61.9,0
S2052,7.85,Electronics and Communication Engineering,3,1,1,1,1,47.6,4.5,97.3,0,1,0,61.1,1,MNC,Software Engineer,70.93,61.1,0
S2053,7.46,Civil Engineering,3,0,1,0,0,46.1,7.3,48.5,2,1,0,53.7,1,Startup,Web Developer,38.82,53.7,0
S2054,8.1,Information Technology,3,0,0,1,0,90.3,5.1,89.1,1,4,0,57.9,1,Startup,Web Developer,41.66,57.9,0
S2055,9.75,Mechanical Engineering,1,1,0,0,0,37.2,7.8,50.5,1,3,1,59.4,1,Startup,Analyst,48.63,59.4,0
S2056,6.31,Electronics and Communication Engineering,2,1,0,1,1,68.3,5.4,52.9,1,3,0,69.3,1,MNC,Analyst,85.88,69.3,0
S2057,6.77,Computer Science and Engineering,1,0,1,0,1,24.8,8.9,58.7,0,2,0,55.8,1,MNC,Software Engineer,78.59,55.8,0
S2058,9.57,Computer Science and Engineering,1,0,1,0,0,40.4,6.9,40.0,2,4,0,68.0,1,Startup,Data Scientist,48.44,68.0,0
S2059,5.21,Computer Science and Engineering,1,0,0,0,0,45.0,8.2,42.9,2,6,0,70.9,1,Startup,Software Engineer,42.31,70.9,0
S2060,8.71,Electrical and Electronics Engineering,1,1,0,0,0,90.3,8.6,69.6,3,4,0,81.8,1,Startup,Software Engineer,56.28,81.8,0
S2061,8.02,Computer Science and Engineering,3,1,1,1,0,47.6,8.1,92.6,2,1,1,78.4,1,MNC,Web Developer,69.77,78.4,0
S2062,7.31,Civil Engineering,2,0,1,0,0,89.4,10.0,73.0,1,1,1,55.5,1,Startup,Analyst,49.05,55.5,0
S2063,6.6,Computer Science and Engineering,2,1,1,1,0,77.0,8.5,79.4,3,5,1,100.0,1,MNC,Data Scientist,97.52,113.5,1
S2064,6.68,Mechanical Engineering,3,1,0,1,0,25.8,8.9,56.7,1,3,0,76.6,1,MNC,Software Engineer,77.72,76.6,0
S2065,9.7,Computer Science and Engineering,1,0,1,0,1,64.8,9.6,77.5,1,1,1,67.5,1,Mid-size,Web Developer,51.04,67.5,0
S2066,9.06,Computer Science and Engineering,2,0,0,0,0,77.5,5.6,66.9,0,1,1,17.7,0,Not placed,Not placed,,17.7,0
S2067,9.49,Civil Engineering,1,1,0,0,0,6.7,8.3,85.8,2,5,0,79.0,1,Startup,Analyst,43.9,79.0,0
S2068,9.05,Mechanical Engineering,3,1,1,1,1,43.8,7.1,95.9,1,4,1,92.7,1,MNC,Web Developer,78.79,92.7,0
S2069,7.49,Electronics and Communication Engineering,3,1,0,0,0,3.4,7.9,76.4,0,5,0,59.6,0,Not placed,Not placed,,59.6,0
S2070,7.67,Computer Science and Engineering,3,1,1,1,0,29.9,5.7,74.6,0,1,0,56.2,1,Mid-size,Analyst,56.58,56.2,0
S2071,7.73,Mechanical Engineering,1,1,1,0,1,23.1,9.8,79.6,0,3,0,71.9,1,MNC,Software Engineer,77.19,71.9,0
S2072,6.93,Electronics and Communication Engineering,1,0,0,0,1,25.5,6.8,66.9,0,4,2,49.7,0,Not placed,Not placed,,49.7,0
S2073,9.72,Information Technology,3,1,0,1,0,59.5,6.3,64.1,0,4,0,61.1,1,Mid-size,Software Engineer,62.12,61.1,0
S2074,6.01,Computer Science and Engineering,3,1,1,1,0,68.6,7.7,78.3,2,3,0,91.0,1,MNC,Data Scientist,90.89,91.0,0
S2075,9.9,Mechanical Engineering,2,1,1,0,0,80.2,6.9,94.3,1,2,0,58.0,1,MNC,Data Scientist,90.74,58.0,0
S2076,8.85,Information Technology,3,1,1,0,0,22.4,8.3,93.8,0,4,1,69.8,1,Mid-size,Data Scientist,62.41,69.8,0
S2077,5.19,Mechanical Engineering,3,0,1,0,1,21.4,10.0,81.9,2,6,0,100.0,1,Mid-size,Data Scientist,68.19,101.8,1
S2078,8.69,Mechanical Engineering,3,0,1,1,0,10.7,8.0,41.8,1,3,0,68.0,0,Not placed,Not placed,,68.0,0
S2079,9.74,Mechanical Engineering,2,1,1,1,1,58.8,4.6,59.4,1,5,0,87.6,1,Mid-size,Software Engineer,61.98,87.6,0
S2080,8.42,Civil Engineering,3,1,0,0,0,49.5,8.6,83.6,0,2,1,43.2,0,Not placed,Not placed,,43.2,0
S2081,6.71,Electronics and Communication Engineering,3,1,1,0,1,67.7,5.3,62.3,0,4,0,68.8,1,Mid-size,Web Developer,57.1,68.8,0
S2082,8.27,Civil Engineering,3,0,1,1,0,84.3,5.6,65.0,0,2,0,42.1,1,Mid-size,Web Developer,67.38,42.1,0
S2083,6.95,Computer Science and Engineering,1,1,1,0,0,34.7,8.6,72.1,0,1,0,49.3,1,Mid-size,Data Scientist,57.12,49.3,0
S2084,8.01,Mechanical Engineering,2,0,1,0,0,30.0,6.0,45.6,1,1,1,42.7,0,Not placed,Not placed,,42.7,0
S2085,9.49,Mechanical Engineering,2,0,0,1,1,69.3,4.2,71.7,1,1,0,52.1,1,MNC,Data Scientist,75.5,52.1,0
S2086,8.69,Mechanical Engineering,3,1,0,1,0,21.0,7.7,52.7,1,4,0,71.0,1,MNC,Web Developer,75.76,71.0,0
S2087,5.84,Electronics and Communication Engineering,2,1,1,1,1,15.9,4.8,76.9,2,6,1,100.0,1,MNC,Analyst,73.03,101.5,1
S2088,9.32,Electronics and Communication Engineering,2,1,1,0,0,7.6,4.6,63.0,0,3,1,48.3,0,Not placed,Not placed,,48.3,0
S2089,8.82,Civil Engineering,2,1,0,0,1,37.6,6.8,89.4,0,1,0,49.9,1,Mid-size,Analyst,61.7,49.9,0
S2090,5.34,Mechanical Engineering,1,0,0,0,0,85.5,7.5,62.1,0,5,2,46.7,0,Not placed,Not placed,,46.7,0
S2091,9.39,Mechanical Engineering,3,1,1,0,0,95.2,5.5,56.0,1,6,0,72.3,1,MNC,Data Scientist,75.46,72.3,0
S2092,6.66,Electrical and Electronics Engineering,3,0,1,1,1,72.4,8.2,81.7,2,3,0,92.0,1,Mid-size,Analyst,64.75,92.0,0
S2093,8.88,Electronics and Communication Engineering,2,0,1,1,1,11.4,5.6,70.9,2,2,0,72.5,1,Mid-size,Web Developer,49.53,72.5,0
S2094,8.47,Electrical and Electronics Engineering,1,1,1,1,0,39.7,9.9,99.3,1,2,2,79.2,1,Mid-size,Software Engineer,75.43,79.2,0
S2095,9.02,Electronics and Communication Engineering,3,1,0,0,1,49.3,4.1,97.3,1,4,0,64.6,1,Mid-size,Software Engineer,69.95,64.6,0
S2096,8.17,Mechanical Engineering,1,1,1,1,0,7.2,8.8,73.3,1,3,0,83.3,1,Mid-size,Analyst,59.89,83.3,0
S2097,9.03,Computer Science and Engineering,2,0,1,0,0,49.3,4.3,42.2,1,5,1,61.7,0,Not placed,Not placed,,61.7,0
S2098,8.27,Information Technology,1,1,1,0,0,52.1,6.7,87.5,3,1,1,79.2,1,Mid-size,Analyst,67.02,79.2,0
S2099,9.6,Computer Science and Engineering,3,1,0,0,1,44.2,8.5,70.6,0,1,1,51.1,1,Mid-size,Analyst,58.92,51.1,0
S2100,8.01,Mechanical Engineering,3,1,1,1,0,33.4,8.1,54.8,1,6,0,98.8,1,Mid-size,Data Scientist,63.22,98.8,0
S2101,7.6,Computer Science and Engineering,1,0,1,0,0,62.4,7.1,41.3,0,5,2,54.0,0,Not placed,Not placed,,54.0,0
S2102,8.76,Electrical and Electronics Engineering,2,1,1,0,0,37.8,6.5,91.0,3,1,1,73.1,1,MNC,Data Scientist,79.56,73.1,0
S2103,7.37,Information Technology,2,0,1,0,0,58.0,8.2,64.6,2,3,2,73.2,1,Startup,Analyst,41.81,73.2,0
S2104,7.94,Mechanical Engineering,1,1,1,0,1,52.8,9.8,89.0,2,1,0,79.6,1,MNC,Data Scientist,95.44,79.6,0
S2105,5.71,Electronics and Communication Engineering,2,1,1,1,0,95.7,5.3,98.2,1,4,0,76.2,1,MNC,Software Engineer,75.68,76.2,0
S2106,6.33,Mechanical Engineering,2,0,0,1,1,15.2,5.5,79.1,3,6,0,100.0,1,MNC,Data Scientist,66.08,100.2,1
S2107,7.62,Civil Engineering,1,1,1,0,0,55.7,9.6,63.3,0,6,0,76.4,1,Mid-size,Analyst,62.43,76.4,0
S2108,5.94,Electrical and Electronics Engineering,1,1,1,0,0,73.4,9.0,78.1,0,6,0,79.7,1,Mid-size,Web Developer,57.38,79.7,0
S2109,7.03,Civil Engineering,3,1,1,0,0,43.9,5.3,41.7,1,5,0,73.5,1,Mid-size,Software Engineer,59.21,73.5,0
S2110,6.09,Mechanical Engineering,3,1,0,0,1,79.3,8.2,93.2,0,5,1,67.8,1,Mid-size,Analyst,56.23,67.8,0
S2111,8.4,Computer Science and Engineering,3,1,0,0,0,26.0,5.0,51.3,2,5,0,73.8,1,Startup,Web Developer,45.88,73.8,0
S2112,8.18,Computer Science and Engineering,1,1,0,0,0,34.3,4.7,65.6,0,6,1,58.1,1,Startup,Analyst,43.71,58.1,0
S2113,6.25,Electronics and Communication Engineering,2,0,0,0,0,40.5,5.9,70.9,1,4,0,49.5,0,Not placed,Not placed,,49.5,0
S2114,6.23,Electrical and Electronics Engineering,1,1,0,0,0,22.8,8.1,51.7,2,1,0,63.0,1,Startup,Data Scientist,47.82,63.0,0
S2115,7.81,Civil Engineering,3,1,1,0,0,59.0,5.6,60.4,0,3,3,47.1,0,Not placed,Not placed,,47.1,0
S2116,6.93,Mechanical Engineering,1,0,0,1,0,77.5,5.5,63.0,1,1,0,37.6,1,Startup,Web Developer,46.35,37.6,0
S2117,8.71,Computer Science and Engineering,2,0,1,0,0,98.6,5.1,74.1,1,3,0,46.4,1,Startup,Software Engineer,41.03,46.4,0
S2118,9.1,Electronics and Communication Engineering,3,1,0,0,1,46.9,9.5,86.1,2,3,0,87.0,1,MNC,Data Scientist,76.97,87.0,0
S2119,9.07,Electronics and Communication Engineering,3,0,0,1,0,33.0,9.2,95.0,3,1,0,69.8,1,Startup,Data Scientist,43.72,69.8,0
S2120,8.07,Information Technology,1,1,0,0,1,69.0,9.3,64.2,1,4,0,79.5,1,Mid-size,Web Developer,58.73,79.5,0
S2121,5.88,Electrical and Electronics Engineering,3,1,1,0,0,98.9,4.9,83.1,1,5,0,66.5,1,Mid-size,Software Engineer,58.46,66.5,0
S2122,9.42,Information Technology,2,1,0,0,0,52.6,7.6,68.0,2,2,0,62.7,1,Startup,Analyst,49.98,62.7,0
S2123,8.13,Electrical and Electronics Engineering,1,1,0,1,1,17.2,5.6,72.6,0,1,1,49.8,0,Not placed,Not placed,,49.8,0
S2124,9.94,Information Technology,2,0,0,0,1,79.3,6.9,58.3,1,1,1,41.7,1,Startup,Software Engineer,44.76,41.7,0
S2125,9.9,Electrical and Electronics Engineering,3,0,0,1,0,2.5,7.0,47.8,3,5,2,83.2,1,Startup,Software Engineer,49.67,83.2,0
S2126,7.07,Mechanical Engineering,2,1,0,1,0,10.0,6.7,59.6,0,1,0,42.4,0,Not placed,Not placed,,42.4,0
S2127,9.45,Electronics and Communication Engineering,1,1,0,0,0,77.0,4.1,68.7,1,1,0,38.6,1,Startup,Web Developer,45.92,38.6,0
S2128,5.38,Mechanical Engineering,2,1,1,0,0,22.4,4.0,40.1,1,6,2,76.4,0,Not placed,Not placed,,76.4,0
S2129,8.22,Civil Engineering,1,0,0,1,1,18.9,7.4,96.1,0,4,0,61.1,1,MNC,Data Scientist,78.54,61.1,0
S2130,6.05,Electrical and Electronics Engineering,3,1,1,0,0,60.4,6.9,65.7,2,1,0,62.3,1,MNC,Data Scientist,81.77,62.3,0
S2131,9.75,Electrical and Electronics Engineering,2,1,0,0,1,21.5,6.7,98.6,2,2,0,72.5,1,Mid-size,Data Scientist,56.93,72.5,0
S2132,6.41,Mechanical Engineering,3,0,1,0,0,55.9,7.3,47.4,1,4,1,66.6,0,Not placed,Not placed,,66.6,0
S2133,5.34,Civil Engineering,3,1,1,0,0,77.5,5.4,60.1,0,4,1,60.0,1,MNC,Data Scientist,82.36,60.0,0
S2134,5.51,Information Technology,1,1,1,0,0,9.4,7.6,91.3,2,4,3,84.4,1,Mid-size,Analyst,71.32,84.4,0
S2135,7.6,Electrical and Electronics Engineering,2,1,1,0,1,34.3,6.6,73.5,2,2,0,78.3,1,MNC,Software Engineer,77.92,78.3,0
S2136,7.92,Computer Science and Engineering,3,0,1,0,0,70.1,8.2,41.1,1,2,0,56.7,1,Startup,Web Developer,50.18,56.7,0
S2137,9.99,Electrical and Electronics Engineering,2,0,0,0,0,78.2,4.3,84.9,0,5,0,41.1,1,Startup,Analyst,45.95,41.1,0
S2138,6.57,Information Technology,2,1,0,1,0,51.9,7.2,86.2,1,4,0,70.7,1,MNC,Analyst,85.34,70.7,0
S2139,9.2,Mechanical Engineering,3,1,1,0,1,25.8,6.6,52.6,0,3,0,67.3,1,MNC,Software Engineer,69.75,67.3,0
S2140,6.71,Electronics and Communication Engineering,1,0,1,0,0,86.0,5.6,40.8,0,6,2,54.7,1,Startup,Analyst,44.66,54.7,0
S2141,5.36,Mechanical Engineering,2,1,1,1,1,38.0,6.5,61.1,1,1,0,75.0,1,Mid-size,Data Scientist,66.38,75.0,0
S2142,5.95,Electrical and Electronics Engineering,1,0,0,1,0,79.6,6.3,44.8,1,5,0,59.5,1,Startup,Data Scientist,42.76,59.5,0
S2143,6.72,Information Technology,3,0,0,0,1,17.5,9.5,88.0,0,2,0,47.0,1,Startup,Analyst,36.5,47.0,0
S2144,7.14,Information Technology,3,1,1,0,0,61.8,5.0,44.5,1,6,2,79.0,0,Not placed,Not placed,,79.0,0
S2145,7.78,Computer Science and Engineering,1,1,1,0,0,66.0,7.7,71.9,1,6,1,84.0,1,MNC,Software Engineer,84.17,84.0,0
S2146,7.03,Information Technology,3,0,0,0,0,45.5,9.4,69.4,1,2,0,47.4,0,Not placed,Not placed,,47.4,0
S2147,9.76,Information Technology,2,1,0,1,0,81.6,4.3,59.9,0,4,0,55.6,1,MNC,Software Engineer,72.53,55.6,0
S2148,8.41,Electronics and Communication Engineering,3,0,0,0,0,31.1,8.2,55.6,1,5,0,58.2,0,Not placed,Not placed,,58.2,0
S2149,7.27,Computer Science and Engineering,2,1,0,0,1,3.0,5.8,88.7,3,2,0,82.2,1,Mid-size,Web Developer,51.01,82.2,0
S2150,9.81,Electrical and Electronics Engineering,1,1,1,1,0,42.5,5.8,63.7,2,3,3,83.8,1,Mid-size,Analyst,68.18,83.8,0
S2151,7.58,Information Technology,3,0,0,0,1,23.1,6.7,64.3,0,2,0,37.2,0,Not placed,Not placed,,37.2,0
S2152,5.54,Mechanical Engineering,1,0,1,1,1,47.5,4.3,97.5,0,4,0,61.1,1,MNC,Data Scientist,82.13,61.1,0
S2153,9.5,Mechanical Engineering,3,0,1,1,1,35.1,7.8,81.3,1,3,0,74.3,1,MNC,Analyst,74.25,74.3,0
S2154,8.06,Mechanical Engineering,2,1,1,0,1,96.8,5.3,52.9,0,3,0,57.0,1,MNC,Data Scientist,78.74,57.0,0
S2155,8.42,Civil Engineering,3,0,0,0,1,46.9,10.0,84.0,1,1,0,57.5,1,Startup,Software Engineer,51.44,57.5,0
S2156,6.94,Electrical and Electronics Engineering,3,1,1,0,1,91.0,5.1,58.8,1,5,3,79.2,1,MNC,Software Engineer,93.51,79.2,0
S2157,9.51,Electronics and Communication Engineering,1,0,0,0,0,49.5,5.5,83.4,0,4,0,39.0,1,Startup,Software Engineer,39.85,39.0,0
S2158,5.66,Electronics and Communication Engineering,1,0,1,0,0,29.5,9.4,50.5,2,1,0,61.5,1,Startup,Analyst,36.77,61.5,0
S2159,6.01,Computer Science and Engineering,2,0,0,0,0,90.8,5.1,76.2,3,6,1,72.0,1,Startup,Software Engineer,48.36,72.0,0
S2160,5.75,Computer Science and Engineering,2,1,1,1,0,8.0,5.5,54.0,0,6,0,80.3,1,MNC,Analyst,83.81,80.3,0
S2161,5.33,Civil Engineering,3,1,0,0,1,61.5,6.4,91.8,1,5,0,73.8,1,MNC,Analyst,88.6,73.8,0
S2162,9.91,Computer Science and Engineering,1,0,1,0,1,79.0,8.8,45.7,2,6,0,98.1,1,Mid-size,Analyst,71.41,98.1,0
S2163,6.76,Civil Engineering,2,0,0,1,0,32.7,8.1,55.2,3,6,1,99.0,1,Startup,Data Scientist,49.19,99.0,0
S2164,7.67,Electrical and Electronics Engineering,3,1,1,0,0,99.2,7.8,92.4,2,1,0,66.5,1,MNC,Software Engineer,84.82,66.5,0
S2165,5.65,Electronics and Communication Engineering,2,1,0,0,1,7.8,7.8,95.0,0,2,1,50.1,0,Not placed,Not placed,,50.1,0
S2166,8.01,Mechanical Engineering,3,1,0,1,0,44.6,5.0,91.9,0,6,1,67.7,0,Not placed,Not placed,,67.7,0
S2167,8.81,Computer Science and Engineering,1,0,0,0,0,81.6,8.1,49.2,0,4,1,43.4,0,Not placed,Not placed,,43.4,0
S2168,5.31,Information Technology,3,1,1,0,0,97.9,7.3,68.6,2,6,0,96.3,1,Mid-size,Web Developer,64.77,96.3,0
S2169,5.36,Mechanical Engineering,3,0,1,1,0,35.3,4.4,80.9,0,2,1,40.8,0,Not placed,Not placed,,40.8,0
S2170,7.77,Computer Science and Engineering,1,1,0,0,0,62.2,5.3,47.7,3,1,0,56.1,1,Startup,Data Scientist,45.72,56.1,0
S2171,8.14,Mechanical Engineering,2,1,1,0,0,39.0,4.7,86.8,2,1,0,57.2,1,MNC,Analyst,86.36,57.2,0
S2172,9.54,Electrical and Electronics Engineering,2,1,0,0,1,3.0,8.6,94.4,2,3,0,76.8,1,MNC,Data Scientist,78.5,76.8,0
S2173,8.48,Computer Science and Engineering,2,1,0,1,0,82.5,6.1,60.3,0,4,2,62.6,1,MNC,Analyst,83.57,62.6,0
S2174,5.34,Electronics and Communication Engineering,3,1,1,0,0,72.4,9.1,64.3,0,2,1,60.0,0,Not placed,Not placed,,60.0,0
S2175,5.09,Electronics and Communication Engineering,1,0,0,0,0,58.5,8.6,62.6,0,5,2,49.6,0,Not placed,Not placed,,49.6,0
S2176,6.41,Mechanical Engineering,2,0,1,0,0,48.1,9.2,90.7,3,5,2,94.6,1,Startup,Software Engineer,48.78,94.6,0
S2177,7.86,Civil Engineering,2,0,0,1,0,70.6,6.2,71.9,3,1,0,59.8,1,Startup,Web Developer,52.6,59.8,0
S2178,5.79,Computer Science and Engineering,3,0,1,0,1,28.6,9.6,94.9,0,4,2,68.2,0,Not placed,Not placed,,68.2,0
S2179,8.15,Electronics and Communication Engineering,1,1,0,0,1,22.0,7.5,77.5,0,1,1,45.4,1,MNC,Data Scientist,81.92,45.4,0
S2180,7.92,Electronics and Communication Engineering,2,0,0,1,0,59.4,9.6,68.0,1,3,3,66.0,0,Not placed,Not placed,,66.0,0
S2181,5.96,Civil Engineering,1,0,1,0,0,38.0,7.6,80.3,1,5,0,66.6,1,Startup,Software Engineer,45.83,66.6,0
S2182,5.14,Civil Engineering,2,1,1,0,0,64.6,7.9,96.4,0,4,0,64.3,1,Mid-size,Data Scientist,58.19,64.3,0
S2183,7.99,Electrical and Electronics Engineering,1,1,1,1,0,15.0,6.7,53.7,0,5,0,73.6,1,MNC,Data Scientist,82.34,73.6,0
S2184,5.75,Electrical and Electronics Engineering,2,1,1,1,0,39.1,9.6,47.4,0,5,1,82.9,1,MNC,Analyst,76.03,82.9,0
S2185,6.98,Electrical and Electronics Engineering,3,1,0,0,0,14.8,8.2,57.4,0,3,0,47.0,0,Not placed,Not placed,,47.0,0
S2186,7.88,Information Technology,1,1,1,1,0,34.5,9.0,54.3,1,4,0,83.6,1,Mid-size,Data Scientist,53.46,83.6,0
S2187,9.89,Mechanical Engineering,3,1,0,0,0,49.2,4.3,70.2,0,4,0,41.0,0,Not placed,Not placed,,41.0,0
S2188,7.37,Civil Engineering,1,1,1,0,1,75.6,4.5,49.2,0,1,0,50.1,1,MNC,Data Scientist,89.33,50.1,0
S2189,9.64,Electronics and Communication Engineering,3,1,0,1,0,64.1,6.2,78.2,2,2,0,72.4,1,Mid-size,Data Scientist,59.35,72.4,0
S2190,8.87,Electrical and Electronics Engineering,1,0,0,0,0,37.9,6.4,65.2,1,4,0,50.3,1,Startup,Data Scientist,45.66,50.3,0
S2191,7.77,Electronics and Communication Engineering,1,1,0,0,0,42.2,6.7,56.3,0,2,0,36.7,1,Startup,Software Engineer,41.8,36.7,0
S2192,5.68,Information Technology,2,1,0,1,0,61.3,6.8,55.4,1,4,0,67.3,1,Mid-size,Data Scientist,56.09,67.3,0
S2193,9.39,Civil Engineering,1,1,0,1,0,65.4,4.7,94.3,0,3,0,49.6,1,Mid-size,Analyst,49.23,49.6,0
S2194,6.34,Electrical and Electronics Engineering,2,1,1,1,0,38.3,7.9,51.7,0,4,0,70.0,1,MNC,Analyst,75.51,70.0,0
S2195,5.3,Electrical and Electronics Engineering,3,1,0,1,0,70.2,5.1,79.3,2,5,0,78.0,1,Mid-size,Analyst,59.29,78.0,0
S2196,6.53,Information Technology,1,0,1,0,1,82.0,8.0,99.3,0,1,1,45.3,1,MNC,Software Engineer,92.34,45.3,0
S2197,6.6,Information Technology,1,1,1,0,0,66.0,6.0,79.2,1,6,0,80.4,1,MNC,Software Engineer,86.31,80.4,0
S2198,7.89,Mechanical Engineering,3,1,0,0,0,34.8,4.1,87.9,1,1,0,36.9,1,Startup,Analyst,38.52,36.9,0
S2199,9.81,Mechanical Engineering,3,1,0,1,1,59.1,9.2,70.9,2,5,0,100.0,1,Mid-size,Data Scientist,72.22,103.7,1
S2200,8.67,Mechanical Engineering,1,1,1,1,0,44.2,8.9,96.0,0,5,1,84.2,1,MNC,Data Scientist,88.25,84.2,0
S2201,8.61,Civil Engineering,1,1,0,1,1,57.9,9.6,94.5,2,6,0,100.0,1,MNC,Analyst,78.74,106.0,1
S2202,5.33,Computer Science and Engineering,3,1,1,0,1,37.3,5.8,91.7,1,4,0,77.7,1,MNC,Web Developer,79.38,77.7,0
S2203,7.16,Information Technology,3,0,0,0,0,12.5,8.0,52.5,1,4,0,55.5,0,Not placed,Not placed,,55.5,0
S2204,9.53,Mechanical Engineering,2,1,1,1,0,24.4,8.7,66.5,1,6,0,95.3,1,MNC,Analyst,78.46,95.3,0
S2205,9.32,Information Technology,2,0,1,0,0,64.8,8.6,67.7,0,6,0,64.6,1,Startup,Web Developer,51.65,64.6,0
S2206,8.88,Electrical and Electronics Engineering,1,1,1,0,0,24.0,4.2,62.8,1,1,1,48.1,1,MNC,Data Scientist,80.02,48.1,0
S2207,9.51,Information Technology,1,0,0,0,1,74.9,5.3,48.7,0,3,0,40.9,1,Startup,Software Engineer,52.07,40.9,0
S2208,8.27,Electrical and Electronics Engineering,1,1,1,1,0,60.8,9.1,95.1,0,3,0,71.8,1,MNC,Analyst,72.09,71.8,0
S2209,8.53,Electrical and Electronics Engineering,1,1,0,0,0,53.2,7.7,64.2,2,3,0,67.8,1,Startup,Data Scientist,50.29,67.8,0
S2210,9.67,Information Technology,1,1,0,1,0,76.6,4.5,97.3,1,2,0,53.8,1,Mid-size,Data Scientist,53.24,53.8,0
S2211,7.69,Electrical and Electronics Engineering,3,0,1,1,0,26.9,4.7,75.8,0,6,2,65.3,0,Not placed,Not placed,,65.3,0
S2212,6.38,Electrical and Electronics Engineering,3,1,0,1,0,72.5,5.4,70.2,0,1,0,40.2,0,Not placed,Not placed,,40.2,0
S2213,9.69,Electronics and Communication Engineering,2,1,1,1,1,73.6,5.7,81.2,1,4,0,84.7,1,MNC,Data Scientist,81.72,84.7,0
S2214,5.69,Electrical and Electronics Engineering,2,0,1,1,0,32.3,7.4,61.4,3,6,1,100.0,1,Mid-size,Software Engineer,53.21,105.5,1
S2215,5.16,Mechanical Engineering,3,1,0,1,0,29.9,7.7,71.5,0,2,0,56.1,0,Not placed,Not placed,,56.1,0
S2216,6.18,Electrical and Electronics Engineering,3,0,0,0,0,99.3,7.5,74.0,0,4,2,44.7,0,Not placed,Not placed,,44.7,0
S2217,8.12,Electronics and Communication Engineering,2,1,1,0,0,57.5,8.3,64.4,0,5,0,74.0,1,MNC,Software Engineer,88.85,74.0,0
S2218,8.54,Mechanical Engineering,1,1,0,0,1,70.3,8.8,95.1,1,3,0,73.1,1,Mid-size,Web Developer,53.99,73.1,0
S2219,7.54,Electrical and Electronics Engineering,1,1,0,1,0,17.2,4.5,82.6,1,5,0,68.5,1,MNC,Data Scientist,73.13,68.5,0
S2220,6.16,Mechanical Engineering,3,1,0,0,0,37.1,6.0,62.5,0,1,0,29.4,0,Not placed,Not placed,,29.4,0
S2221,6.28,Electrical and Electronics Engineering,3,1,0,1,1,34.3,8.2,79.4,0,4,0,77.0,1,MNC,Software Engineer,78.21,77.0,0
S2222,5.7,Mechanical Engineering,2,0,0,0,1,76.0,9.1,84.6,3,3,0,83.5,1,Startup,Software Engineer,43.06,83.5,0
S2223,5.58,Information Technology,2,1,1,0,0,39.3,7.7,85.8,1,3,0,66.8,1,MNC,Web Developer,66.1,66.8,0
S2224,8.03,Electrical and Electronics Engineering,2,1,0,0,0,72.2,8.5,83.4,0,6,1,63.7,1,Startup,Analyst,41.01,63.7,0
S2225,8.3,Electrical and Electronics Engineering,1,0,0,0,0,58.5,10.0,73.6,1,2,0,50.1,1,Startup,Web Developer,48.63,50.1,0
S2226,7.72,Electronics and Communication Engineering,3,1,1,0,1,2.5,9.7,44.2,1,6,0,96.9,1,Mid-size,Software Engineer,55.26,96.9,0
S2227,6.52,Civil Engineering,3,1,1,0,1,32.3,9.8,67.5,0,4,0,82.6,1,MNC,Data Scientist,81.91,82.6,0
S2228,5.06,Electrical and Electronics Engineering,3,0,1,0,1,67.6,4.2,44.7,2,1,1,57.9,1,MNC,Web Developer,87.85,57.9,0
S2229,9.03,Computer Science and Engineering,3,0,0,0,0,99.1,6.4,80.2,0,2,0,26.8,1,Startup,Software Engineer,45.68,26.8,0
S2230,8.22,Information Technology,3,1,1,1,0,31.5,9.1,93.9,0,2,0,64.9,1,Mid-size,Data Scientist,64.09,64.9,0
S2231,7.68,Electrical and Electronics Engineering,2,1,1,0,0,13.7,9.9,41.0,3,1,0,82.9,1,Mid-size,Analyst,61.33,82.9,0
S2232,8.48,Electrical and Electronics Engineering,1,0,1,0,0,93.5,7.8,69.0,1,5,1,73.0,1,Startup,Data Scientist,51.61,73.0,0
S2233,6.87,Electrical and Electronics Engineering,3,1,1,0,1,52.2,4.7,87.8,1,2,0,65.9,1,MNC,Data Scientist,80.0,65.9,0
S2234,5.71,Electrical and Electronics Engineering,1,1,0,0,1,16.0,9.4,73.6,0,4,0,72.0,1,MNC,Analyst,64.34,72.0,0
S2235,5.67,Electronics and Communication Engineering,3,1,1,0,1,98.1,4.7,41.1,2,3,0,77.3,1,MNC,Data Scientist,81.25,77.3,0
S2236,9.3,Civil Engineering,3,1,0,0,0,94.9,4.5,82.6,0,6,0,51.4,1,Startup,Software Engineer,47.28,51.4,0
S2237,5.5,Computer Science and Engineering,1,1,0,1,1,70.0,6.8,94.5,1,5,1,85.7,1,Mid-size,Web Developer,70.85,85.7,0
S2238,5.98,Civil Engineering,2,1,1,1,0,71.5,9.9,67.8,2,4,0,100.0,1,MNC,Software Engineer,92.06,100.4,1
S2239,8.54,Mechanical Engineering,3,1,0,1,0,28.2,9.6,41.6,0,1,1,56.7,1,Mid-size,Web Developer,62.58,56.7,0
S2240,6.33,Civil Engineering,3,1,0,0,0,50.5,5.8,43.2,1,2,0,45.7,0,Not placed,Not placed,,45.7,0
S2241,6.73,Mechanical Engineering,1,1,0,0,1,63.8,7.4,74.2,1,2,0,59.5,1,Mid-size,Web Developer,54.02,59.5,0
S2242,9.72,Mechanical Engineering,2,1,0,0,1,34.4,5.9,55.7,0,4,1,53.5,1,Mid-size,Software Engineer,56.37,53.5,0
S2243,7.6,Information Technology,2,0,0,0,0,19.3,4.2,74.0,1,4,2,46.5,0,Not placed,Not placed,,46.5,0
S2244,5.43,Mechanical Engineering,3,0,0,0,1,25.8,9.2,53.5,1,4,0,67.1,1,Startup,Data Scientist,42.1,67.1,0
S2245,7.38,Information Technology,1,1,0,0,0,20.2,5.7,40.2,1,1,3,40.4,0,Not placed,Not placed,,40.4,0
S2246,6.15,Information Technology,3,1,0,0,0,37.5,6.5,73.5,3,3,2,70.1,1,Startup,Software Engineer,40.55,70.1,0
S2247,5.96,Electrical and Electronics Engineering,2,1,1,0,1,64.0,8.7,54.4,1,6,0,92.6,1,Mid-size,Analyst,53.14,92.6,0
S2248,5.06,Civil Engineering,2,1,1,0,0,42.8,8.6,50.9,0,2,0,57.3,1,MNC,Analyst,77.51,57.3,0
S2249,5.5,Civil Engineering,1,1,1,1,0,2.5,4.6,75.2,0,5,1,71.3,1,MNC,Software Engineer,65.81,71.3,0
S2250,8.61,Information Technology,1,1,1,1,0,31.1,7.4,78.3,0,3,0,65.3,1,MNC,Software Engineer,75.08,65.3,0
S2251,5.81,Mechanical Engineering,2,1,1,1,0,53.5,9.5,88.1,2,4,0,99.4,1,MNC,Software Engineer,72.87,99.4,0
S2252,5.79,Electrical and Electronics Engineering,2,1,1,1,0,96.5,4.0,59.5,1,1,0,56.4,1,MNC,Web Developer,71.72,56.4,0
S2253,7.94,Mechanical Engineering,1,1,1,0,0,68.0,9.8,60.9,0,1,0,56.7,1,MNC,Web Developer,73.1,56.7,0
S2254,6.29,Information Technology,1,0,1,0,0,99.0,6.2,62.0,2,4,0,70.3,1,Startup,Web Developer,45.92,70.3,0
S2255,8.18,Electrical and Electronics Engineering,2,0,0,0,1,35.6,4.0,40.4,1,5,0,58.2,1,Startup,Web Developer,39.34,58.2,0
S2256,9.91,Computer Science and Engineering,3,0,1,1,0,77.8,9.9,45.3,2,6,1,97.3,1,MNC,Software Engineer,92.07,97.3,0
S2257,6.48,Information Technology,3,1,1,0,1,1.2,6.9,70.3,0,5,0,76.1,1,Mid-size,Analyst,57.03,76.1,0
S2258,8.65,Mechanical Engineering,3,1,1,1,0,6.8,7.4,61.3,1,6,0,93.9,1,MNC,Data Scientist,72.02,93.9,0
S2259,7.04,Computer Science and Engineering,1,1,0,0,0,50.1,5.6,64.5,0,1,0,32.6,1,Startup,Data Scientist,36.24,32.6,0
S2260,8.54,Computer Science and Engineering,3,1,0,0,0,10.6,7.9,98.1,1,2,0,49.7,1,Startup,Analyst,38.11,49.7,0
S2261,6.64,Computer Science and Engineering,1,0,0,0,0,0.0,8.8,58.9,1,4,2,58.7,0,Not placed,Not placed,,58.7,0
S2262,6.05,Computer Science and Engineering,3,0,1,0,0,92.0,6.3,72.6,2,4,0,72.8,1,Startup,Analyst,51.64,72.8,0
S2263,6.99,Electronics and Communication Engineering,1,0,1,0,0,1.0,7.6,79.5,0,3,0,45.9,1,Startup,Software Engineer,39.44,45.9,0
S2264,9.92,Computer Science and Engineering,2,1,1,1,0,53.6,5.4,67.9,0,3,2,59.9,0,Not placed,Not placed,,59.9,0
S2265,9.54,Information Technology,1,0,1,1,0,83.0,6.0,87.7,0,2,0,50.2,1,Mid-size,Analyst,66.87,50.2,0
S2266,9.73,Mechanical Engineering,3,1,1,1,0,32.3,8.0,45.2,3,5,0,100.0,1,Mid-size,Data Scientist,65.77,113.2,1
S2267,7.25,Electrical and Electronics Engineering,3,1,0,0,0,33.6,7.7,63.2,2,5,0,74.2,1,Startup,Analyst,44.23,74.2,0
S2268,5.91,Computer Science and Engineering,1,0,1,0,0,5.4,6.6,43.6,0,3,0,45.0,0,Not placed,Not placed,,45.0,0
S2269,5.67,Electronics and Communication Engineering,2,0,0,1,1,11.6,5.3,45.4,2,6,0,88.2,1,MNC,Analyst,65.04,88.2,0
S2270,5.55,Electrical and Electronics Engineering,1,1,0,0,0,90.7,6.8,48.6,0,5,1,53.6,1,Startup,Web Developer,47.6,53.6,0
S2271,7.68,Mechanical Engineering,1,1,1,0,1,81.4,5.4,83.0,0,1,0,53.4,1,Top Tech,Analyst,113.81,53.4,0
S2272,5.86,Electrical and Electronics Engineering,1,1,0,0,0,38.1,5.7,95.0,0,6,0,60.9,1,Startup,Software Engineer,43.49,60.9,0
S2273,6.99,Civil Engineering,2,0,0,0,0,9.2,7.4,63.0,0,6,1,50.9,0,Not placed,Not placed,,50.9,0
S2274,5.83,Electronics and Communication Engineering,3,1,1,0,0,1.9,8.0,97.4,0,3,3,62.5,0,Not placed,Not placed,,62.5,0
S2275,6.64,Electrical and Electronics Engineering,3,0,1,1,0,76.5,7.5,46.6,1,4,2,68.3,1,Mid-size,Data Scientist,52.09,68.3,0
S2276,6.81,Civil Engineering,1,0,1,0,1,67.6,6.5,79.0,2,6,0,90.2,1,MNC,Software Engineer,87.25,90.2,0
S2277,6.65,Computer Science and Engineering,3,0,1,0,0,97.3,7.0,91.4,0,2,0,38.0,1,Startup,Software Engineer,39.92,38.0,0
S2278,7.61,Electrical and Electronics Engineering,3,1,0,0,1,70.7,6.2,40.8,1,4,1,71.7,0,Not placed,Not placed,,71.7,0
S2279,8.04,Civil Engineering,3,1,1,0,0,89.7,4.9,81.2,0,2,0,43.9,1,MNC,Analyst,74.56,43.9,0
S2280,8.16,Electrical and Electronics Engineering,3,1,0,1,0,34.3,6.7,53.0,0,3,1,52.5,1,MNC,Analyst,73.59,52.5,0
S2281,7.82,Electronics and Communication Engineering,3,1,0,0,0,49.3,5.3,76.9,0,2,0,36.8,0,Not placed,Not placed,,36.8,0
S2282,5.51,Mechanical Engineering,3,1,1,1,0,57.2,4.7,52.0,0,2,0,50.4,1,Mid-size,Analyst,50.33,50.4,0
S2283,9.69,Information Technology,3,0,1,0,1,30.7,9.2,60.8,2,1,0,69.2,1,MNC,Web Developer,95.78,69.2,0
S2284,8.47,Mechanical Engineering,3,1,0,1,0,37.0,5.9,97.5,0,5,0,60.7,1,Mid-size,Web Developer,57.72,60.7,0
S2285,6.22,Electrical and Electronics Engineering,1,1,1,0,0,36.5,4.3,94.0,3,6,0,88.0,1,Mid-size,Data Scientist,66.53,88.0,0
S2286,7.62,Civil Engineering,2,1,0,1,1,14.2,7.0,41.5,0,6,1,81.7,1,MNC,Data Scientist,76.61,81.7,0
S2287,6.89,Computer Science and Engineering,1,0,0,0,0,39.4,6.3,57.2,3,1,0,50.6,1,Startup,Software Engineer,48.45,50.6,0
S2288,9.12,Electrical and Electronics Engineering,3,0,0,0,0,39.7,6.2,64.7,2,1,0,41.2,0,Not placed,Not placed,,41.2,0
S2289,6.4,Computer Science and Engineering,3,1,0,1,1,13.6,8.9,95.7,0,1,0,60.2,0,Not placed,Not placed,,60.2,0
S2290,7.42,Information Technology,3,0,1,0,0,6.9,8.5,75.1,2,1,1,55.8,0,Not placed,Not placed,,55.8,0
S2291,9.24,Electrical and Electronics Engineering,2,1,0,1,0,36.4,7.9,88.6,0,6,0,73.9,1,MNC,Software Engineer,65.28,73.9,0
S2292,7.62,Electronics and Communication Engineering,2,0,1,1,0,51.8,8.3,50.3,1,4,0,74.8,1,MNC,Data Scientist,74.44,74.8,0
S2293,8.21,Computer Science and Engineering,3,0,1,1,0,34.3,9.1,87.1,3,4,0,100.0,1,MNC,Data Scientist,91.76,101.3,1
S2294,8.14,Civil Engineering,2,1,1,1,0,28.1,5.6,46.0,1,1,0,58.8,1,MNC,Analyst,71.05,58.8,0
S2295,7.3,Computer Science and Engineering,2,1,0,0,1,74.6,9.3,66.4,0,3,0,66.0,1,Mid-size,Analyst,64.2,66.0,0
S2296,7.53,Mechanical Engineering,3,1,0,0,0,17.5,5.4,64.5,1,6,0,61.8,0,Not placed,Not placed,,61.8,0
S2297,5.06,Electronics and Communication Engineering,1,0,1,0,1,2.0,9.1,81.8,1,3,1,74.2,1,MNC,Software Engineer,71.23,74.2,0
S2298,8.61,Civil Engineering,2,1,1,0,0,2.9,4.2,44.8,0,3,0,49.8,0,Not placed,Not placed,,49.8,0
S2299,9.64,Electronics and Communication Engineering,2,0,0,1,1,67.1,4.2,96.3,2,2,0,63.2,1,MNC,Software Engineer,90.99,63.2,0
S2300,8.49,Information Technology,1,0,0,0,1,73.7,4.1,43.6,3,4,0,72.2,1,Startup,Analyst,43.19,72.2,0
S2301,7.38,Electronics and Communication Engineering,3,1,0,0,0,84.1,8.1,92.8,2,2,1,61.1,1,Startup,Web Developer,43.21,61.1,0
S2302,5.56,Electrical and Electronics Engineering,1,0,1,0,1,10.4,7.5,99.9,0,4,0,60.2,1,Mid-size,Data Scientist,60.07,60.2,0
S2303,6.41,Electrical and Electronics Engineering,1,0,1,0,0,52.4,8.1,53.1,1,2,3,55.8,0,Not placed,Not placed,,55.8,0
S2304,6.24,Civil Engineering,2,0,0,1,1,94.2,6.5,76.1,1,2,0,59.3,1,MNC,Analyst,94.46,59.3,0
S2305,7.13,Electrical and Electronics Engineering,2,1,1,0,0,31.4,7.6,74.8,3,6,0,100.0,1,MNC,Software Engineer,83.23,105.7,1
S2306,5.27,Mechanical Engineering,2,1,1,0,1,69.5,5.3,87.8,1,6,1,88.2,1,Mid-size,Analyst,58.9,88.2,0
S2307,8.17,Mechanical Engineering,3,0,0,1,0,17.4,6.9,45.5,2,1,1,57.9,0,Not placed,Not placed,,57.9,0
S2308,6.9,Computer Science and Engineering,1,0,0,0,1,88.9,6.9,95.7,0,5,0,51.1,1,Startup,Analyst,49.73,51.1,0
S2309,6.45,Electronics and Communication Engineering,1,0,0,0,1,86.6,8.5,78.8,2,4,1,80.4,1,Startup,Data Scientist,44.25,80.4,0
S2310,5.22,Electronics and Communication Engineering,1,0,1,1,0,36.6,5.9,48.9,1,3,0,66.8,1,Mid-size,Analyst,61.32,66.8,0
S2311,5.58,Electrical and Electronics Engineering,3,1,0,0,0,13.1,7.7,81.3,2,3,0,68.2,1,Startup,Data Scientist,40.94,68.2,0
S2312,7.03,Mechanical Engineering,3,1,1,1,0,92.4,6.1,77.3,0,4,0,70.0,1,Mid-size,Web Developer,62.79,70.0,0
S2313,6.96,Information Technology,3,1,0,1,1,32.7,6.9,82.4,2,2,1,78.4,1,Mid-size,Software Engineer,75.32,78.4,0
S2314,5.12,Electronics and Communication Engineering,3,1,0,1,0,94.3,9.6,90.4,0,4,2,72.4,1,Mid-size,Analyst,70.24,72.4,0
S2315,8.97,Civil Engineering,1,0,1,0,0,72.1,5.0,49.5,1,5,2,63.6,1,Startup,Analyst,40.34,63.6,0
S2316,9.05,Electrical and Electronics Engineering,1,0,1,0,0,85.3,9.3,99.8,3,1,0,68.5,1,Startup,Web Developer,43.76,68.5,0
S2317,7.53,Information Technology,2,1,0,0,0,1.6,4.5,70.3,0,5,0,44.5,0,Not placed,Not placed,,44.5,0
S2318,6.79,Electrical and Electronics Engineering,2,0,0,0,0,80.0,9.1,51.6,0,4,1,47.7,0,Not placed,Not placed,,47.7,0
S2319,9.49,Information Technology,3,1,1,0,0,44.6,5.1,63.8,0,5,1,62.7,1,MNC,Analyst,62.95,62.7,0
S2320,7.34,Information Technology,1,1,0,0,0,16.5,7.7,66.4,2,4,0,77.2,1,Startup,Analyst,45.65,77.2,0
S2321,5.78,Computer Science and Engineering,1,1,0,0,1,5.6,8.3,60.0,3,4,0,95.8,1,MNC,Software Engineer,86.4,95.8,0
S2322,5.89,Electrical and Electronics Engineering,3,1,0,0,0,47.2,5.8,55.6,2,4,1,71.1,0,Not placed,Not placed,,71.1,0
S2323,9.06,Computer Science and Engineering,2,0,1,0,0,9.6,5.9,41.9,1,2,1,43.2,0,Not placed,Not placed,,43.2,0
S2324,7.04,Mechanical Engineering,1,1,0,1,0,72.1,5.3,92.7,1,4,0,61.0,1,MNC,Data Scientist,67.08,61.0,0
S2325,8.92,Electronics and Communication Engineering,2,0,1,0,1,3.7,7.5,40.2,0,6,0,74.3,1,MNC,Analyst,66.67,74.3,0
S2326,5.76,Electronics and Communication Engineering,1,0,0,0,0,63.5,5.5,60.3,2,3,3,53.8,0,Not placed,Not placed,,53.8,0
S2327,9.15,Computer Science and Engineering,3,1,1,0,0,24.7,7.2,57.5,0,5,0,61.6,1,Mid-size,Data Scientist,54.76,61.6,0
S2328,7.28,Information Technology,3,1,1,1,1,1.0,5.1,65.4,2,6,0,100.0,1,MNC,Software Engineer,89.63,107.5,1
S2329,9.13,Electrical and Electronics Engineering,2,0,1,0,0,43.4,7.3,48.1,1,1,3,43.9,0,Not placed,Not placed,,43.9,0
S2330,5.22,Civil Engineering,3,0,1,1,1,11.2,5.4,96.7,0,6,0,75.0,1,Mid-size,Software Engineer,65.77,75.0,0
S2331,6.95,Computer Science and Engineering,2,0,0,0,0,87.4,9.9,89.0,2,6,1,81.5,1,Startup,Software Engineer,44.11,81.5,0
S2332,5.29,Civil Engineering,3,1,1,0,0,58.2,6.9,56.4,0,1,0,50.5,1,Mid-size,Software Engineer,68.72,50.5,0
S2333,5.99,Electronics and Communication Engineering,2,1,0,0,0,62.3,6.8,77.7,1,2,0,53.4,1,Startup,Software Engineer,40.88,53.4,0
S2334,5.98,Computer Science and Engineering,3,0,1,0,0,94.2,4.1,60.0,0,1,0,29.6,1,Startup,Analyst,42.23,29.6,0
S2335,8.66,Computer Science and Engineering,3,0,1,1,0,67.5,8.3,65.9,2,5,0,87.1,1,MNC,Analyst,90.36,87.1,0
S2336,5.43,Civil Engineering,1,0,1,1,1,49.1,4.7,57.6,0,4,0,60.5,1,Mid-size,Analyst,56.44,60.5,0
S2337,5.34,Information Technology,1,1,1,0,1,36.7,4.4,84.3,3,4,1,96.9,1,MNC,Analyst,92.24,96.9,0
S2338,6.11,Electronics and Communication Engineering,3,1,0,0,0,16.9,7.5,62.4,1,2,0,54.1,1,Startup,Analyst,41.79,54.1,0
S2339,7.42,Electrical and Electronics Engineering,3,1,0,0,0,39.1,4.3,93.8,1,6,0,66.3,1,Startup,Software Engineer,41.72,66.3,0
S2340,7.95,Electronics and Communication Engineering,1,0,1,0,0,76.3,5.3,48.6,1,6,0,61.0,1,Startup,Data Scientist,44.94,61.0,0
S2341,6.32,Electronics and Communication Engineering,1,0,1,0,1,20.4,7.7,78.6,1,6,1,78.7,1,MNC,Software Engineer,68.2,78.7,0
S2342,9.1,Mechanical Engineering,3,1,0,1,0,26.0,6.9,43.7,0,5,2,69.8,0,Not placed,Not placed,,69.8,0
S2343,5.71,Mechanical Engineering,1,0,0,0,0,67.4,7.5,57.5,2,6,1,76.4,1,Startup,Data Scientist,38.73,76.4,0
S2344,8.24,Mechanical Engineering,2,1,1,0,1,1.2,6.7,55.1,1,1,0,64.4,1,Mid-size,Analyst,53.64,64.4,0
S2345,8.87,Electronics and Communication Engineering,1,0,1,1,0,90.9,7.6,75.5,0,2,0,52.7,1,MNC,Analyst,72.67,52.7,0
S2346,5.71,Mechanical Engineering,1,0,1,0,0,55.3,5.6,60.6,0,2,1,32.8,0,Not placed,Not placed,,32.8,0
S2347,5.68,Information Technology,1,1,1,0,0,61.5,5.4,68.8,0,5,0,64.9,1,Mid-size,Analyst,52.54,64.9,0
S2348,5.38,Mechanical Engineering,2,1,0,0,0,74.2,4.4,66.9,2,2,2,51.3,0,Not placed,Not placed,,51.3,0
S2349,8.67,Mechanical Engineering,2,0,1,0,1,37.7,5.2,93.9,2,5,0,84.6,1,Mid-size,Software Engineer,68.23,84.6,0
S2350,5.32,Information Technology,1,0,1,0,1,78.3,5.4,81.9,0,1,1,38.5,1,Mid-size,Web Developer,63.87,38.5,0
S2351,6.06,Civil Engineering,1,0,0,0,0,88.6,7.8,54.5,2,1,0,47.0,1,Startup,Software Engineer,48.52,47.0,0
S2352,5.72,Electrical and Electronics Engineering,1,1,0,1,1,26.4,5.3,47.9,0,1,1,51.3,1,MNC,Software Engineer,83.16,51.3,0
S2353,6.76,Electrical and Electronics Engineering,2,0,1,0,0,92.7,6.9,85.9,1,4,1,56.5,1,Startup,Data Scientist,45.41,56.5,0
S2354,7.08,Civil Engineering,3,1,1,0,1,48.6,9.8,87.8,1,3,1,89.3,1,MNC,Web Developer,76.94,89.3,0
S2355,8.28,Mechanical Engineering,2,0,1,0,1,27.2,9.7,76.7,2,6,0,99.8,1,MNC,Analyst,90.55,99.8,0
S2356,5.77,Electronics and Communication Engineering,1,0,1,0,0,40.3,9.0,41.6,0,1,0,38.5,0,Not placed,Not placed,,38.5,0
S2357,9.77,Civil Engineering,3,1,1,0,0,8.9,10.0,85.3,1,3,0,72.1,1,MNC,Software Engineer,90.23,72.1,0
S2358,7.13,Electrical and Electronics Engineering,3,1,0,0,1,62.5,5.8,78.6,3,2,0,75.6,1,MNC,Data Scientist,77.39,75.6,0
S2359,7.02,Computer Science and Engineering,3,1,0,1,0,62.4,5.7,63.6,1,6,1,80.0,1,MNC,Web Developer,80.02,80.0,0
S2360,6.08,Computer Science and Engineering,2,0,0,0,0,76.2,6.6,97.1,0,2,0,24.9,0,Not placed,Not placed,,24.9,0
S2361,6.1,Electronics and Communication Engineering,3,1,1,1,0,5.6,5.2,93.9,1,1,0,56.9,0,Not placed,Not placed,,56.9,0
S2362,9.29,Civil Engineering,3,0,1,0,0,19.5,7.8,42.6,3,3,0,82.8,1,Startup,Web Developer,51.62,82.8,0
S2363,6.57,Electrical and Electronics Engineering,1,1,1,1,0,10.2,4.6,57.6,0,2,2,56.5,0,Not placed,Not placed,,56.5,0
S2364,7.51,Information Technology,1,1,0,1,0,10.7,4.9,42.8,0,6,0,64.5,1,MNC,Analyst,73.31,64.5,0
S2365,7.35,Electronics and Communication Engineering,2,1,1,0,1,19.2,7.2,40.5,0,4,0,66.6,1,Mid-size,Data Scientist,67.13,66.6,0
S2366,9.58,Civil Engineering,3,1,0,1,0,18.8,8.8,65.0,3,1,0,80.2,1,Mid-size,Analyst,66.59,80.2,0
S2367,6.73,Electronics and Communication Engineering,2,0,0,0,0,70.3,7.3,73.3,1,4,0,52.5,1,Startup,Web Developer,41.48,52.5,0
S2368,8.08,Computer Science and Engineering,1,1,1,1,1,38.2,5.4,44.3,0,3,0,72.3,1,MNC,Web Developer,84.92,72.3,0
S2369,8.67,Computer Science and Engineering,2,0,0,0,0,82.8,6.1,86.0,0,6,0,45.9,1,Startup,Web Developer,44.25,45.9,0
S2370,8.6,Electrical and Electronics Engineering,1,1,1,0,0,62.3,7.5,60.3,0,2,1,54.3,1,Mid-size,Analyst,62.44,54.3,0
S2371,9.1,Electronics and Communication Engineering,3,1,1,0,0,90.6,5.9,87.8,3,3,2,84.3,1,MNC,Data Scientist,79.18,84.3,0
S2372,8.76,Mechanical Engineering,1,0,1,0,0,97.0,4.8,93.3,2,6,0,78.7,1,Startup,Web Developer,45.11,78.7,0
S2373,8.2,Civil Engineering,1,0,0,1,0,14.1,8.2,89.3,0,3,0,51.9,0,Not placed,Not placed,,51.9,0
S2374,6.39,Electronics and Communication Engineering,3,1,1,1,0,53.1,5.2,78.4,0,3,1,56.7,1,Mid-size,Software Engineer,64.94,56.7,0
S2375,7.24,Electronics and Communication Engineering,3,0,1,0,1,3.2,5.4,60.7,1,5,0,67.9,1,MNC,Web Developer,67.29,67.9,0
S2376,7.06,Electrical and Electronics Engineering,3,1,1,0,1,29.9,6.4,63.8,1,6,0,92.1,1,MNC,Web Developer,83.12,92.1,0
S2377,6.25,Information Technology,3,0,1,1,0,93.8,6.2,96.5,1,2,3,55.7,0,Not placed,Not placed,,55.7,0
S2378,9.88,Information Technology,3,1,0,0,1,44.7,7.8,70.6,0,4,0,67.0,1,Mid-size,Data Scientist,66.67,67.0,0
S2379,8.64,Electrical and Electronics Engineering,2,1,0,0,0,39.1,5.8,75.9,1,2,0,51.7,1,Startup,Software Engineer,40.72,51.7,0
S2380,6.11,Electronics and Communication Engineering,1,1,0,0,0,79.5,5.3,68.2,0,1,0,26.9,1,Startup,Web Developer,45.62,26.9,0
S2381,6.23,Electrical and Electronics Engineering,3,1,0,0,1,50.9,4.0,53.1,3,3,0,80.7,1,MNC,Analyst,92.39,80.7,0
S2382,5.46,Mechanical Engineering,3,1,0,1,0,47.3,8.5,55.5,0,4,0,69.8,1,MNC,Data Scientist,76.21,69.8,0
S2383,7.53,Information Technology,3,1,1,0,0,74.9,5.5,88.0,2,4,2,73.1,1,MNC,Software Engineer,74.76,73.1,0
S2384,9.82,Civil Engineering,3,1,1,1,0,26.6,6.6,90.2,2,3,0,83.3,1,MNC,Web Developer,75.01,83.3,0
S2385,7.73,Computer Science and Engineering,3,0,1,1,0,46.6,4.4,75.8,1,1,1,52.2,0,Not placed,Not placed,,52.2,0
S2386,8.54,Mechanical Engineering,2,1,0,0,0,93.0,9.3,95.2,3,5,0,91.9,1,Startup,Analyst,48.76,91.9,0
S2387,6.19,Mechanical Engineering,1,0,0,1,1,12.9,5.3,84.8,0,5,0,57.8,1,MNC,Web Developer,64.21,57.8,0
S2388,8.84,Information Technology,2,0,0,0,1,34.1,5.5,74.8,2,1,0,48.7,1,Startup,Web Developer,45.82,48.7,0
S2389,7.6,Computer Science and Engineering,3,0,0,0,1,80.2,4.8,42.8,0,5,1,47.6,0,Not placed,Not placed,,47.6,0
S2390,6.98,Computer Science and Engineering,3,0,1,0,0,17.4,6.7,85.7,0,3,0,47.1,0,Not placed,Not placed,,47.1,0
S2391,9.84,Mechanical Engineering,2,1,0,0,1,73.4,9.8,55.2,0,3,3,67.2,1,Mid-size,Analyst,61.5,67.2,0
S2392,6.31,Electrical and Electronics Engineering,3,1,0,0,0,96.0,4.4,70.1,3,6,0,82.2,1,Startup,Software Engineer,48.96,82.2,0
S2393,8.23,Computer Science and Engineering,1,1,1,1,0,60.1,4.8,47.0,1,1,0,60.8,1,Mid-size,Data Scientist,54.52,60.8,0
S2394,8.91,Mechanical Engineering,3,1,1,0,0,81.7,10.0,78.0,1,5,0,82.7,1,MNC,Software Engineer,74.08,82.7,0
S2395,6.36,Information Technology,3,0,0,0,1,59.1,8.9,42.5,3,4,0,86.2,1,Startup,Data Scientist,44.34,86.2,0
S2396,5.5,Electrical and Electronics Engineering,3,1,0,0,0,28.1,4.4,57.6,0,1,0,27.5,0,Not placed,Not placed,,27.5,0
S2397,5.03,Electronics and Communication Engineering,2,1,0,0,0,98.4,5.9,76.3,0,2,1,39.0,0,Not placed,Not placed,,39.0,0
S2398,8.71,Mechanical Engineering,3,0,1,1,1,15.0,9.4,60.5,1,1,0,72.5,1,Mid-size,Web Developer,68.1,72.5,0
S2399,8.09,Information Technology,1,1,0,1,0,3.2,5.2,58.2,0,2,3,41.0,0,Not placed,Not placed,,41.0,0
S2400,5.49,Civil Engineering,2,0,1,0,1,51.4,5.3,69.6,0,5,0,65.5,1,Mid-size,Analyst,64.0,65.5,0
S2401,9.3,Mechanical Engineering,3,1,0,0,0,80.9,4.8,42.4,2,1,0,46.7,1,Startup,Analyst,40.59,46.7,0
S2402,9.64,Electrical and Electronics Engineering,3,0,1,1,0,13.2,4.3,78.6,1,3,0,58.9,1,MNC,Analyst,70.95,58.9,0
S2403,7.62,Computer Science and Engineering,3,0,0,0,0,37.1,5.8,49.4,1,4,0,49.9,1,Startup,Software Engineer,46.48,49.9,0
S2404,5.03,Mechanical Engineering,3,0,1,1,1,37.4,4.9,49.2,1,3,2,66.5,0,Not placed,Not placed,,66.5,0
S2405,9.71,Electrical and Electronics Engineering,1,1,0,0,0,70.0,5.2,80.4,2,6,2,78.7,1,Startup,Analyst,48.83,78.7,0
S2406,6.71,Computer Science and Engineering,2,1,1,0,1,47.1,6.5,94.3,3,1,0,81.6,1,MNC,Software Engineer,86.05,81.6,0
S2407,7.9,Computer Science and Engineering,3,0,1,0,0,31.7,7.6,79.5,1,6,0,71.4,1,Startup,Analyst,45.51,71.4,0
S2408,8.87,Computer Science and Engineering,2,1,0,1,1,87.8,4.6,55.1,0,2,0,58.5,1,MNC,Software Engineer,90.64,58.5,0
S2409,7.82,Information Technology,2,1,0,1,0,70.2,7.1,49.9,0,6,0,75.6,1,MNC,Web Developer,70.49,75.6,0
S2410,5.78,Civil Engineering,2,1,0,0,0,74.6,9.4,75.1,2,5,0,87.8,1,Startup,Web Developer,42.03,87.8,0
S2411,6.86,Electrical and Electronics Engineering,2,1,1,0,1,35.7,7.8,88.8,0,4,0,76.2,1,MNC,Web Developer,64.7,76.2,0
S2412,8.44,Mechanical Engineering,1,1,0,0,0,1.5,4.4,49.8,1,3,0,49.2,0,Not placed,Not placed,,49.2,0
S2413,5.06,Civil Engineering,1,1,1,0,1,14.5,4.4,40.7,3,1,0,76.9,1,MNC,Web Developer,69.88,76.9,0
S2414,8.2,Information Technology,1,1,1,1,0,10.5,5.7,64.2,1,3,0,72.7,1,Mid-size,Web Developer,64.68,72.7,0
S2415,6.34,Electronics and Communication Engineering,2,1,0,0,1,74.6,6.5,96.2,0,6,0,66.4,1,Mid-size,Data Scientist,51.37,66.4,0
S2416,6.44,Electronics and Communication Engineering,3,1,0,1,0,52.2,6.0,65.6,1,2,0,57.1,1,MNC,Data Scientist,70.3,57.1,0
S2417,6.33,Information Technology,1,1,0,0,0,50.1,7.1,53.5,1,6,0,73.2,1,Startup,Software Engineer,36.98,73.2,0
S2418,8.82,Civil Engineering,1,0,0,0,0,76.8,9.8,56.0,0,3,1,42.4,1,Startup,Data Scientist,41.82,42.4,0
S2419,9.48,Civil Engineering,2,1,1,0,0,69.5,8.9,79.6,3,1,0,86.2,1,Mid-size,Web Developer,63.08,86.2,0
S2420,5.6,Information Technology,1,1,1,0,1,20.3,6.4,58.1,1,6,0,92.1,1,Mid-size,Data Scientist,62.61,92.1,0
S2421,9.59,Civil Engineering,2,0,0,0,0,23.7,7.4,87.0,1,6,1,66.1,1,Startup,Web Developer,37.41,66.1,0
S2422,9.42,Civil Engineering,3,1,1,0,0,96.8,9.5,47.6,0,2,0,63.4,1,MNC,Web Developer,86.88,63.4,0
S2423,8.24,Mechanical Engineering,1,0,1,1,1,80.2,8.6,55.5,0,2,2,69.1,1,MNC,Web Developer,94.82,69.1,0
S2424,6.11,Mechanical Engineering,2,1,1,1,0,69.5,6.5,90.0,2,1,0,74.3,1,Mid-size,Web Developer,62.51,74.3,0
S2425,6.73,Electrical and Electronics Engineering,2,1,1,1,1,10.9,10.0,49.7,1,4,0,95.1,1,Mid-size,Data Scientist,65.48,95.1,0
S2426,5.55,Information Technology,2,1,1,0,1,12.1,5.0,68.7,3,4,0,96.2,1,MNC,Software Engineer,85.55,96.2,0
S2427,5.77,Mechanical Engineering,2,0,1,1,1,65.3,6.9,78.7,0,5,0,79.9,1,MNC,Data Scientist,73.44,79.9,0
S2428,5.71,Civil Engineering,3,1,1,1,0,82.3,8.9,63.3,0,1,0,66.5,1,MNC,Analyst,76.14,66.5,0
S2429,6.27,Electrical and Electronics Engineering,3,0,1,0,0,63.5,6.2,64.1,0,2,0,36.4,0,Not placed,Not placed,,36.4,0
S2430,7.95,Mechanical Engineering,2,0,1,0,0,21.5,7.0,59.7,1,3,0,58.9,0,Not placed,Not placed,,58.9,0
S2431,5.76,Computer Science and Engineering,1,1,0,1,0,32.5,9.4,65.3,1,4,1,75.1,1,MNC,Web Developer,66.94,75.1,0
S2432,7.97,Civil Engineering,2,1,0,0,1,39.2,8.2,85.6,0,6,1,73.4,1,MNC,Software Engineer,88.84,73.4,0
S2433,7.8,Mechanical Engineering,2,0,1,0,0,49.4,8.4,53.3,3,5,0,86.0,1,Startup,Software Engineer,43.53,86.0,0
S2434,9.53,Information Technology,3,0,0,1,1,47.8,5.1,56.3,1,3,0,56.6,1,MNC,Analyst,79.07,56.6,0
S2435,8.3,Electrical and Electronics Engineering,3,1,0,1,0,68.1,9.3,41.5,2,1,0,72.0,1,MNC,Software Engineer,90.29,72.0,0
S2436,5.19,Mechanical Engineering,3,0,0,0,0,42.1,5.1,91.3,2,1,3,44.5,0,Not placed,Not placed,,44.5,0
S2437,8.3,Computer Science and Engineering,1,1,0,0,1,57.7,8.9,70.8,0,6,0,76.3,1,MNC,Web Developer,67.42,76.3,0
S2438,6.32,Civil Engineering,3,0,0,1,1,32.7,5.8,90.6,1,3,0,63.2,0,Not placed,Not placed,,63.2,0
S2439,9.51,Civil Engineering,3,0,1,0,0,93.0,4.9,47.2,0,4,0,42.1,1,Startup,Software Engineer,46.85,42.1,0
S2440,7.24,Civil Engineering,3,0,0,1,0,81.3,8.2,43.5,1,3,0,59.5,1,Startup,Analyst,43.2,59.5,0
S2441,8.3,Mechanical Engineering,1,1,0,1,0,43.2,8.6,48.9,3,5,0,100.0,1,Mid-size,Analyst,61.86,100.0,0
S2442,6.58,Mechanical Engineering,1,1,0,1,1,77.0,7.1,89.7,2,3,0,86.4,1,Top Tech,Web Developer,112.2,86.4,0
S2443,5.32,Electrical and Electronics Engineering,3,0,1,1,0,3.1,8.1,91.3,2,6,0,97.7,1,MNC,Web Developer,91.01,97.7,0
S2444,5.03,Mechanical Engineering,3,1,0,0,0,44.6,8.4,41.6,3,5,0,91.2,1,Startup,Analyst,53.18,91.2,0
S2445,8.42,Electrical and Electronics Engineering,2,1,0,0,0,68.3,4.3,70.9,1,3,2,45.5,0,Not placed,Not placed,,45.5,0
S2446,9.76,Electronics and Communication Engineering,2,1,1,0,1,18.8,9.9,50.5,1,5,1,90.1,1,Mid-size,Data Scientist,69.37,90.1,0
S2447,8.87,Computer Science and Engineering,3,0,1,0,0,72.2,9.7,55.8,2,3,0,74.9,1,Startup,Analyst,40.81,74.9,0
S2448,8.58,Civil Engineering,3,0,1,0,1,88.9,8.1,55.7,0,3,0,63.2,1,Mid-size,Analyst,58.6,63.2,0
S2449,8.63,Computer Science and Engineering,3,0,1,0,0,71.3,5.9,82.9,1,1,1,45.5,1,Startup,Web Developer,52.65,45.5,0
S2450,5.17,Mechanical Engineering,1,0,0,0,0,50.2,4.2,68.4,2,1,0,36.6,0,Not placed,Not placed,,36.6,0
S2451,8.25,Mechanical Engineering,1,1,0,0,0,51.1,5.1,61.7,2,5,1,72.3,1,Startup,Analyst,48.48,72.3,0
S2452,9.39,Civil Engineering,3,1,1,1,0,94.5,7.3,70.2,0,2,0,58.3,1,MNC,Software Engineer,73.76,58.3,0
S2453,7.9,Electronics and Communication Engineering,2,1,0,1,0,33.8,8.5,79.6,0,3,0,61.5,1,Mid-size,Software Engineer,57.72,61.5,0
S2454,5.71,Information Technology,3,1,0,0,0,74.0,4.6,52.4,3,2,1,62.9,0,Not placed,Not placed,,62.9,0
S2455,6.4,Computer Science and Engineering,2,1,1,1,1,35.1,8.2,60.2,1,4,0,98.4,1,Mid-size,Analyst,64.26,98.4,0
S2456,7.88,Information Technology,3,0,0,0,1,58.8,8.8,50.1,1,6,1,75.4,1,Startup,Analyst,39.02,75.4,0
S2457,8.63,Electronics and Communication Engineering,2,0,0,1,1,98.9,4.8,61.4,0,3,0,53.3,1,MNC,Software Engineer,71.92,53.3,0
S2458,8.58,Civil Engineering,1,1,0,1,1,20.2,9.1,98.4,0,6,0,90.5,1,MNC,Data Scientist,74.99,90.5,0
S2459,8.51,Mechanical Engineering,3,1,1,0,1,13.5,7.1,76.8,0,1,0,52.9,1,MNC,Data Scientist,74.45,52.9,0
S2460,9.8,Civil Engineering,2,0,1,0,0,94.1,4.4,59.1,1,3,0,48.1,1,Startup,Analyst,47.76,48.1,0
S2461,5.44,Information Technology,2,1,1,0,1,20.0,8.5,94.7,1,5,0,88.0,1,Mid-size,Data Scientist,48.53,88.0,0
S2462,8.61,Electrical and Electronics Engineering,1,1,0,0,1,7.5,6.5,83.8,1,6,0,79.5,1,MNC,Software Engineer,63.69,79.5,0
S2463,6.39,Electronics and Communication Engineering,1,0,0,0,0,29.3,6.4,84.7,3,6,3,80.9,1,Startup,Data Scientist,49.68,80.9,0
S2464,6.27,Mechanical Engineering,1,0,1,0,0,38.7,5.0,66.5,0,1,1,29.0,0,Not placed,Not placed,,29.0,0
S2465,6.35,Electrical and Electronics Engineering,2,1,1,0,0,12.9,5.0,72.0,1,6,0,75.0,1,Mid-size,Web Developer,63.22,75.0,0
S2466,6.16,Information Technology,3,1,1,1,1,63.7,5.5,87.0,0,2,0,63.7,1,Mid-size,Web Developer,68.62,63.7,0
S2467,6.55,Civil Engineering,3,1,0,0,1,13.9,6.7,58.7,0,6,0,71.2,1,Mid-size,Data Scientist,59.0,71.2,0
S2468,8.09,Information Technology,3,0,1,0,0,39.2,4.1,98.1,1,5,0,56.8,1,Startup,Analyst,38.6,56.8,0
S2469,5.9,Computer Science and Engineering,3,0,0,0,1,90.3,9.0,53.8,2,2,0,65.8,1,Startup,Analyst,44.18,65.8,0
S2470,9.83,Computer Science and Engineering,1,0,0,0,0,39.8,4.6,72.9,1,4,3,45.0,0,Not placed,Not placed,,45.0,0
S2471,5.44,Information Technology,2,1,1,0,0,75.0,7.4,75.1,0,2,0,49.3,1,MNC,Web Developer,72.63,49.3,0
S2472,6.63,Electrical and Electronics Engineering,2,1,1,1,0,87.7,6.3,58.5,1,2,2,66.8,1,MNC,Web Developer,83.65,66.8,0
S2473,6.28,Civil Engineering,3,1,1,0,0,72.1,5.8,92.8,0,4,0,59.2,1,Mid-size,Data Scientist,52.24,59.2,0
S2474,6.24,Electrical and Electronics Engineering,3,1,1,1,0,87.5,7.5,94.9,0,5,0,74.8,1,MNC,Web Developer,73.74,74.8,0
S2475,9.42,Electrical and Electronics Engineering,2,1,0,1,1,36.7,7.6,83.8,0,1,0,62.7,1,MNC,Data Scientist,80.64,62.7,0
S2476,6.78,Mechanical Engineering,2,1,1,0,1,1.4,9.6,89.8,3,5,0,100.0,1,MNC,Software Engineer,83.12,111.2,1
S2477,9.18,Electronics and Communication Engineering,2,1,0,0,1,80.6,6.1,70.9,2,2,0,71.4,1,MNC,Web Developer,90.77,71.4,0
S2478,9.31,Civil Engineering,2,0,0,0,0,26.4,8.3,68.5,2,1,0,53.0,1,Startup,Software Engineer,46.78,53.0,0
S2479,5.28,Computer Science and Engineering,3,0,0,0,1,43.5,4.5,91.2,3,3,0,64.3,1,Startup,Analyst,44.97,64.3,0
S2480,8.3,Electrical and Electronics Engineering,3,1,0,0,0,86.0,4.9,66.3,0,5,0,44.7,1,Startup,Analyst,43.82,44.7,0
S2481,6.08,Electronics and Communication Engineering,2,1,0,0,1,23.1,4.8,91.4,0,3,0,51.3,1,MNC,Analyst,59.93,51.3,0
S2482,6.22,Computer Science and Engineering,2,0,0,0,0,50.4,8.8,56.1,1,4,3,60.4,0,Not placed,Not placed,,60.4,0
S2483,8.39,Civil Engineering,3,1,0,0,0,28.0,8.2,92.3,0,5,1,60.4,0,Not placed,Not placed,,60.4,0
S2484,6.88,Electrical and Electronics Engineering,2,1,1,0,1,73.3,4.1,45.4,0,4,0,65.3,1,MNC,Data Scientist,80.17,65.3,0
S2485,6.75,Civil Engineering,3,1,0,0,1,50.1,8.6,91.8,0,2,1,55.9,0,Not placed,Not placed,,55.9,0
S2486,6.72,Mechanical Engineering,1,1,1,0,1,34.0,8.0,72.8,0,2,0,59.5,1,MNC,Analyst,72.47,59.5,0
S2487,5.54,Civil Engineering,3,1,1,0,0,16.4,4.4,92.8,0,3,0,47.1,1,MNC,Data Scientist,73.55,47.1,0
S2488,9.5,Electronics and Communication Engineering,3,1,1,1,1,38.5,9.6,43.3,2,6,0,100.0,1,MNC,Software Engineer,97.84,120.5,1
S2489,9.22,Civil Engineering,1,1,1,0,0,31.3,9.8,88.1,1,4,1,82.2,1,MNC,Software Engineer,85.35,82.2,0
S2490,5.17,Computer Science and Engineering,2,1,0,0,0,91.7,5.5,74.1,1,4,1,59.9,1,Startup,Software Engineer,39.54,59.9,0
S2491,7.34,Mechanical Engineering,1,1,1,1,0,46.3,5.2,55.1,1,4,2,78.0,1,MNC,Web Developer,81.09,78.0,0
S2492,7.3,Electronics and Communication Engineering,1,1,1,1,1,33.5,5.5,44.7,2,5,0,100.0,1,Mid-size,Analyst,70.71,106.2,1
S2493,6.89,Electronics and Communication Engineering,1,0,0,0,1,63.3,8.0,46.2,1,4,0,67.1,1,Startup,Software Engineer,51.21,67.1,0
S2494,6.79,Computer Science and Engineering,3,1,1,0,0,0.2,8.4,74.0,0,1,0,47.1,0,Not placed,Not placed,,47.1,0
S2495,5.66,Computer Science and Engineering,1,0,1,1,1,29.3,9.2,83.4,2,3,0,88.7,1,Mid-size,Data Scientist,59.31,88.7,0
S2496,7.75,Mechanical Engineering,3,1,0,0,0,76.9,5.6,40.1,3,1,2,62.8,1,Startup,Software Engineer,55.43,62.8,0
S2497,7.79,Civil Engineering,1,1,1,1,1,84.6,7.6,68.6,0,6,1,90.6,1,MNC,Software Engineer,73.82,90.6,0
S2498,5.01,Mechanical Engineering,1,1,1,0,1,89.6,6.6,81.5,3,6,0,100.0,1,Top Tech,Web Developer,113.35,105.3,1
S2499,6.85,Civil Engineering,3,1,1,0,1,35.0,6.4,86.9,0,2,0,61.7,0,Not placed,Not placed,,61.7,0
S2500,6.38,Mechanical Engineering,1,1,1,0,1,9.0,7.7,60.5,0,2,0,58.4,1,Mid-size,Software Engineer,62.92,58.4,0
S2501,5.69,Civil Engineering,1,1,0,1,1,41.1,4.9,94.6,2,4,0,84.2,1,MNC,Analyst,85.04,84.2,0
S2502,9.6,Electronics and Communication Engineering,2,1,0,0,0,24.4,7.8,56.9,0,2,0,38.5,1,Startup,Software Engineer,41.96,38.5,0
S2503,5.79,Civil Engineering,2,1,1,0,1,90.5,4.3,47.2,0,5,0,70.3,1,Mid-size,Analyst,70.95,70.3,0
S2504,9.22,Electrical and Electronics Engineering,3,0,0,1,1,54.8,6.2,92.0,0,2,0,44.0,1,Mid-size,Analyst,56.9,44.0,0
S2505,9.78,Electronics and Communication Engineering,1,1,1,0,0,83.6,7.0,64.4,1,3,0,62.5,1,MNC,Software Engineer,79.36,62.5,0
S2506,6.69,Electronics and Communication Engineering,1,1,1,0,0,49.4,8.7,78.7,0,4,0,64.8,1,Mid-size,Web Developer,59.1,64.8,0
S2507,6.51,Electrical and Electronics Engineering,2,1,0,0,1,34.3,4.3,60.6,1,6,0,76.5,1,Mid-size,Software Engineer,49.53,76.5,0
S2508,5.64,Electronics and Communication Engineering,2,1,1,0,1,16.9,9.9,83.0,0,3,0,70.3,1,MNC,Data Scientist,71.6,70.3,0
S2509,9.13,Electrical and Electronics Engineering,1,0,0,0,1,29.5,7.6,86.6,0,3,1,51.2,1,Startup,Web Developer,49.4,51.2,0
S2510,7.91,Information Technology,3,1,0,1,0,82.9,7.3,99.2,0,4,0,61.0,1,MNC,Web Developer,74.8,61.0,0
S2511,7.9,Information Technology,3,1,1,1,0,69.8,9.2,90.4,2,2,1,90.7,1,Mid-size,Web Developer,61.98,90.7,0
S2512,6.28,Computer Science and Engineering,1,1,1,0,1,26.3,9.7,40.8,3,6,1,100.0,1,Mid-size,Web Developer,63.13,117.5,1
S2513,9.38,Information Technology,3,0,1,0,0,68.3,4.5,92.2,1,2,0,48.1,1,Startup,Software Engineer,50.44,48.1,0
S2514,7.63,Electrical and Electronics Engineering,3,0,1,0,1,99.7,9.9,54.2,0,3,0,66.8,1,Mid-size,Analyst,59.01,66.8,0
S2515,7.25,Computer Science and Engineering,1,1,0,0,0,55.6,5.5,84.2,2,4,1,70.2,1,Startup,Software Engineer,45.09,70.2,0
S2516,7.88,Computer Science and Engineering,3,0,0,0,1,58.4,5.3,55.8,2,3,0,58.6,0,Not placed,Not placed,,58.6,0
S2517,5.14,Civil Engineering,2,1,0,1,0,79.4,5.9,53.4,3,6,0,95.5,1,MNC,Web Developer,88.61,95.5,0
S2518,5.75,Computer Science and Engineering,2,0,1,0,0,50.0,4.5,54.5,2,4,0,64.1,1,Startup,Data Scientist,47.6,64.1,0
S2519,9.66,Civil Engineering,3,1,0,0,0,58.3,8.2,52.6,2,2,0,67.6,1,Startup,Software Engineer,41.53,67.6,0
S2520,7.01,Computer Science and Engineering,3,0,1,0,0,23.0,9.0,54.9,0,3,0,54.1,0,Not placed,Not placed,,54.1,0
S2521,9.83,Electrical and Electronics Engineering,2,0,0,0,1,72.3,4.9,66.3,1,6,0,63.9,1,Startup,Data Scientist,44.44,63.9,0
S2522,5.02,Civil Engineering,2,1,1,0,0,98.9,7.9,47.6,1,4,1,76.7,1,MNC,Web Developer,70.82,76.7,0
S2523,6.53,Mechanical Engineering,1,0,0,0,0,78.7,7.0,62.4,0,2,0,26.3,1,Startup,Web Developer,40.33,26.3,0
S2524,5.92,Electrical and Electronics Engineering,2,1,0,0,0,14.0,5.1,90.9,0,4,1,45.7,0,Not placed,Not placed,,45.7,0
S2525,6.32,Electrical and Electronics Engineering,3,1,0,0,0,26.2,9.7,74.5,3,5,0,96.7,1,Startup,Software Engineer,42.2,96.7,0
S2526,7.41,Mechanical Engineering,1,0,0,0,0,25.5,6.3,74.8,2,3,0,51.3,1,Startup,Software Engineer,41.28,51.3,0
S2527,9.18,Electrical and Electronics Engineering,3,1,0,1,1,72.0,5.3,94.3,1,6,1,85.0,1,Mid-size,Web Developer,71.73,85.0,0
S2528,9.79,Computer Science and Engineering,3,1,1,0,1,1.4,4.8,65.5,0,2,1,51.8,0,Not placed,Not placed,,51.8,0
S2529,8.6,Mechanical Engineering,2,1,0,1,1,59.0,8.9,54.7,0,4,0,75.1,1,MNC,Analyst,76.84,75.1,0
S2530,6.43,Civil Engineering,2,1,0,1,0,54.5,9.8,80.0,2,1,0,75.2,1,MNC,Web Developer,88.18,75.2,0
S2531,8.67,Computer Science and Engineering,3,1,0,0,0,64.1,7.3,42.4,2,5,1,74.8,1,Startup,Software Engineer,39.71,74.8,0
S2532,6.08,Electronics and Communication Engineering,3,0,1,0,0,94.4,7.5,45.0,0,6,0,62.1,1,Startup,Analyst,37.77,62.1,0
S2533,6.6,Computer Science and Engineering,2,0,0,1,0,11.1,9.7,77.3,0,2,0,50.1,0,Not placed,Not placed,,50.1,0
S2534,5.98,Electronics and Communication Engineering,3,1,1,0,0,86.2,9.9,91.3,0,3,0,60.2,1,MNC,Data Scientist,83.86,60.2,0
S2535,6.99,Information Technology,3,1,0,0,0,43.6,8.7,48.5,3,5,2,91.6,1,Startup,Software Engineer,46.34,91.6,0
S2536,8.39,Electrical and Electronics Engineering,3,1,0,0,1,29.8,5.3,52.9,0,1,1,38.1,0,Not placed,Not placed,,38.1,0
S2537,7.94,Information Technology,2,0,1,0,0,22.6,4.2,50.4,0,5,0,43.0,0,Not placed,Not placed,,43.0,0
S2538,7.43,Civil Engineering,2,1,1,0,1,91.7,5.9,77.0,1,6,0,92.3,1,MNC,Software Engineer,92.55,92.3,0
S2539,8.66,Civil Engineering,3,1,1,0,0,46.7,6.4,77.2,1,1,1,49.7,0,Not placed,Not placed,,49.7,0
S2540,9.81,Electronics and Communication Engineering,2,0,1,0,0,71.7,7.9,64.9,3,1,0,69.8,1,Startup,Software Engineer,47.25,69.8,0
S2541,8.32,Civil Engineering,2,1,0,0,1,47.6,5.8,89.9,2,4,0,78.5,1,Mid-size,Data Scientist,68.0,78.5,0
S2542,5.87,Information Technology,1,0,1,0,0,38.6,5.0,70.5,1,6,1,66.8,1,Startup,Data Scientist,46.15,66.8,0
S2543,7.46,Computer Science and Engineering,3,1,1,0,0,52.2,4.2,83.4,0,4,2,55.3,0,Not placed,Not placed,,55.3,0
S2544,6.2,Mechanical Engineering,1,1,1,0,0,24.3,7.5,64.0,2,2,1,70.3,1,MNC,Web Developer,87.11,70.3,0
S2545,7.24,Electrical and Electronics Engineering,1,1,1,0,0,8.8,4.6,91.1,0,2,0,41.0,1,MNC,Analyst,65.72,41.0,0
S2546,6.14,Electrical and Electronics Engineering,3,1,0,0,1,43.0,9.2,77.9,3,3,0,88.2,1,Mid-size,Web Developer,60.08,88.2,0
S2547,5.1,Computer Science and Engineering,1,1,1,0,0,42.1,8.2,91.6,0,4,1,60.0,1,MNC,Analyst,83.9,60.0,0
S2548,7.96,Computer Science and Engineering,2,1,0,0,1,69.1,9.0,71.2,0,2,0,55.4,1,MNC,Software Engineer,63.93,55.4,0
S2549,8.76,Electrical and Electronics Engineering,1,1,0,0,0,79.8,9.0,73.6,0,6,0,66.8,1,Startup,Data Scientist,42.05,66.8,0
S2550,7.85,Civil Engineering,3,1,0,1,0,11.3,4.8,53.3,1,2,1,54.7,0,Not placed,Not placed,,54.7,0
S2551,8.64,Mechanical Engineering,2,0,0,0,0,90.9,6.9,55.5,1,3,2,41.9,1,Startup,Data Scientist,46.46,41.9,0
S2552,8.9,Civil Engineering,3,0,1,0,0,10.5,4.8,76.9,0,5,0,53.4,0,Not placed,Not placed,,53.4,0
S2553,9.93,Information Technology,1,0,1,0,1,38.6,7.7,58.6,0,1,0,44.5,1,Mid-size,Software Engineer,52.65,44.5,0
S2554,6.36,Civil Engineering,1,1,1,0,0,65.3,5.8,70.8,1,2,0,61.6,1,Mid-size,Web Developer,60.0,61.6,0
S2555,6.8,Civil Engineering,1,1,1,0,1,36.4,4.5,88.5,0,1,0,49.4,1,Mid-size,Web Developer,62.77,49.4,0
S2556,9.72,Mechanical Engineering,1,1,1,0,0,57.3,5.9,99.1,0,5,0,61.0,1,Mid-size,Data Scientist,55.62,61.0,0
S2557,5.7,Civil Engineering,3,1,1,1,0,45.7,5.3,50.1,0,6,2,77.0,0,Not placed,Not placed,,77.0,0
S2558,7.82,Information Technology,1,1,1,0,1,98.1,5.4,93.7,2,6,0,100.0,1,Top Tech,Data Scientist,100.25,100.8,1
S2559,8.01,Civil Engineering,1,1,0,0,0,51.9,5.5,48.7,0,4,0,42.8,1,Startup,Analyst,35.32,42.8,0
S2560,9.18,Computer Science and Engineering,2,1,0,0,1,98.9,4.3,73.2,0,6,0,58.9,1,Mid-size,Data Scientist,70.52,58.9,0
S2561,6.44,Mechanical Engineering,1,0,0,0,1,71.2,9.4,61.3,1,2,0,55.4,1,Startup,Software Engineer,48.03,55.4,0
S2562,5.59,Computer Science and Engineering,2,0,0,0,0,51.6,6.4,86.4,2,1,0,48.9,0,Not placed,Not placed,,48.9,0
S2563,9.22,Mechanical Engineering,3,1,1,0,0,41.2,7.6,92.1,2,1,2,71.6,0,Not placed,Not placed,,71.6,0
S2564,7.45,Information Technology,1,0,1,0,0,29.2,9.9,76.9,1,5,0,77.8,1,Startup,Data Scientist,47.11,77.8,0
S2565,6.7,Electrical and Electronics Engineering,2,1,1,0,0,20.3,6.1,93.1,2,4,0,77.5,1,MNC,Web Developer,84.11,77.5,0
S2566,5.32,Electronics and Communication Engineering,1,1,0,0,0,20.5,8.9,84.5,3,5,1,95.0,1,Startup,Data Scientist,44.23,95.0,0
S2567,6.01,Electronics and Communication Engineering,1,0,1,0,0,0.9,5.7,40.8,1,2,0,45.9,1,Startup,Software Engineer,37.69,45.9,0
S2568,5.05,Mechanical Engineering,1,1,0,0,0,7.2,6.4,58.9,2,1,0,53.6,0,Not placed,Not placed,,53.6,0
S2569,7.38,Electronics and Communication Engineering,1,1,0,0,1,15.8,6.6,97.9,2,3,3,72.2,0,Not placed,Not placed,,72.2,0
S2570,9.89,Computer Science and Engineering,2,0,1,0,1,39.7,7.0,42.6,0,4,0,63.5,1,MNC,Data Scientist,82.73,63.5,0
S2571,8.4,Electrical and Electronics Engineering,1,0,0,0,0,99.2,6.5,95.7,0,2,0,28.0,1,Startup,Analyst,44.24,28.0,0
S2572,7.16,Mechanical Engineering,1,1,0,1,1,39.7,5.7,76.8,3,1,0,86.3,1,MNC,Web Developer,79.49,86.3,0
S2573,9.52,Information Technology,3,1,0,0,1,15.8,7.3,75.3,2,3,0,74.2,1,Mid-size,Software Engineer,71.4,74.2,0
S2574,6.54,Information Technology,1,1,1,1,0,27.0,8.2,95.7,2,3,0,90.6,1,MNC,Web Developer,81.09,90.6,0
S2575,7.6,Information Technology,1,1,1,1,1,44.0,8.5,70.8,3,3,0,100.0,1,MNC,Web Developer,74.24,109.0,1
S2576,5.38,Computer Science and Engineering,1,1,0,1,0,5.9,5.8,77.0,0,2,2,45.9,0,Not placed,Not placed,,45.9,0
S2577,9.1,Computer Science and Engineering,1,0,0,0,1,93.3,5.3,73.2,0,2,0,40.2,1,Startup,Software Engineer,40.25,40.2,0
S2578,7.21,Civil Engineering,3,1,0,1,0,85.8,5.0,85.4,3,1,0,67.3,1,Mid-size,Analyst,56.88,67.3,0
S2579,9.8,Electrical and Electronics Engineering,3,0,0,1,0,53.5,8.5,52.6,3,3,0,76.1,1,Startup,Web Developer,45.42,76.1,0
S2580,6.01,Civil Engineering,1,0,1,0,0,43.6,6.8,86.7,0,3,0,50.3,1,Startup,Data Scientist,40.36,50.3,0
S2581,9.78,Information Technology,3,1,0,0,0,67.6,7.4,91.0,2,6,0,84.6,1,Startup,Analyst,54.77,84.6,0
S2582,6.18,Mechanical Engineering,2,1,1,0,0,9.8,5.0,43.7,1,1,0,45.6,0,Not placed,Not placed,,45.6,0
S2583,5.4,Electrical and Electronics Engineering,1,0,0,0,0,28.5,4.9,66.4,1,5,0,47.0,1,Startup,Data Scientist,37.7,47.0,0
S2584,6.94,Mechanical Engineering,3,1,1,1,0,93.9,7.4,99.6,1,5,1,90.4,1,Mid-size,Software Engineer,67.01,90.4,0
S2585,9.1,Mechanical Engineering,1,0,0,1,1,31.8,7.8,86.2,0,3,0,58.7,1,Mid-size,Web Developer,67.13,58.7,0
S2586,7.17,Mechanical Engineering,1,0,1,0,1,78.0,4.9,76.1,1,4,0,69.5,1,Mid-size,Analyst,60.22,69.5,0
S2587,9.66,Electronics and Communication Engineering,2,1,0,0,1,98.7,5.5,83.3,1,6,1,74.1,1,MNC,Software Engineer,92.13,74.1,0
S2588,6.18,Mechanical Engineering,1,1,0,0,1,38.3,6.8,91.3,0,1,0,44.5,1,Mid-size,Data Scientist,63.67,44.5,0
S2589,6.51,Computer Science and Engineering,3,0,1,0,0,80.3,7.1,47.2,1,2,0,53.5,1,Startup,Software Engineer,44.28,53.5,0
S2590,9.94,Mechanical Engineering,2,0,0,1,0,65.1,6.6,62.6,0,2,0,43.1,1,Startup,Data Scientist,43.74,43.1,0
S2591,7.52,Electrical and Electronics Engineering,3,1,0,0,1,21.7,6.3,71.9,3,2,0,77.2,1,MNC,Data Scientist,83.46,77.2,0
S2592,5.97,Electronics and Communication Engineering,1,1,0,0,0,92.7,10.0,78.9,1,5,1,76.8,1,Startup,Data Scientist,52.38,76.8,0
S2593,9.57,Computer Science and Engineering,1,0,1,1,0,32.7,6.5,87.7,1,6,0,76.4,1,MNC,Web Developer,76.48,76.4,0
S2594,5.37,Electrical and Electronics Engineering,1,1,1,0,0,26.0,6.9,79.6,0,1,1,47.7,0,Not placed,Not placed,,47.7,0
S2595,8.92,Information Technology,3,1,1,1,1,59.5,9.4,76.0,1,5,0,100.0,1,MNC,Software Engineer,84.2,101.9,1
S2596,9.77,Computer Science and Engineering,3,1,0,1,1,55.3,5.1,42.4,1,5,1,75.3,1,Mid-size,Analyst,64.53,75.3,0
S2597,5.84,Electronics and Communication Engineering,1,1,0,0,0,47.4,7.7,90.3,1,1,1,47.0,1,Startup,Web Developer,44.68,47.0,0
S2598,7.33,Electronics and Communication Engineering,2,1,1,0,1,6.7,4.4,66.3,1,5,0,81.7,1,MNC,Web Developer,77.93,81.7,0
S2599,5.61,Computer Science and Engineering,1,0,0,0,0,11.5,9.6,91.3,3,1,0,59.4,1,Startup,Software Engineer,44.92,59.4,0
S2600,9.98,Mechanical Engineering,1,1,1,0,1,9.8,9.6,60.9,0,2,1,64.2,1,MNC,Data Scientist,93.91,64.2,0
S2601,6.55,Computer Science and Engineering,2,1,0,1,0,14.8,8.5,67.5,0,2,0,55.4,1,MNC,Software Engineer,78.23,55.4,0
S2602,8.07,Computer Science and Engineering,1,1,1,0,0,33.6,8.2,65.5,1,3,0,71.4,1,MNC,Web Developer,72.59,71.4,0
S2603,6.67,Mechanical Engineering,3,1,0,0,0,79.6,7.8,51.4,0,5,1,56.1,0,Not placed,Not placed,,56.1,0
S2604,8.62,Electronics and Communication Engineering,2,1,0,1,0,38.5,5.5,72.6,2,6,0,90.8,1,MNC,Data Scientist,68.6,90.8,0
S2605,6.42,Civil Engineering,3,0,0,1,1,11.4,9.3,81.0,0,2,2,56.3,0,Not placed,Not placed,,56.3,0
S2606,8.24,Electronics and Communication Engineering,1,0,1,0,1,28.8,5.7,43.5,0,6,0,65.2,1,Mid-size,Software Engineer,61.24,65.2,0
S2607,6.96,Electronics and Communication Engineering,1,1,1,1,0,82.3,4.3,57.1,1,4,0,75.4,1,Top Tech,Software Engineer,117.96,75.4,0
S2608,6.22,Information Technology,3,1,1,0,1,95.6,7.1,96.4,1,6,0,95.6,1,MNC,Web Developer,78.39,95.6,0
S2609,9.32,Information Technology,2,1,1,0,0,22.6,5.8,46.1,1,6,1,74.0,1,MNC,Data Scientist,86.51,74.0,0
S2610,5.63,Computer Science and Engineering,2,0,0,0,0,41.6,6.8,48.7,1,5,0,59.6,1,Startup,Web Developer,40.75,59.6,0
S2611,5.41,Computer Science and Engineering,2,1,1,0,1,57.9,8.2,95.5,1,2,2,74.1,1,Mid-size,Data Scientist,64.15,74.1,0
S2612,8.69,Information Technology,3,1,1,0,1,95.2,6.5,81.9,1,3,0,72.7,1,Mid-size,Web Developer,75.75,72.7,0
S2613,5.31,Information Technology,2,1,0,0,0,59.2,4.3,66.6,1,3,1,44.5,0,Not placed,Not placed,,44.5,0
S2614,5.78,Electronics and Communication Engineering,1,0,1,0,1,42.8,7.8,95.7,2,6,1,98.3,1,Mid-size,Web Developer,67.8,98.3,0
S2615,8.05,Civil Engineering,1,1,1,1,1,42.2,4.2,46.8,3,6,0,100.0,1,Mid-size,Analyst,72.81,112.1,1
S2616,5.45,Electronics and Communication Engineering,1,1,0,0,0,78.1,5.0,58.7,0,5,0,52.7,1,Startup,Analyst,38.89,52.7,0
S2617,7.97,Information Technology,1,1,0,1,0,61.0,4.6,52.3,2,6,0,85.8,1,MNC,Software Engineer,91.15,85.8,0
S2618,8.82,Electronics and Communication Engineering,1,1,0,0,0,28.8,4.2,41.0,1,6,0,66.8,1,Startup,Software Engineer,41.77,66.8,0
S2619,9.42,Electrical and Electronics Engineering,2,0,0,0,0,28.9,5.5,56.1,0,6,0,48.7,1,Startup,Web Developer,47.59,48.7,0
S2620,7.42,Information Technology,2,1,1,0,0,96.5,6.6,40.1,2,6,0,88.0,1,Mid-size,Data Scientist,73.87,88.0,0
S2621,6.66,Electronics and Communication Engineering,3,1,0,0,0,58.2,9.1,91.8,1,5,3,77.0,1,Startup,Data Scientist,41.81,77.0,0
S2622,7.2,Civil Engineering,3,1,0,0,0,80.2,8.1,61.2,1,6,0,70.0,1,Startup,Data Scientist,43.37,70.0,0
S2623,8.57,Mechanical Engineering,3,1,1,0,0,19.7,7.4,66.8,1,2,0,59.7,1,Mid-size,Data Scientist,60.45,59.7,0
S2624,7.99,Computer Science and Engineering,2,1,0,0,1,61.1,4.5,80.0,1,3,1,55.1,1,MNC,Web Developer,79.36,55.1,0
S2625,7.38,Information Technology,3,1,1,1,1,7.7,7.6,76.8,1,6,0,100.0,1,Mid-size,Web Developer,64.23,107.7,1
S2626,6.33,Electrical and Electronics Engineering,2,1,0,0,0,55.8,4.6,83.1,3,3,1,64.2,1,Startup,Software Engineer,48.49,64.2,0
S2627,8.59,Civil Engineering,2,1,0,0,1,39.9,6.9,76.3,3,4,1,92.2,1,Mid-size,Data Scientist,56.36,92.2,0
S2628,7.54,Information Technology,2,1,1,1,0,44.9,6.8,59.5,2,1,1,75.7,1,Mid-size,Web Developer,61.85,75.7,0
S2629,5.08,Mechanical Engineering,1,1,0,0,1,65.8,4.2,96.9,1,5,0,69.1,1,Mid-size,Data Scientist,48.14,69.1,0
S2630,6.54,Mechanical Engineering,1,1,1,0,0,54.2,7.9,70.8,1,1,0,55.6,1,Mid-size,Web Developer,49.84,55.6,0
S2631,8.83,Computer Science and Engineering,1,0,0,1,0,37.1,8.2,89.0,2,1,0,63.8,1,Startup,Web Developer,42.4,63.8,0
S2632,7.32,Civil Engineering,3,0,0,0,1,37.9,5.8,45.4,0,4,2,50.3,0,Not placed,Not placed,,50.3,0
S2633,9.3,Computer Science and Engineering,2,1,0,0,0,38.2,7.9,64.1,1,2,0,56.7,1,Startup,Web Developer,50.33,56.7,0
S2634,9.01,Electrical and Electronics Engineering,3,1,1,0,1,84.6,6.4,53.7,3,5,0,100.0,1,Mid-size,Software Engineer,74.79,108.7,1
S2635,7.14,Electrical and Electronics Engineering,2,1,1,0,0,55.3,7.4,93.9,2,6,0,87.4,1,Mid-size,Data Scientist,56.83,87.4,0
S2636,7.33,Computer Science and Engineering,3,0,0,0,0,12.4,4.1,91.6,0,4,0,33.9,0,Not placed,Not placed,,33.9,0
S2637,6.91,Computer Science and Engineering,3,0,0,0,1,27.1,5.1,53.2,2,1,0,51.0,0,Not placed,Not placed,,51.0,0
S2638,8.99,Civil Engineering,2,1,1,0,0,82.3,9.2,48.3,1,3,1,72.5,1,MNC,Data Scientist,72.1,72.5,0
S2639,6.45,Information Technology,2,1,1,0,1,14.4,8.4,57.6,0,5,3,83.0,1,MNC,Analyst,82.03,83.0,0
S2640,7.93,Information Technology,3,1,1,0,0,3.7,4.2,79.5,3,3,2,80.6,0,Not placed,Not placed,,80.6,0
S2641,7.77,Computer Science and Engineering,1,1,1,0,0,10.6,5.5,70.8,3,5,0,89.0,1,Mid-size,Web Developer,51.96,89.0,0
S2642,5.09,Civil Engineering,2,1,1,0,0,85.2,8.0,86.9,0,4,0,60.5,1,MNC,Data Scientist,82.31,60.5,0
S2643,6.83,Civil Engineering,2,1,1,1,1,68.8,9.5,82.9,3,3,0,100.0,1,MNC,Software Engineer,85.94,116.5,1
S2644,8.91,Electrical and Electronics Engineering,2,1,1,1,1,56.9,9.3,49.5,0,1,0,76.5,1,MNC,Data Scientist,83.88,76.5,0
S2645,5.07,Civil Engineering,2,0,1,1,1,26.1,7.1,98.5,1,5,0,91.0,1,Mid-size,Data Scientist,54.22,91.0,0
S2646,6.78,Electronics and Communication Engineering,3,0,1,0,0,93.2,5.2,84.7,1,5,0,59.5,1,Startup,Web Developer,47.85,59.5,0
S2647,5.97,Civil Engineering,3,1,1,0,1,13.3,5.9,54.3,0,6,1,78.3,1,Mid-size,Software Engineer,51.31,78.3,0
S2648,8.17,Civil Engineering,1,1,1,1,1,58.2,9.4,62.6,1,6,0,100.0,1,Mid-size,Web Developer,58.39,104.4,1
S2649,9.69,Civil Engineering,2,1,0,1,0,46.3,8.2,89.2,0,4,0,66.1,1,MNC,Software Engineer,89.96,66.1,0
S2650,6.28,Electronics and Communication Engineering,2,1,0,0,0,24.2,6.3,95.7,0,2,1,36.9,0,Not placed,Not placed,,36.9,0
S2651,7.16,Electronics and Communication Engineering,3,0,1,0,0,35.6,6.7,80.8,1,6,0,68.8,1,Startup,Data Scientist,49.64,68.8,0
S2652,5.36,Civil Engineering,1,1,0,0,0,70.4,4.5,97.2,0,6,0,57.2,1,Startup,Analyst,44.87,57.2,0
S2653,5.5,Civil Engineering,1,1,0,1,0,23.5,5.8,71.0,2,6,0,92.1,1,MNC,Analyst,83.74,92.1,0
S2654,8.98,Computer Science and Engineering,1,1,0,0,0,47.6,6.1,74.7,2,1,0,51.4,1,Startup,Web Developer,44.06,51.4,0
S2655,9.39,Electronics and Communication Engineering,2,1,0,0,0,29.7,4.9,92.4,1,6,0,68.1,1,Startup,Software Engineer,40.8,68.1,0
S2656,9.76,Electronics and Communication Engineering,2,0,1,0,1,48.2,9.6,88.0,0,2,0,56.5,1,Mid-size,Data Scientist,52.72,56.5,0
S2657,6.82,Civil Engineering,3,1,1,1,1,59.9,4.9,44.4,1,6,1,92.9,1,MNC,Software Engineer,96.48,92.9,0
S2658,5.17,Mechanical Engineering,3,1,1,0,0,59.5,7.2,79.4,1,4,1,73.2,1,Mid-size,Data Scientist,51.56,73.2,0
S2659,6.87,Information Technology,2,1,1,0,1,90.5,6.8,68.3,0,2,0,59.3,1,MNC,Data Scientist,70.38,59.3,0
S2660,7.31,Mechanical Engineering,1,1,0,0,0,29.6,7.8,55.4,2,2,2,62.1,0,Not placed,Not placed,,62.1,0
S2661,8.79,Civil Engineering,2,1,1,1,0,41.1,5.2,91.6,0,5,0,75.5,1,MNC,Data Scientist,68.63,75.5,0
S2662,5.48,Civil Engineering,1,0,1,1,1,74.4,6.3,91.9,2,6,0,100.0,1,MNC,Analyst,90.31,102.2,1
S2663,7.58,Electronics and Communication Engineering,2,1,1,1,0,34.8,9.9,54.6,2,2,0,87.1,1,MNC,Web Developer,93.2,87.1,0
S2664,6.37,Electronics and Communication Engineering,1,1,1,0,1,7.1,4.1,96.3,0,6,0,69.7,1,MNC,Software Engineer,79.63,69.7,0
S2665,6.02,Electronics and Communication Engineering,2,1,0,0,1,63.6,6.7,55.0,2,6,0,94.5,1,MNC,Web Developer,96.41,94.5,0
S2666,9.43,Electrical and Electronics Engineering,3,1,1,0,0,54.6,9.2,45.8,1,6,2,84.0,1,MNC,Software Engineer,79.11,84.0,0
S2667,6.73,Electrical and Electronics Engineering,3,0,0,0,0,87.5,4.1,81.6,2,1,2,38.9,0,Not placed,Not placed,,38.9,0
S2668,6.89,Mechanical Engineering,3,0,1,0,0,2.8,9.7,87.1,0,4,0,60.9,0,Not placed,Not placed,,60.9,0
S2669,8.88,Mechanical Engineering,2,0,1,0,0,3.6,9.5,76.3,1,2,0,58.6,1,Startup,Web Developer,39.84,58.6,0
S2670,6.93,Mechanical Engineering,2,0,0,1,1,64.3,5.5,54.4,0,3,1,51.4,1,MNC,Software Engineer,68.16,51.4,0
S2671,9.49,Information Technology,2,1,1,0,0,32.9,4.8,86.4,3,5,0,89.8,1,MNC,Software Engineer,68.22,89.8,0
S2672,6.76,Computer Science and Engineering,2,1,0,1,0,9.5,8.1,85.3,3,6,0,100.0,1,MNC,Data Scientist,81.34,107.8,1
S2673,5.34,Electronics and Communication Engineering,1,0,1,0,0,33.2,8.9,98.1,0,2,0,47.0,1,Startup,Software Engineer,42.96,47.0,0
S2674,6.16,Information Technology,2,1,1,0,1,41.5,7.2,62.4,1,4,0,79.6,1,MNC,Software Engineer,73.84,79.6,0
S2675,6.78,Civil Engineering,1,0,0,1,1,68.2,7.0,95.3,1,6,0,83.9,1,MNC,Web Developer,77.5,83.9,0
S2676,6.77,Information Technology,1,0,1,0,1,77.3,7.5,49.3,1,5,0,80.8,1,MNC,Software Engineer,87.57,80.8,0
S2677,7.97,Electronics and Communication Engineering,2,1,0,1,1,46.5,6.7,70.1,2,1,0,76.1,1,MNC,Data Scientist,66.63,76.1,0
S2678,7.59,Electrical and Electronics Engineering,2,0,0,0,1,54.2,5.1,41.0,1,4,0,53.3,1,Startup,Web Developer,44.67,53.3,0
S2679,8.75,Electrical and Electronics Engineering,3,1,1,0,0,42.7,9.8,92.9,1,3,0,75.6,1,Mid-size,Software Engineer,52.93,75.6,0
S2680,9.58,Electronics and Communication Engineering,1,1,0,1,0,49.0,6.5,83.5,0,1,0,46.7,1,MNC,Software Engineer,71.16,46.7,0
S2681,5.3,Computer Science and Engineering,1,1,0,0,1,48.8,7.6,83.9,1,5,0,80.8,1,Mid-size,Analyst,66.6,80.8,0
S2682,9.89,Electrical and Electronics Engineering,3,1,1,0,0,1.1,4.3,80.3,3,2,2,75.3,0,Not placed,Not placed,,75.3,0
S2683,7.08,Electronics and Communication Engineering,3,1,1,0,0,47.2,9.8,98.3,0,2,0,55.0,1,Mid-size,Analyst,47.79,55.0,0
S2684,9.85,Electrical and Electronics Engineering,3,0,0,1,1,97.9,6.9,45.2,2,3,1,80.3,1,MNC,Web Developer,70.26,80.3,0
S2685,8.38,Electrical and Electronics Engineering,2,1,0,1,0,30.8,7.1,66.5,3,5,0,97.0,1,MNC,Data Scientist,76.86,97.0,0
S2686,5.24,Electronics and Communication Engineering,1,1,0,0,0,88.6,4.8,96.3,2,6,0,72.0,1,Startup,Analyst,44.32,72.0,0
S2687,7.04,Information Technology,2,0,1,0,1,19.6,8.9,64.9,0,4,0,64.0,1,Mid-size,Analyst,67.29,64.0,0
S2688,7.58,Electronics and Communication Engineering,1,1,1,0,0,25.0,10.0,84.9,0,4,2,68.3,1,Mid-size,Data Scientist,65.06,68.3,0
S2689,7.8,Electronics and Communication Engineering,2,1,1,0,0,1.8,6.6,56.4,2,2,0,65.4,1,MNC,Web Developer,77.61,65.4,0
S2690,6.87,Information Technology,3,0,0,1,1,55.6,5.4,94.7,3,5,0,89.3,1,Mid-size,Data Scientist,66.61,89.3,0
S2691,7.29,Civil Engineering,3,0,1,0,1,39.2,4.8,56.3,0,3,0,51.2,0,Not placed,Not placed,,51.2,0
S2692,7.82,Electronics and Communication Engineering,1,1,1,1,0,54.1,4.7,90.5,2,1,0,67.2,1,Mid-size,Data Scientist,73.46,67.2,0
S2693,9.22,Civil Engineering,3,1,0,0,0,11.2,8.4,44.2,1,3,0,58.3,1,Startup,Data Scientist,44.72,58.3,0
S2694,9.73,Information Technology,1,1,0,0,1,20.0,4.5,58.7,2,2,0,66.3,1,Mid-size,Software Engineer,53.26,66.3,0
S2695,8.69,Computer Science and Engineering,2,1,1,1,1,98.6,7.9,45.5,0,5,0,89.3,1,MNC,Data Scientist,96.16,89.3,0
S2696,6.37,Electrical and Electronics Engineering,2,0,1,1,1,83.1,8.9,95.9,1,3,0,79.3,1,MNC,Analyst,96.05,79.3,0
S2697,5.54,Information Technology,1,1,0,0,1,88.6,8.2,96.0,3,2,0,89.6,1,MNC,Software Engineer,72.84,89.6,0
S2698,6.52,Civil Engineering,2,0,1,0,0,94.3,8.1,93.6,0,5,0,63.0,1,Startup,Analyst,46.12,63.0,0
S2699,9.55,Information Technology,2,0,1,0,0,75.0,5.0,85.8,0,4,0,41.5,1,Startup,Web Developer,42.62,41.5,0
S2700,9.04,Mechanical Engineering,1,1,0,1,0,85.9,7.0,52.5,1,3,0,66.0,1,MNC,Analyst,85.5,66.0,0
S2701,5.59,Computer Science and Engineering,1,1,0,0,0,74.3,5.0,81.4,2,4,0,67.7,1,Startup,Web Developer,47.79,67.7,0
S2702,8.07,Electrical and Electronics Engineering,1,0,1,1,0,78.1,9.5,54.6,1,4,2,79.4,1,MNC,Web Developer,93.16,79.4,0
S2703,5.85,Electronics and Communication Engineering,1,1,1,0,0,16.6,7.9,54.3,1,3,0,65.2,1,Mid-size,Software Engineer,57.38,65.2,0
S2704,9.23,Civil Engineering,3,1,0,0,1,7.2,9.7,66.0,1,3,0,71.6,1,MNC,Analyst,80.52,71.6,0
S2705,5.13,Civil Engineering,3,1,0,0,0,38.2,6.5,94.2,2,1,0,56.4,1,Startup,Analyst,50.15,56.4,0
S2706,9.05,Electrical and Electronics Engineering,2,0,1,1,1,92.5,7.1,79.3,0,5,0,77.3,1,MNC,Data Scientist,78.58,77.3,0
S2707,9.01,Mechanical Engineering,3,1,1,0,1,72.5,4.2,47.1,0,6,3,75.1,0,Not placed,Not placed,,75.1,0
S2708,9.73,Electrical and Electronics Engineering,2,1,0,0,1,91.8,6.1,67.7,2,4,0,78.6,1,MNC,Software Engineer,77.82,78.6,0
S2709,5.69,Civil Engineering,2,0,1,0,1,80.9,9.4,58.3,1,5,0,81.5,1,MNC,Software Engineer,76.73,81.5,0
S2710,5.68,Information Technology,3,1,1,0,0,3.5,5.6,51.4,1,3,0,57.9,0,Not placed,Not placed,,57.9,0
S2711,5.8,Mechanical Engineering,1,1,1,1,0,30.9,5.5,86.9,1,6,0,83.8,1,MNC,Analyst,86.62,83.8,0
S2712,8.52,Computer Science and Engineering,2,1,0,1,0,58.3,6.7,44.9,1,1,0,55.7,1,MNC,Data Scientist,86.4,55.7,0
S2713,8.97,Electrical and Electronics Engineering,2,1,1,1,0,41.0,7.2,72.5,2,4,0,94.0,1,Mid-size,Software Engineer,67.99,94.0,0
S2714,6.01,Electronics and Communication Engineering,1,0,1,1,0,25.0,6.3,51.0,1,5,1,78.9,1,Mid-size,Data Scientist,68.48,78.9,0
S2715,8.34,Mechanical Engineering,3,0,1,0,0,89.3,9.2,58.7,1,6,0,79.8,1,Startup,Data Scientist,39.4,79.8,0
S2716,6.07,Electronics and Communication Engineering,1,1,0,0,1,9.0,9.7,91.4,2,4,0,91.4,1,Mid-size,Software Engineer,50.47,91.4,0
S2717,8.88,Computer Science and Engineering,3,1,1,0,1,1.9,8.2,95.0,1,3,0,83.9,1,Mid-size,Web Developer,71.73,83.9,0
S2718,7.54,Civil Engineering,3,0,0,1,0,91.8,8.0,65.3,1,6,1,73.8,1,Startup,Software Engineer,46.44,73.8,0
S2719,7.07,Mechanical Engineering,2,1,0,1,1,54.1,6.4,84.5,1,2,0,72.5,1,MNC,Data Scientist,91.53,72.5,0
S2720,6.26,Electrical and Electronics Engineering,2,0,0,0,1,99.6,4.3,86.7,0,3,0,41.6,1,Startup,Software Engineer,39.83,41.6,0
S2721,9.53,Civil Engineering,2,0,0,1,0,93.3,9.6,67.7,1,2,0,54.8,1,Startup,Web Developer,43.0,54.8,0
S2722,5.93,Information Technology,3,0,1,0,0,75.1,4.3,52.2,0,4,0,45.8,0,Not placed,Not placed,,45.8,0
S2723,9.87,Electrical and Electronics Engineering,2,0,1,0,0,51.9,6.0,59.5,1,4,0,55.8,1,Startup,Web Developer,46.11,55.8,0
S2724,8.05,Electronics and Communication Engineering,1,0,0,1,1,51.1,6.3,69.0,0,6,0,68.8,1,MNC,Analyst,73.29,68.8,0
S2725,9.11,Electronics and Communication Engineering,2,1,1,0,1,53.8,7.5,93.8,3,3,0,100.0,1,MNC,Analyst,80.27,101.7,1
S2726,9.07,Electrical and Electronics Engineering,3,1,1,0,1,12.3,4.6,75.0,0,5,0,67.9,1,MNC,Software Engineer,77.25,67.9,0
S2727,5.76,Information Technology,3,1,0,0,0,57.4,4.9,85.3,1,2,0,41.2,1,Startup,Web Developer,42.53,41.2,0
S2728,6.78,Civil Engineering,2,0,0,0,0,89.7,8.8,41.7,2,4,0,68.9,1,Startup,Web Developer,41.5,68.9,0
S2729,7.43,Electronics and Communication Engineering,1,0,1,0,0,0.2,8.9,69.6,1,2,0,55.2,1,Startup,Web Developer,42.57,55.2,0
S2730,5.58,Civil Engineering,2,1,1,0,0,26.1,7.9,96.7,1,1,0,59.6,1,Mid-size,Data Scientist,50.07,59.6,0
S2731,5.87,Mechanical Engineering,3,1,1,1,1,10.4,5.8,70.4,0,1,1,64.9,0,Not placed,Not placed,,64.9,0
S2732,8.83,Computer Science and Engineering,1,1,0,0,0,21.8,5.5,96.5,1,6,0,66.1,1,Startup,Data Scientist,40.74,66.1,0
S2733,7.37,Electronics and Communication Engineering,2,1,1,0,1,93.1,7.5,58.0,2,1,0,74.0,1,MNC,Analyst,86.01,74.0,0
S2734,8.3,Computer Science and Engineering,3,1,0,1,0,27.8,7.9,86.2,3,5,0,98.7,1,MNC,Web Developer,97.86,98.7,0
S2735,6.46,Computer Science and Engineering,1,1,0,0,0,90.3,6.8,65.1,1,1,0,41.6,1,Startup,Web Developer,47.88,41.6,0
S2736,9.39,Civil Engineering,2,1,0,0,0,2.8,6.4,87.1,1,4,0,60.3,1,Startup,Web Developer,43.52,60.3,0
S2737,6.74,Information Technology,3,0,0,0,0,77.8,5.3,96.8,1,5,2,50.5,0,Not placed,Not placed,,50.5,0
S2738,5.93,Electrical and Electronics Engineering,3,0,1,0,0,69.4,4.0,90.3,0,6,0,47.7,1,Startup,Data Scientist,37.95,47.7,0
S2739,6.53,Information Technology,1,1,1,0,0,29.6,8.0,73.0,3,6,0,100.0,1,MNC,Web Developer,75.63,100.2,1
S2740,5.27,Electronics and Communication Engineering,3,1,1,0,0,87.1,9.8,72.9,0,4,1,68.5,1,MNC,Web Developer,80.71,68.5,0
S2741,9.53,Computer Science and Engineering,2,1,0,1,0,0.7,8.6,50.7,0,2,0,57.6,1,MNC,Analyst,83.5,57.6,0
S2742,7.31,Electrical and Electronics Engineering,3,1,0,0,1,85.3,4.8,95.8,0,6,0,61.3,1,Mid-size,Web Developer,68.62,61.3,0
S2743,7.7,Information Technology,1,1,0,0,0,75.3,8.9,57.0,2,1,0,66.1,1,Startup,Software Engineer,49.44,66.1,0
S2744,8.81,Information Technology,2,1,0,0,1,84.7,6.7,79.9,2,3,0,79.7,1,Mid-size,Analyst,62.78,79.7,0
S2745,6.47,Civil Engineering,3,0,1,0,0,85.2,6.7,96.9,0,2,2,35.5,0,Not placed,Not placed,,35.5,0
S2746,6.87,Electrical and Electronics Engineering,1,0,1,0,1,99.5,5.9,70.5,1,2,0,62.7,1,Mid-size,Analyst,55.39,62.7,0
S2747,6.88,Electrical and Electronics Engineering,1,0,1,1,0,9.0,4.2,53.1,2,4,0,75.0,1,MNC,Web Developer,84.25,75.0,0
S2748,9.46,Civil Engineering,3,1,1,0,1,84.0,5.9,49.8,1,4,2,75.4,1,Mid-size,Data Scientist,53.36,75.4,0
S2749,7.2,Computer Science and Engineering,1,1,0,0,0,57.4,6.4,91.0,1,3,0,55.7,1,Startup,Analyst,40.26,55.7,0
S2750,6.64,Electrical and Electronics Engineering,1,0,1,0,1,64.0,8.3,45.5,0,4,0,66.4,1,MNC,Analyst,72.37,66.4,0
S2751,5.33,Mechanical Engineering,2,1,0,0,0,89.8,7.7,87.3,1,4,1,60.0,1,Startup,Web Developer,50.55,60.0,0
S2752,5.63,Electronics and Communication Engineering,3,1,1,0,0,58.9,6.2,95.5,0,3,0,49.4,1,Mid-size,Web Developer,51.77,49.4,0
S2753,9.19,Civil Engineering,1,0,1,0,0,13.1,4.6,65.9,0,4,0,47.6,0,Not placed,Not placed,,47.6,0
S2754,7.53,Electronics and Communication Engineering,3,0,1,0,1,13.9,5.0,68.2,3,4,0,89.6,1,Mid-size,Software Engineer,59.41,89.6,0
S2755,8.22,Electronics and Communication Engineering,1,0,0,0,0,54.9,6.7,47.3,1,4,0,52.1,1,Startup,Software Engineer,39.0,52.1,0
S2756,8.21,Information Technology,2,0,1,1,0,85.9,6.1,69.4,0,6,1,68.3,1,MNC,Web Developer,81.65,68.3,0
S2757,6.87,Civil Engineering,1,0,1,0,1,20.6,6.6,50.8,1,2,0,62.0,1,Mid-size,Analyst,59.2,62.0,0
S2758,9.44,Information Technology,1,1,0,0,1,50.9,4.9,95.3,0,1,1,43.1,1,MNC,Analyst,81.7,43.1,0
S2759,6.75,Electronics and Communication Engineering,2,0,0,0,0,77.9,4.8,48.0,0,3,0,30.3,0,Not placed,Not placed,,30.3,0
S2760,9.84,Civil Engineering,2,1,0,0,1,17.6,9.6,44.6,1,1,2,64.9,0,Not placed,Not placed,,64.9,0
S2761,7.56,Computer Science and Engineering,2,1,1,1,1,32.0,6.8,93.1,2,4,0,96.1,1,MNC,Analyst,83.43,96.1,0
S2762,9.73,Mechanical Engineering,3,1,1,0,0,93.1,5.6,92.2,1,1,1,51.7,1,MNC,Software Engineer,95.5,51.7,0
S2763,6.87,Mechanical Engineering,1,1,1,1,1,61.7,9.2,64.2,0,3,1,78.3,1,Mid-size,Data Scientist,54.67,78.3,0
S2764,5.54,Computer Science and Engineering,3,0,1,0,0,60.6,9.6,84.2,0,5,0,62.5,1,Startup,Data Scientist,49.51,62.5,0
S2765,9.94,Mechanical Engineering,2,0,1,0,0,89.0,4.7,56.2,1,5,0,63.6,1,Startup,Analyst,41.71,63.6,0
S2766,6.23,Civil Engineering,2,1,0,0,0,30.1,8.7,66.3,0,2,0,44.1,1,Startup,Analyst,44.89,44.1,0
S2767,5.84,Civil Engineering,3,0,0,0,0,92.9,4.1,61.9,2,3,1,43.4,0,Not placed,Not placed,,43.4,0
S2768,7.02,Civil Engineering,2,1,1,0,1,6.1,5.7,81.6,0,4,0,69.3,1,Mid-size,Software Engineer,56.58,69.3,0
S2769,7.23,Mechanical Engineering,3,1,0,0,1,81.9,5.8,75.8,1,6,0,78.0,1,Mid-size,Analyst,55.82,78.0,0
S2770,5.63,Information Technology,1,1,1,0,1,8.3,8.6,69.4,0,4,0,77.5,1,Mid-size,Data Scientist,67.35,77.5,0
S2771,7.46,Mechanical Engineering,2,1,1,1,1,97.9,5.5,51.0,1,1,0,73.6,1,Mid-size,Analyst,67.59,73.6,0
S2772,5.83,Electrical and Electronics Engineering,2,1,1,1,1,6.1,7.8,56.5,2,2,1,92.3,1,MNC,Analyst,81.02,92.3,0
S2773,7.31,Information Technology,1,1,1,1,0,88.4,6.4,81.7,0,4,0,70.7,1,Top Tech,Data Scientist,116.48,70.7,0
S2774,7.31,Information Technology,3,0,0,0,0,25.7,6.0,76.6,3,2,0,56.3,1,Startup,Data Scientist,39.71,56.3,0
S2775,5.07,Information Technology,3,0,1,0,0,66.1,5.4,56.8,1,3,1,50.3,0,Not placed,Not placed,,50.3,0
S2776,9.3,Mechanical Engineering,3,1,0,0,0,87.1,9.3,59.3,1,4,0,71.4,1,Startup,Software Engineer,41.29,71.4,0
S2777,8.56,Electrical and Electronics Engineering,2,1,0,0,0,26.1,5.9,71.2,2,2,0,57.2,1,Startup,Software Engineer,52.09,57.2,0
S2778,7.16,Computer Science and Engineering,1,1,1,0,0,88.3,6.3,56.7,0,3,0,52.4,1,MNC,Software Engineer,83.08,52.4,0
S2779,7.42,Electrical and Electronics Engineering,2,1,0,1,0,63.2,9.5,88.6,1,1,0,62.2,1,MNC,Analyst,83.36,62.2,0
S2780,8.79,Civil Engineering,2,1,0,1,1,36.4,7.5,81.3,2,2,0,84.9,1,MNC,Data Scientist,83.46,84.9,0
S2781,8.89,Electrical and Electronics Engineering,3,0,0,1,1,17.9,6.5,89.5,0,5,1,68.6,0,Not placed,Not placed,,68.6,0
S2782,5.06,Mechanical Engineering,2,1,1,1,1,39.8,7.2,72.4,0,6,0,94.3,1,MNC,Data Scientist,94.32,94.3,0
S2783,5.56,Civil Engineering,2,1,1,1,1,85.9,6.4,78.2,1,2,0,79.3,1,Mid-size,Software Engineer,62.96,79.3,0
S2784,9.05,Civil Engineering,1,1,0,0,1,70.3,7.0,58.4,1,1,0,60.2,1,MNC,Data Scientist,76.17,60.2,0
S2785,5.21,Information Technology,3,0,1,0,1,32.1,9.5,79.7,1,5,0,86.5,1,Mid-size,Data Scientist,62.21,86.5,0
S2786,6.74,Civil Engineering,1,1,0,1,0,63.0,7.0,71.2,2,1,1,68.1,1,MNC,Analyst,75.21,68.1,0
S2787,8.95,Information Technology,1,0,1,1,0,1.0,7.3,94.8,0,2,0,49.0,1,Mid-size,Data Scientist,66.46,49.0,0
S2788,7.37,Computer Science and Engineering,2,0,1,0,0,25.6,9.7,83.8,0,2,1,51.8,1,Startup,Software Engineer,43.4,51.8,0
S2789,6.93,Computer Science and Engineering,1,0,0,0,0,55.9,4.4,75.3,0,2,0,22.3,1,Startup,Web Developer,39.45,22.3,0
S2790,5.34,Electrical and Electronics Engineering,1,1,0,0,1,12.9,9.8,41.4,0,2,0,62.2,1,MNC,Data Scientist,83.57,62.2,0
S2791,6.43,Computer Science and Engineering,1,0,0,0,0,46.2,5.2,54.2,3,1,0,46.0,1,Startup,Software Engineer,46.87,46.0,0
S2792,8.0,Electrical and Electronics Engineering,1,0,1,1,0,7.9,5.2,66.3,1,4,0,70.1,1,MNC,Analyst,82.65,70.1,0
S2793,8.31,Computer Science and Engineering,1,0,1,0,0,77.4,9.6,45.2,2,4,0,75.3,1,Startup,Analyst,46.28,75.3,0
S2794,8.97,Civil Engineering,1,1,0,0,0,27.5,9.9,72.6,2,3,2,77.2,1,Startup,Software Engineer,48.95,77.2,0
S2795,5.6,Computer Science and Engineering,3,0,1,0,0,22.9,7.9,93.3,0,3,0,51.5,0,Not placed,Not placed,,51.5,0
S2796,8.95,Information Technology,3,1,1,0,0,87.5,7.1,51.4,3,1,0,80.2,1,Mid-size,Data Scientist,65.59,80.2,0
S2797,7.91,Information Technology,3,1,1,1,1,77.6,8.5,79.0,2,1,1,95.2,1,MNC,Analyst,73.59,95.2,0
S2798,6.55,Computer Science and Engineering,1,0,1,0,1,5.1,5.7,61.3,2,3,1,76.6,1,MNC,Data Scientist,70.28,76.6,0
S2799,8.81,Civil Engineering,2,0,0,1,0,75.9,6.2,79.8,0,3,0,43.0,1,Startup,Analyst,45.51,43.0,0
S2800,8.15,Electronics and Communication Engineering,1,1,0,0,0,40.5,5.7,70.5,0,3,1,45.1,1,Startup,Data Scientist,43.88,45.1,0
S2801,5.72,Mechanical Engineering,3,1,0,0,1,63.7,9.3,57.8,2,6,0,100.0,1,MNC,Software Engineer,71.5,101.0,1
S2802,7.15,Computer Science and Engineering,3,0,1,1,0,60.6,5.0,49.7,1,5,1,67.6,1,Mid-size,Software Engineer,52.89,67.6,0
S2803,5.73,Mechanical Engineering,1,0,0,1,1,0.2,9.2,44.7,1,6,0,90.6,1,MNC,Data Scientist,75.72,90.6,0
S2804,8.86,Electronics and Communication Engineering,1,1,1,0,0,38.2,4.2,51.8,0,1,0,38.2,1,MNC,Software Engineer,71.28,38.2,0
S2805,8.25,Civil Engineering,1,1,0,0,1,86.9,8.5,81.8,0,4,0,67.6,1,Mid-size,Data Scientist,71.52,67.6,0
S2806,7.22,Mechanical Engineering,3,1,0,0,1,67.3,7.6,66.8,1,2,0,63.9,1,MNC,Web Developer,67.49,63.9,0
S2807,8.45,Electronics and Communication Engineering,3,0,1,0,1,19.7,4.8,71.5,3,6,0,96.3,1,MNC,Data Scientist,91.52,96.3,0
S2808,7.55,Electrical and Electronics Engineering,3,1,1,1,1,23.5,5.6,98.9,0,3,0,67.4,1,Mid-size,Software Engineer,62.96,67.4,0
S2809,8.12,Information Technology,2,1,1,0,0,16.7,5.5,51.3,0,5,0,62.6,1,MNC,Web Developer,68.2,62.6,0
S2810,6.24,Electrical and Electronics Engineering,1,1,1,0,0,73.2,8.2,97.9,0,4,1,67.3,1,MNC,Data Scientist,86.71,67.3,0
S2811,9.82,Electrical and Electronics Engineering,1,0,0,1,0,9.4,7.0,51.4,1,3,0,53.3,1,Startup,Analyst,40.22,53.3,0
S2812,5.89,Computer Science and Engineering,2,1,1,0,0,24.3,5.2,79.5,2,4,0,71.7,1,Mid-size,Software Engineer,59.61,71.7,0
S2813,6.42,Mechanical Engineering,1,1,1,0,0,31.2,5.0,88.2,0,2,1,48.8,1,Mid-size,Web Developer,61.88,48.8,0
S2814,9.97,Electronics and Communication Engineering,3,1,1,1,1,94.4,6.5,87.0,0,5,1,86.7,1,MNC,Analyst,84.35,86.7,0
S2815,5.73,Mechanical Engineering,3,1,1,0,0,34.4,8.3,76.6,0,6,0,76.6,1,Mid-size,Software Engineer,49.9,76.6,0
S2816,7.71,Computer Science and Engineering,2,0,0,0,1,4.1,8.2,79.3,0,2,2,42.6,0,Not placed,Not placed,,42.6,0
S2817,8.41,Electrical and Electronics Engineering,1,0,1,0,1,44.8,10.0,63.1,0,5,3,73.6,0,Not placed,Not placed,,73.6,0
S2818,6.74,Electrical and Electronics Engineering,2,1,0,0,0,92.2,9.6,87.1,0,3,0,51.2,1,Startup,Web Developer,48.07,51.2,0
S2819,6.83,Mechanical Engineering,3,1,0,0,1,64.8,6.0,85.7,1,4,2,65.0,1,MNC,Analyst,86.55,65.0,0
S2820,9.67,Civil Engineering,2,1,0,0,1,39.9,8.4,48.3,0,1,0,45.4,1,MNC,Data Scientist,91.8,45.4,0
S2821,8.04,Mechanical Engineering,2,1,1,1,1,2.9,9.7,91.7,3,6,0,100.0,1,Mid-size,Analyst,66.56,131.1,1
S2822,8.33,Electrical and Electronics Engineering,1,1,0,0,1,19.6,7.9,43.0,3,3,0,93.2,1,MNC,Software Engineer,75.33,93.2,0
S2823,7.62,Electrical and Electronics Engineering,3,0,0,0,1,36.4,4.9,69.8,0,6,0,56.6,1,Startup,Analyst,39.62,56.6,0
S2824,9.75,Information Technology,1,1,0,1,1,21.3,6.7,74.7,0,5,0,71.5,1,MNC,Web Developer,69.91,71.5,0
S2825,6.54,Civil Engineering,1,1,1,0,0,94.2,9.7,65.1,1,5,0,80.6,1,Mid-size,Web Developer,68.51,80.6,0
S2826,9.4,Electrical and Electronics Engineering,3,1,1,1,1,13.3,7.1,78.2,2,1,1,89.3,1,MNC,Software Engineer,87.11,89.3,0
S2827,7.77,Computer Science and Engineering,1,1,1,0,0,8.9,8.4,85.8,1,4,0,72.0,1,MNC,Web Developer,71.16,72.0,0
S2828,9.02,Electrical and Electronics Engineering,3,1,1,1,1,33.1,7.7,72.6,1,5,0,99.8,1,MNC,Software Engineer,86.08,99.8,0
S2829,6.84,Civil Engineering,1,0,0,0,0,59.3,7.0,59.1,0,3,0,37.5,1,Startup,Software Engineer,47.38,37.5,0
S2830,8.23,Electronics and Communication Engineering,1,0,0,0,0,43.6,9.4,84.6,3,5,2,87.6,1,Startup,Analyst,47.12,87.6,0
S2831,7.44,Information Technology,3,1,1,0,0,43.0,5.4,63.5,0,5,0,65.0,1,Mid-size,Web Developer,59.49,65.0,0
S2832,9.12,Computer Science and Engineering,1,1,0,0,1,23.6,9.5,80.0,1,5,0,79.9,1,MNC,Web Developer,90.56,79.9,0
S2833,8.71,Civil Engineering,2,0,0,0,0,44.3,5.8,69.9,1,5,0,49.5,1,Startup,Analyst,34.83,49.5,0
S2834,8.79,Civil Engineering,3,1,1,1,1,48.0,6.0,77.9,1,5,0,89.9,1,MNC,Analyst,84.98,89.9,0
S2835,6.41,Civil Engineering,2,1,1,1,0,73.5,9.5,65.4,0,6,0,87.4,1,MNC,Analyst,96.54,87.4,0
S2836,7.99,Electrical and Electronics Engineering,3,0,1,1,0,47.6,9.9,67.2,3,5,0,100.0,1,MNC,Web Developer,69.89,101.5,1
S2837,5.48,Electrical and Electronics Engineering,3,0,1,0,1,10.3,9.6,45.2,1,3,0,72.5,1,MNC,Analyst,61.94,72.5,0
S2838,6.53,Information Technology,2,1,0,0,0,94.4,6.6,42.9,2,5,1,76.3,1,Startup,Software Engineer,50.32,76.3,0
S2839,8.96,Computer Science and Engineering,2,0,1,0,0,31.8,4.7,78.8,1,1,0,39.5,0,Not placed,Not placed,,39.5,0
S2840,9.65,Electrical and Electronics Engineering,2,0,0,0,0,79.1,5.7,54.7,3,3,0,63.1,1,Startup,Data Scientist,50.61,63.1,0
S2841,5.01,Civil Engineering,1,1,1,0,0,99.4,9.2,48.0,1,1,1,60.4,1,MNC,Software Engineer,80.0,60.4,0
S2842,7.06,Computer Science and Engineering,3,1,1,0,1,86.4,4.9,49.7,1,2,0,64.4,1,MNC,Software Engineer,96.05,64.4,0
S2843,5.96,Computer Science and Engineering,2,0,0,1,1,55.2,8.2,84.9,0,5,0,65.5,1,Mid-size,Software Engineer,56.55,65.5,0
S2844,9.41,Information Technology,2,1,1,0,0,45.5,5.8,96.0,3,5,0,88.4,1,MNC,Analyst,68.45,88.4,0
S2845,5.64,Information Technology,2,1,1,0,1,35.7,8.3,94.3,1,6,2,96.0,1,Mid-size,Software Engineer,64.59,96.0,0
S2846,8.76,Computer Science and Engineering,3,1,1,1,1,71.2,9.7,98.0,2,2,0,100.0,1,Mid-size,Web Developer,64.88,102.0,1
S2847,8.36,Electrical and Electronics Engineering,1,0,0,0,0,18.7,7.9,83.5,0,1,2,27.2,0,Not placed,Not placed,,27.2,0
S2848,6.52,Electronics and Communication Engineering,3,0,0,0,1,51.7,6.3,73.7,2,1,0,50.5,0,Not placed,Not placed,,50.5,0
S2849,7.59,Electrical and Electronics Engineering,2,1,0,0,0,94.1,5.3,75.5,1,4,0,55.5,1,Startup,Analyst,51.06,55.5,0
S2850,5.0,Mechanical Engineering,2,1,1,0,1,33.3,7.7,83.3,0,4,0,76.5,1,Mid-size,Software Engineer,62.87,76.5,0
S2851,9.68,Computer Science and Engineering,2,1,1,0,1,13.5,9.4,42.5,1,3,0,86.9,1,MNC,Software Engineer,95.04,86.9,0
S2852,7.5,Electrical and Electronics Engineering,2,0,1,0,0,24.6,7.2,42.7,2,6,0,83.4,1,Startup,Analyst,44.85,83.4,0
S2853,7.24,Electrical and Electronics Engineering,2,1,0,0,0,69.3,9.8,87.4,0,1,1,41.0,1,Startup,Web Developer,52.1,41.0,0
S2854,5.13,Computer Science and Engineering,1,1,0,1,0,38.6,4.6,60.6,3,6,1,89.4,1,Mid-size,Data Scientist,64.58,89.4,0
S2855,9.33,Mechanical Engineering,3,0,0,0,1,80.5,5.1,56.8,2,3,1,58.3,1,Startup,Analyst,50.75,58.3,0
S2856,7.06,Civil Engineering,1,1,0,0,0,88.4,9.4,83.4,0,5,0,59.0,1,Startup,Web Developer,45.59,59.0,0
S2857,7.9,Electrical and Electronics Engineering,1,1,1,0,1,30.5,6.6,63.6,0,4,0,69.9,1,MNC,Analyst,89.85,69.9,0
S2858,9.45,Civil Engineering,2,1,0,1,1,47.1,5.5,53.4,2,6,3,98.7,1,Mid-size,Web Developer,64.95,98.7,0
S2859,8.79,Computer Science and Engineering,3,1,1,1,1,67.6,9.2,81.4,0,1,0,69.7,1,MNC,Web Developer,76.18,69.7,0
S2860,5.76,Civil Engineering,3,0,1,1,0,89.9,7.5,53.6,2,1,0,72.4,1,Mid-size,Web Developer,62.76,72.4,0
S2861,6.29,Electrical and Electronics Engineering,3,1,0,0,0,48.0,8.0,71.0,2,6,0,81.1,1,Startup,Data Scientist,43.22,81.1,0
S2862,5.43,Mechanical Engineering,1,1,0,1,0,97.4,7.9,64.4,1,3,0,65.2,1,MNC,Web Developer,67.92,65.2,0
S2863,9.63,Electronics and Communication Engineering,2,1,1,0,0,12.1,9.5,90.2,1,1,0,67.7,1,MNC,Web Developer,79.27,67.7,0
S2864,8.88,Mechanical Engineering,3,1,1,0,0,27.3,5.8,84.4,0,6,0,66.2,1,MNC,Analyst,70.19,66.2,0
S2865,8.7,Electronics and Communication Engineering,2,1,1,1,1,20.2,10.0,68.5,2,4,0,100.0,1,MNC,Software Engineer,82.12,105.6,1
S2866,9.6,Computer Science and Engineering,3,1,0,0,1,57.4,9.8,94.5,1,4,0,75.1,1,MNC,Software Engineer,91.07,75.1,0
S2867,7.49,Information Technology,2,1,0,0,1,6.8,6.2,74.3,1,1,0,50.7,1,Mid-size,Analyst,58.74,50.7,0
S2868,6.15,Civil Engineering,3,1,0,0,0,18.6,5.6,77.6,0,6,0,55.0,0,Not placed,Not placed,,55.0,0
S2869,8.15,Computer Science and Engineering,3,0,0,0,1,39.9,6.5,68.1,2,3,0,61.6,1,Startup,Analyst,42.92,61.6,0
S2870,6.42,Electrical and Electronics Engineering,1,1,0,1,0,97.9,9.8,88.0,3,1,0,81.6,1,Mid-size,Web Developer,76.13,81.6,0
S2871,6.49,Electronics and Communication Engineering,2,0,0,1,0,45.2,7.4,93.6,0,2,1,38.0,0,Not placed,Not placed,,38.0,0
S2872,6.65,Electrical and Electronics Engineering,2,1,0,0,1,13.2,4.8,42.1,2,5,0,82.2,1,MNC,Software Engineer,82.3,82.2,0
S2873,7.77,Civil Engineering,1,0,0,0,0,86.9,6.1,65.0,0,1,0,22.8,1,Startup,Data Scientist,40.66,22.8,0
S2874,6.79,Information Technology,3,1,0,0,0,17.4,5.5,93.4,1,3,1,55.5,0,Not placed,Not placed,,55.5,0
S2875,9.64,Electronics and Communication Engineering,3,1,0,1,0,97.4,8.9,66.4,1,5,0,76.8,1,MNC,Software Engineer,78.53,76.8,0
S2876,8.12,Civil Engineering,1,0,1,0,1,78.0,6.3,94.6,0,6,0,66.1,1,MNC,Analyst,69.89,66.1,0
S2877,5.84,Computer Science and Engineering,2,0,1,1,1,10.1,9.4,95.4,0,1,0,60.9,1,MNC,Data Scientist,63.81,60.9,0
S2878,8.94,Computer Science and Engineering,3,1,1,0,0,69.7,5.1,45.5,0,5,1,58.7,0,Not placed,Not placed,,58.7,0
S2879,7.16,Electronics and Communication Engineering,1,1,0,1,1,2.4,6.3,81.3,0,1,0,51.6,1,Mid-size,Web Developer,58.2,51.6,0
S2880,6.08,Civil Engineering,2,1,1,1,1,40.2,4.7,77.8,1,1,0,73.5,1,MNC,Web Developer,84.16,73.5,0
S2881,9.59,Electronics and Communication Engineering,1,1,0,0,1,50.0,8.4,56.2,0,1,0,48.6,1,Mid-size,Web Developer,65.69,48.6,0
S2882,9.65,Mechanical Engineering,1,1,0,0,0,33.3,8.5,91.0,1,4,0,66.5,1,Startup,Analyst,42.12,66.5,0
S2883,7.13,Electrical and Electronics Engineering,3,1,0,1,0,67.9,8.0,94.6,0,1,0,49.6,1,Mid-size,Web Developer,52.73,49.6,0
S2884,7.74,Electronics and Communication Engineering,3,0,1,0,0,32.5,10.0,91.3,2,4,0,75.7,1,Startup,Software Engineer,51.48,75.7,0
S2885,9.94,Electrical and Electronics Engineering,1,1,0,0,1,37.1,4.9,56.7,1,1,0,49.3,1,MNC,Data Scientist,72.21,49.3,0
S2886,7.44,Electronics and Communication Engineering,2,0,0,0,1,69.5,9.2,80.1,0,1,0,43.8,1,Startup,Analyst,50.14,43.8,0
S2887,6.0,Information Technology,3,0,1,0,1,53.4,6.5,66.4,3,5,0,99.2,1,Mid-size,Analyst,68.15,99.2,0
S2888,9.87,Electronics and Communication Engineering,2,0,1,0,0,90.4,6.1,45.2,0,6,3,54.2,0,Not placed,Not placed,,54.2,0
S2889,8.5,Information Technology,2,1,1,0,0,33.8,5.4,91.0,0,4,0,56.7,1,MNC,Software Engineer,70.16,56.7,0
S2890,8.71,Mechanical Engineering,1,1,1,0,1,91.9,7.9,89.2,1,4,0,78.9,1,Top Tech,Analyst,96.25,78.9,0
S2891,6.73,Electronics and Communication Engineering,1,1,1,0,1,30.0,9.1,52.7,2,5,0,98.9,1,MNC,Analyst,81.87,98.9,0
S2892,8.9,Mechanical Engineering,2,0,1,0,1,35.3,7.0,62.3,1,3,2,67.6,1,MNC,Data Scientist,76.54,67.6,0
S2893,6.88,Mechanical Engineering,3,1,1,0,0,42.7,7.8,88.4,2,2,0,71.3,1,Mid-size,Software Engineer,69.6,71.3,0
S2894,5.84,Civil Engineering,3,1,0,0,0,23.9,8.4,94.3,3,4,0,81.5,1,Startup,Software Engineer,44.83,81.5,0
S2895,8.42,Mechanical Engineering,2,0,0,0,0,82.9,9.0,47.0,2,6,0,76.4,1,Startup,Analyst,46.9,76.4,0
S2896,7.03,Computer Science and Engineering,3,1,1,0,1,87.9,8.8,81.5,2,5,2,98.5,1,MNC,Web Developer,75.52,98.5,0
S2897,5.91,Electrical and Electronics Engineering,1,1,1,0,0,10.3,8.9,62.8,0,2,0,52.4,1,Mid-size,Analyst,51.52,52.4,0
S2898,7.49,Computer Science and Engineering,3,1,0,0,1,56.0,9.4,88.9,3,6,1,100.0,1,Mid-size,Analyst,71.9,103.7,1
S2899,7.4,Mechanical Engineering,2,0,0,1,0,43.5,9.3,48.9,0,2,0,44.4,0,Not placed,Not placed,,44.4,0
S2900,7.5,Electrical and Electronics Engineering,3,1,0,0,0,82.3,4.2,92.1,0,6,0,48.2,1,Startup,Analyst,42.88,48.2,0
S2901,7.4,Information Technology,2,1,1,0,0,70.4,6.0,51.6,1,5,0,68.6,1,Mid-size,Web Developer,66.9,68.6,0
S2902,6.45,Electronics and Communication Engineering,3,1,1,1,0,60.7,8.3,53.6,1,6,0,96.2,1,MNC,Web Developer,86.72,96.2,0
S2903,7.49,Civil Engineering,3,1,0,0,0,53.7,4.3,40.7,0,4,0,38.3,0,Not placed,Not placed,,38.3,0
S2904,7.35,Information Technology,1,0,1,0,1,15.9,6.3,65.0,2,6,0,93.6,1,MNC,Data Scientist,68.08,93.6,0
S2905,7.98,Mechanical Engineering,2,1,1,0,1,62.3,6.1,42.2,2,3,0,87.1,1,Mid-size,Data Scientist,60.81,87.1,0
S2906,7.91,Civil Engineering,3,1,1,0,1,54.4,6.7,62.3,0,3,1,68.0,1,MNC,Web Developer,86.02,68.0,0
S2907,6.88,Electronics and Communication Engineering,3,0,1,0,1,3.4,4.1,67.1,1,3,1,55.3,0,Not placed,Not placed,,55.3,0
S2908,6.94,Mechanical Engineering,3,0,1,1,0,69.5,5.8,79.4,2,5,3,86.6,0,Not placed,Not placed,,86.6,0
S2909,7.75,Electrical and Electronics Engineering,3,1,0,0,0,2.9,8.7,67.4,1,3,0,61.0,1,Startup,Software Engineer,48.35,61.0,0
S2910,5.8,Mechanical Engineering,1,1,1,0,0,6.4,9.9,78.5,1,1,2,62.8,1,Mid-size,Analyst,50.51,62.8,0
S2911,5.16,Electrical and Electronics Engineering,1,0,1,0,0,24.8,6.5,44.6,2,3,0,60.4,1,Startup,Data Scientist,41.02,60.4,0
S2912,6.67,Information Technology,3,1,0,0,0,79.4,9.7,48.9,1,1,3,58.3,0,Not placed,Not placed,,58.3,0
S2913,6.1,Civil Engineering,2,1,1,0,1,79.6,5.3,64.3,3,3,0,93.8,1,Mid-size,Web Developer,67.4,93.8,0
S2914,7.58,Electrical and Electronics Engineering,2,1,0,1,1,7.7,4.7,93.4,2,2,1,70.9,1,Mid-size,Software Engineer,53.44,70.9,0
S2915,5.41,Civil Engineering,1,0,1,0,0,55.7,5.2,54.1,0,2,0,32.7,0,Not placed,Not placed,,32.7,0
S2916,7.92,Electrical and Electronics Engineering,2,1,1,1,1,15.3,6.8,74.9,0,4,0,84.1,1,MNC,Analyst,88.96,84.1,0
S2917,9.86,Civil Engineering,1,0,1,0,1,98.0,7.2,81.1,0,4,0,64.2,1,MNC,Analyst,74.67,64.2,0
S2918,6.73,Civil Engineering,3,1,1,0,0,80.7,7.9,58.0,1,4,0,75.4,1,MNC,Data Scientist,89.98,75.4,0
S2919,6.45,Electrical and Electronics Engineering,1,0,1,0,1,48.0,9.5,78.5,0,3,1,63.3,1,Mid-size,Software Engineer,64.7,63.3,0
S2920,6.16,Information Technology,1,0,1,0,1,95.9,8.9,75.9,0,5,0,76.2,1,MNC,Software Engineer,75.07,76.2,0
S2921,7.39,Information Technology,2,0,0,1,1,55.9,7.8,53.3,2,1,2,72.5,1,Mid-size,Web Developer,55.67,72.5,0
S2922,9.37,Electrical and Electronics Engineering,3,0,0,1,0,55.1,7.4,85.8,2,1,1,61.3,1,Startup,Web Developer,47.28,61.3,0
S2923,8.36,Electrical and Electronics Engineering,3,1,1,0,0,72.0,7.7,85.2,1,4,0,68.9,1,MNC,Software Engineer,66.78,68.9,0
S2924,6.5,Information Technology,1,0,1,1,1,25.3,8.6,96.2,3,3,0,100.0,1,Mid-size,Analyst,57.63,105.1,1
S2925,7.03,Information Technology,1,1,1,0,0,1.1,8.1,91.2,1,1,0,58.2,1,MNC,Analyst,67.82,58.2,0
S2926,9.91,Electronics and Communication Engineering,3,1,1,1,0,56.3,8.4,70.8,1,6,0,93.1,1,MNC,Data Scientist,77.02,93.1,0
S2927,7.44,Civil Engineering,1,1,1,0,1,9.1,9.2,80.8,3,6,0,100.0,1,MNC,Web Developer,83.94,117.2,1
S2928,6.06,Computer Science and Engineering,1,0,1,0,0,45.2,5.0,66.8,0,6,1,59.9,1,Startup,Software Engineer,44.28,59.9,0
S2929,7.0,Electronics and Communication Engineering,3,1,0,0,0,78.4,9.9,43.9,2,3,1,76.3,1,Startup,Analyst,43.79,76.3,0
S2930,9.67,Computer Science and Engineering,2,1,1,0,0,10.4,9.3,48.2,0,3,0,61.9,1,Mid-size,Analyst,53.1,61.9,0
S2931,6.2,Civil Engineering,3,1,0,0,0,25.0,9.9,65.7,1,2,3,57.9,0,Not placed,Not placed,,57.9,0
S2932,6.73,Computer Science and Engineering,2,0,1,0,0,67.5,9.3,85.4,2,1,0,67.8,1,Startup,Data Scientist,41.39,67.8,0
S2933,5.2,Information Technology,1,0,1,1,0,40.2,6.1,78.7,0,6,2,66.3,1,Mid-size,Software Engineer,60.3,66.3,0
S2934,9.64,Mechanical Engineering,3,1,0,1,0,46.2,8.6,98.2,0,3,0,56.2,1,Mid-size,Analyst,66.0,56.2,0
S2935,8.0,Electrical and Electronics Engineering,1,0,0,1,0,34.9,5.2,75.7,2,5,0,74.0,1,Startup,Data Scientist,43.21,74.0,0
S2936,9.68,Mechanical Engineering,1,1,1,0,0,14.8,8.3,69.6,1,3,0,66.4,1,MNC,Analyst,76.51,66.4,0
S2937,7.92,Electronics and Communication Engineering,3,1,0,1,0,69.1,6.4,62.6,1,3,2,66.2,1,MNC,Web Developer,78.52,66.2,0
S2938,5.33,Civil Engineering,3,1,1,0,1,99.4,5.0,84.9,1,6,0,82.6,1,Mid-size,Data Scientist,68.12,82.6,0
S2939,6.28,Electrical and Electronics Engineering,1,1,1,0,1,17.2,9.4,78.5,0,1,0,65.8,1,MNC,Data Scientist,66.33,65.8,0
S2940,7.55,Computer Science and Engineering,1,0,0,0,0,45.8,6.9,75.0,1,5,0,54.9,1,Startup,Data Scientist,44.24,54.9,0
S2941,7.92,Electronics and Communication Engineering,2,1,1,1,0,31.8,5.9,79.4,1,5,0,80.0,1,MNC,Web Developer,67.92,80.0,0
S2942,7.86,Electronics and Communication Engineering,3,1,0,0,1,96.1,4.2,80.6,0,2,2,39.6,0,Not placed,Not placed,,39.6,0
S2943,8.5,Computer Science and Engineering,2,1,1,0,0,36.4,4.5,58.7,0,2,0,44.7,0,Not placed,Not placed,,44.7,0
S2944,9.19,Mechanical Engineering,2,0,0,0,1,81.3,7.4,51.4,0,6,0,60.1,1,Startup,Software Engineer,50.12,60.1,0
S2945,6.97,Electronics and Communication Engineering,3,1,0,0,0,55.7,4.2,79.3,2,4,0,58.6,1,Startup,Web Developer,47.05,58.6,0
S2946,7.68,Electrical and Electronics Engineering,3,1,0,1,0,90.0,5.2,40.6,0,5,0,64.2,1,MNC,Data Scientist,83.68,64.2,0
S2947,6.33,Electronics and Communication Engineering,1,1,1,0,0,55.4,6.9,96.7,0,1,0,45.8,1,MNC,Analyst,74.43,45.8,0
S2948,8.67,Electrical and Electronics Engineering,3,1,0,0,1,11.6,9.5,54.7,2,6,0,98.7,1,MNC,Analyst,76.33,98.7,0
S2949,7.4,Electronics and Communication Engineering,1,1,0,0,1,75.3,4.1,88.7,3,1,0,67.7,1,MNC,Software Engineer,87.28,67.7,0
S2950,8.37,Civil Engineering,3,0,1,0,1,13.2,4.1,48.2,0,5,1,56.1,0,Not placed,Not placed,,56.1,0
S2951,6.36,Computer Science and Engineering,3,1,0,1,1,41.3,7.5,96.0,1,4,2,83.9,1,Mid-size,Data Scientist,58.5,83.9,0
S2952,6.15,Electronics and Communication Engineering,3,1,0,0,0,31.0,4.7,89.4,1,6,2,62.3,0,Not placed,Not placed,,62.3,0
S2953,5.55,Electrical and Electronics Engineering,2,0,1,0,1,92.8,4.4,42.8,0,4,0,48.5,1,Mid-size,Analyst,55.46,48.5,0
S2954,9.28,Civil Engineering,1,0,0,0,1,75.8,8.3,42.6,1,6,0,70.6,1,Startup,Data Scientist,42.07,70.6,0
S2955,9.65,Electrical and Electronics Engineering,2,0,0,0,0,60.0,5.6,41.6,3,2,0,56.4,1,Startup,Software Engineer,37.73,56.4,0
S2956,8.78,Electrical and Electronics Engineering,2,1,1,0,1,7.8,7.8,61.6,0,1,0,62.9,1,MNC,Analyst,87.72,62.9,0
S2957,7.01,Computer Science and Engineering,1,1,1,0,1,30.6,8.6,47.5,0,4,3,71.2,1,MNC,Analyst,64.71,71.2,0
S2958,6.22,Information Technology,1,1,0,0,1,74.8,9.1,88.3,1,6,1,84.4,1,MNC,Web Developer,68.63,84.4,0
S2959,8.38,Civil Engineering,2,1,0,0,0,97.5,8.9,85.7,0,4,1,53.1,1,Startup,Web Developer,42.36,53.1,0
S2960,6.64,Computer Science and Engineering,2,0,1,0,0,85.9,9.1,53.0,1,5,0,76.7,1,Startup,Software Engineer,44.29,76.7,0
S2961,7.47,Electrical and Electronics Engineering,2,1,1,0,0,9.0,4.3,66.3,0,2,1,38.3,0,Not placed,Not placed,,38.3,0
S2962,9.31,Civil Engineering,2,1,1,0,0,11.0,4.8,50.7,2,3,1,72.9,0,Not placed,Not placed,,72.9,0
S2963,6.05,Electronics and Communication Engineering,3,0,1,0,0,95.7,9.6,66.4,0,1,0,46.0,0,Not placed,Not placed,,46.0,0
S2964,8.78,Electrical and Electronics Engineering,1,0,0,0,1,85.0,5.3,45.7,2,1,0,46.2,1,Startup,Data Scientist,49.62,46.2,0
S2965,8.83,Civil Engineering,2,1,0,1,0,35.2,9.1,74.5,0,1,0,57.3,1,MNC,Software Engineer,73.16,57.3,0
S2966,9.63,Electronics and Communication Engineering,2,1,0,1,1,22.8,7.7,55.3,2,3,0,85.5,1,MNC,Analyst,80.72,85.5,0
S2967,9.98,Electrical and Electronics Engineering,3,1,0,0,0,1.9,6.8,79.6,1,6,0,67.2,1,Startup,Software Engineer,42.83,67.2,0
S2968,8.31,Computer Science and Engineering,3,1,0,0,1,17.7,6.2,47.4,1,3,0,67.5,1,MNC,Data Scientist,70.15,67.5,0
S2969,7.13,Civil Engineering,2,0,0,0,1,7.2,6.1,73.4,2,5,0,73.3,1,Startup,Data Scientist,40.17,73.3,0
S2970,5.56,Computer Science and Engineering,2,1,0,0,0,20.1,4.1,49.1,2,1,1,47.9,0,Not placed,Not placed,,47.9,0
S2971,7.92,Information Technology,3,1,0,0,0,62.5,6.7,48.8,0,6,0,64.5,1,Startup,Analyst,43.53,64.5,0
S2972,7.65,Electronics and Communication Engineering,3,1,1,1,0,18.5,6.8,70.3,1,4,0,84.6,1,Mid-size,Software Engineer,64.39,84.6,0
S2973,5.89,Computer Science and Engineering,1,1,1,0,0,48.1,5.4,55.0,0,2,0,48.1,1,Mid-size,Data Scientist,48.22,48.1,0
S2974,5.14,Mechanical Engineering,3,0,1,1,1,11.6,7.2,44.6,0,4,0,75.5,0,Not placed,Not placed,,75.5,0
S2975,8.15,Civil Engineering,1,1,0,1,0,90.5,9.7,96.9,2,5,0,97.6,1,MNC,Web Developer,78.49,97.6,0
S2976,5.04,Electronics and Communication Engineering,2,1,0,0,1,24.8,6.4,72.6,0,2,2,45.3,0,Not placed,Not placed,,45.3,0
S2977,9.41,Electrical and Electronics Engineering,3,1,0,0,1,2.3,6.7,60.0,1,4,0,73.4,1,MNC,Data Scientist,83.58,73.4,0
S2978,9.22,Electronics and Communication Engineering,1,1,1,0,1,56.9,9.8,62.6,0,3,0,72.8,1,Mid-size,Analyst,57.25,72.8,0
S2979,9.46,Electronics and Communication Engineering,1,1,0,1,0,93.6,8.4,69.7,2,1,0,73.4,1,Mid-size,Software Engineer,56.99,73.4,0
S2980,9.05,Electrical and Electronics Engineering,2,0,0,0,0,98.0,6.7,91.7,2,3,1,52.6,1,Startup,Data Scientist,42.82,52.6,0
S2981,6.75,Electrical and Electronics Engineering,2,1,0,0,1,32.7,7.1,87.7,1,6,0,83.5,1,Mid-size,Data Scientist,62.36,83.5,0
S2982,5.6,Computer Science and Engineering,1,1,1,0,1,86.5,8.4,79.9,2,1,0,75.6,1,MNC,Data Scientist,76.77,75.6,0
S2983,8.46,Computer Science and Engineering,2,1,1,0,0,91.7,4.1,43.2,1,4,0,64.3,1,MNC,Data Scientist,77.74,64.3,0
S2984,9.88,Electronics and Communication Engineering,3,1,1,0,0,20.4,5.8,55.1,0,5,0,63.6,1,MNC,Data Scientist,76.59,63.6,0
S2985,9.27,Computer Science and Engineering,2,1,1,0,0,85.1,6.3,50.8,0,5,0,66.0,1,Mid-size,Web Developer,53.91,66.0,0
S2986,7.62,Mechanical Engineering,2,1,1,0,1,44.3,7.1,83.3,0,2,1,57.5,1,Mid-size,Data Scientist,68.52,57.5,0
S2987,6.57,Computer Science and Engineering,2,1,0,0,0,14.6,6.4,83.4,1,2,0,46.8,0,Not placed,Not placed,,46.8,0
S2988,9.7,Information Technology,3,0,0,1,0,84.4,9.0,99.5,2,1,1,59.2,1,Startup,Software Engineer,46.0,59.2,0
S2989,9.0,Computer Science and Engineering,3,1,0,0,0,9.1,7.6,92.0,1,6,1,71.4,1,Startup,Web Developer,42.61,71.4,0
S2990,6.09,Electrical and Electronics Engineering,3,1,0,0,0,60.1,6.6,58.4,0,3,0,41.0,1,Startup,Web Developer,41.65,41.0,0
S2991,9.62,Computer Science and Engineering,1,0,1,0,0,96.4,9.3,53.3,2,5,0,81.9,1,Startup,Data Scientist,48.33,81.9,0
S2992,6.83,Information Technology,2,1,0,0,0,80.7,5.0,78.0,1,4,0,50.4,1,Startup,Analyst,43.9,50.4,0
S2993,9.23,Civil Engineering,2,0,1,0,0,88.8,6.9,58.9,3,5,0,86.4,1,Startup,Web Developer,49.02,86.4,0
S2994,5.27,Information Technology,2,0,1,1,1,60.3,6.5,77.8,0,1,0,51.7,1,Mid-size,Data Scientist,63.03,51.7,0
S2995,9.59,Mechanical Engineering,1,1,1,0,0,17.6,8.7,92.0,2,5,0,88.2,1,Mid-size,Analyst,66.32,88.2,0
S2996,5.95,Civil Engineering,3,1,1,0,0,13.6,6.2,55.5,1,4,0,71.3,0,Not placed,Not placed,,71.3,0
S2997,9.6,Information Technology,2,1,1,1,0,42.2,4.5,67.4,1,3,0,63.8,1,MNC,Data Scientist,87.56,63.8,0
S2998,6.63,Electrical and Electronics Engineering,1,0,0,0,1,32.6,8.8,92.0,0,6,0,71.0,1,Startup,Software Engineer,42.03,71.0,0
S2999,6.22,Electronics and Communication Engineering,2,1,0,0,0,97.2,5.1,64.5,1,1,0,43.0,1,Startup,Data Scientist,44.35,43.0,0
S3000,9.29,Mechanical Engineering,2,0,0,0,0,44.7,7.1,42.1,0,4,1,39.6,1,Startup,Data Scientist,42.92,39.6,0
S3001,7.82,Electronics and Communication Engineering,3,1,1,0,0,59.7,7.7,85.9,3,3,0,88.0,1,Mid-size,Web Developer,74.45,88.0,0
S3002,7.48,Computer Science and Engineering,1,0,0,0,0,39.7,6.2,56.7,0,5,0,43.5,1,Startup,Web Developer,40.77,43.5,0
S3003,5.57,Information Technology,2,1,1,0,1,35.0,6.4,90.3,0,2,0,54.2,1,Mid-size,Web Developer,63.15,54.2,0
S3004,6.36,Civil Engineering,1,0,0,0,0,81.0,6.9,52.2,2,4,1,61.3,1,Startup,Web Developer,44.67,61.3,0
S3005,6.39,Civil Engineering,2,1,1,0,1,29.9,6.2,80.1,1,5,0,79.3,1,Mid-size,Analyst,60.59,79.3,0
S3006,6.67,Computer Science and Engineering,1,0,0,0,1,26.2,9.4,69.1,1,1,0,48.7,1,Startup,Software Engineer,37.6,48.7,0
S3007,8.23,Computer Science and Engineering,2,1,0,1,0,22.8,8.1,51.8,1,5,0,78.0,1,MNC,Data Scientist,84.21,78.0,0
S3008,5.35,Electrical and Electronics Engineering,2,1,0,1,1,9.7,5.4,60.9,3,4,3,99.6,1,Mid-size,Software Engineer,63.56,99.6,0
S3009,5.77,Computer Science and Engineering,2,1,1,1,1,5.8,6.1,68.6,0,6,0,91.4,1,MNC,Web Developer,66.36,91.4,0
S3010,7.54,Electronics and Communication Engineering,2,1,0,0,0,97.1,9.4,97.0,0,3,0,54.2,1,Startup,Analyst,50.42,54.2,0
S3011,7.86,Information Technology,3,1,1,0,1,95.7,7.6,77.8,3,2,0,95.7,1,MNC,Software Engineer,76.19,95.7,0
S3012,7.95,Mechanical Engineering,1,0,1,0,1,90.0,5.8,45.0,1,4,1,70.8,1,MNC,Analyst,69.39,70.8,0
S3013,8.03,Information Technology,3,1,1,0,0,10.1,8.6,56.5,1,3,1,66.3,0,Not placed,Not placed,,66.3,0
S3014,8.94,Electrical and Electronics Engineering,2,1,1,0,1,77.3,9.3,60.5,0,3,0,71.7,1,MNC,Web Developer,82.84,71.7,0
S3015,9.54,Information Technology,1,1,1,0,0,73.8,8.5,76.3,2,1,0,67.2,1,MNC,Analyst,75.49,67.2,0
S3016,9.61,Civil Engineering,3,1,1,1,1,65.9,6.0,49.4,0,5,0,85.9,1,Mid-size,Web Developer,71.1,85.9,0
S3017,7.75,Information Technology,2,1,1,0,1,5.0,9.8,60.4,1,5,0,91.4,1,MNC,Software Engineer,90.43,91.4,0
S3018,5.95,Electronics and Communication Engineering,1,1,1,0,1,41.5,6.5,94.6,1,2,0,64.8,1,Mid-size,Data Scientist,59.35,64.8,0
S3019,7.46,Electrical and Electronics Engineering,2,0,1,0,1,19.9,5.8,69.1,2,2,1,64.8,1,MNC,Analyst,85.48,64.8,0
S3020,9.68,Electrical and Electronics Engineering,2,1,1,0,1,44.4,7.0,86.9,0,5,0,72.6,1,MNC,Analyst,71.85,72.6,0
S3021,8.7,Mechanical Engineering,2,0,1,0,1,55.3,4.9,57.2,0,6,1,60.3,1,Mid-size,Analyst,68.56,60.3,0
S3022,6.86,Electrical and Electronics Engineering,1,1,0,0,0,60.7,6.0,95.6,0,1,0,30.5,1,Startup,Analyst,38.17,30.5,0
S3023,8.61,Civil Engineering,2,1,1,0,0,6.7,9.2,52.4,3,1,0,81.2,1,Mid-size,Data Scientist,53.48,81.2,0
S3024,6.18,Mechanical Engineering,3,1,1,0,1,99.2,7.6,67.4,0,6,0,84.5,1,Mid-size,Web Developer,63.78,84.5,0
S3025,6.36,Computer Science and Engineering,1,1,1,0,1,28.1,6.0,70.5,0,3,1,65.7,1,MNC,Data Scientist,71.21,65.7,0
S3026,9.25,Computer Science and Engineering,1,1,1,0,0,78.2,8.3,99.3,1,1,0,64.1,1,Mid-size,Data Scientist,72.9,64.1,0
S3027,6.67,Computer Science and Engineering,2,1,0,0,0,53.7,7.8,89.6,0,1,0,38.4,1,Startup,Analyst,46.82,38.4,0
S3028,5.76,Information Technology,3,1,1,1,1,92.3,9.1,66.3,0,4,0,87.3,1,MNC,Web Developer,74.73,87.3,0
S3029,9.34,Electrical and Electronics Engineering,1,1,1,0,1,55.2,7.8,43.9,2,4,0,93.1,1,MNC,Web Developer,91.53,93.1,0
S3030,9.92,Computer Science and Engineering,2,1,1,0,0,34.6,7.7,66.9,0,6,0,70.1,1,Mid-size,Analyst,57.56,70.1,0
S3031,7.6,Civil Engineering,3,1,0,0,0,98.7,8.4,76.2,0,2,1,47.6,1,Startup,Web Developer,42.55,47.6,0
S3032,7.69,Electrical and Electronics Engineering,2,0,0,0,0,76.1,8.5,73.1,2,3,0,56.1,1,Startup,Software Engineer,48.27,56.1,0
S3033,6.94,Civil Engineering,1,0,1,1,1,91.5,4.7,47.7,2,3,0,76.6,1,Top Tech,Software Engineer,113.74,76.6,0
S3034,5.02,Electronics and Communication Engineering,1,0,1,0,1,90.5,4.1,79.6,0,6,0,65.5,1,MNC,Data Scientist,63.79,65.5,0
S3035,9.49,Electronics and Communication Engineering,1,1,1,1,1,28.7,5.6,73.6,1,5,3,87.7,1,MNC,Data Scientist,81.75,87.7,0
S3036,9.87,Civil Engineering,3,1,1,0,0,57.3,8.3,68.9,0,5,0,66.2,1,Mid-size,Analyst,53.73,66.2,0
S3037,8.47,Mechanical Engineering,3,0,1,0,1,10.3,5.0,79.4,0,3,0,48.6,1,MNC,Data Scientist,63.39,48.6,0
S3038,5.49,Mechanical Engineering,1,1,1,0,0,49.1,4.4,90.4,1,3,0,56.2,1,Mid-size,Data Scientist,68.35,56.2,0
S3039,5.32,Electrical and Electronics Engineering,1,1,0,1,0,53.3,8.3,92.8,1,6,0,87.8,1,Mid-size,Data Scientist,60.57,87.8,0
S3040,8.06,Electrical and Electronics Engineering,3,1,1,0,1,96.1,8.9,92.9,1,1,0,73.6,1,MNC,Software Engineer,94.78,73.6,0
S3041,9.1,Electronics and Communication Engineering,1,1,1,0,0,52.3,4.7,68.7,1,4,0,61.6,1,Mid-size,Analyst,58.84,61.6,0
S3042,8.38,Civil Engineering,3,1,0,0,0,4.2,6.5,41.1,0,5,0,56.8,0,Not placed,Not placed,,56.8,0
S3043,8.51,Computer Science and Engineering,2,0,1,0,0,10.4,6.8,52.8,0,1,0,36.6,1,Startup,Analyst,33.37,36.6,0
S3044,7.77,Mechanical Engineering,1,1,0,0,0,36.2,4.3,63.3,1,5,0,55.4,1,Startup,Analyst,47.56,55.4,0
S3045,8.0,Information Technology,1,1,1,0,0,89.5,8.3,59.2,2,1,2,73.5,1,Mid-size,Software Engineer,54.51,73.5,0
S3046,9.25,Electrical and Electronics Engineering,3,0,1,0,0,91.3,7.2,45.6,3,5,1,91.3,1,Startup,Web Developer,53.2,91.3,0
S3047,8.5,Electrical and Electronics Engineering,3,1,0,0,1,62.6,7.5,79.2,2,5,0,88.1,1,MNC,Analyst,68.13,88.1,0
S3048,8.54,Mechanical Engineering,3,0,0,1,0,22.6,7.3,88.1,1,4,0,60.0,1,Startup,Software Engineer,40.33,60.0,0
S3049,8.97,Electronics and Communication Engineering,1,1,0,0,1,78.0,5.5,57.8,1,1,1,51.5,1,MNC,Web Developer,89.22,51.5,0
S3050,5.25,Electronics and Communication Engineering,3,1,1,0,0,97.0,4.7,70.6,1,5,0,66.2,1,MNC,Data Scientist,89.66,66.2,0
S3051,5.08,Information Technology,1,1,1,0,1,66.4,6.9,46.4,3,5,0,100.0,1,Mid-size,Analyst,72.65,103.2,1
S3052,7.84,Electronics and Communication Engineering,1,1,0,0,0,94.5,6.6,75.2,3,2,0,66.4,1,Startup,Software Engineer,46.04,66.4,0
S3053,8.28,Mechanical Engineering,3,1,0,0,1,19.2,8.6,48.3,0,5,0,75.4,1,Mid-size,Web Developer,60.46,75.4,0
S3054,7.59,Computer Science and Engineering,2,1,0,1,1,72.4,8.2,90.9,0,5,0,81.0,1,MNC,Analyst,70.18,81.0,0
S3055,9.82,Information Technology,1,1,1,0,0,12.3,9.6,69.4,1,3,1,69.0,1,Mid-size,Web Developer,59.89,69.0,0
S3056,5.31,Computer Science and Engineering,1,1,0,0,1,7.8,6.1,71.1,2,2,1,68.1,1,Mid-size,Data Scientist,50.51,68.1,0
S3057,8.21,Information Technology,2,0,1,1,0,8.8,4.1,62.2,0,5,2,52.7,0,Not placed,Not placed,,52.7,0
S3058,8.51,Electrical and Electronics Engineering,2,1,1,0,0,47.3,4.6,54.7,1,2,0,56.6,1,MNC,Data Scientist,68.3,56.6,0
S3059,8.61,Computer Science and Engineering,2,1,0,0,0,45.0,5.3,85.6,1,3,0,51.9,1,Startup,Web Developer,43.73,51.9,0
S3060,7.88,Electrical and Electronics Engineering,3,1,0,1,0,17.1,7.1,95.9,1,5,1,75.5,1,MNC,Analyst,66.0,75.5,0
S3061,9.5,Civil Engineering,3,1,1,0,0,40.1,8.7,48.3,1,5,0,83.3,1,Mid-size,Data Scientist,63.46,83.3,0
S3062,5.38,Electronics and Communication Engineering,3,1,0,1,0,25.8,7.8,80.4,2,1,0,66.9,1,Mid-size,Software Engineer,70.01,66.9,0
S3063,8.27,Electronics and Communication Engineering,3,0,1,1,1,22.8,9.1,97.9,0,1,0,57.4,1,Mid-size,Data Scientist,67.5,57.4,0
S3064,5.06,Electrical and Electronics Engineering,2,1,0,1,0,49.2,4.2,93.7,0,4,0,50.3,1,MNC,Web Developer,80.91,50.3,0
S3065,6.67,Electrical and Electronics Engineering,2,1,1,0,1,80.1,5.0,79.9,0,3,0,58.0,1,MNC,Web Developer,64.31,58.0,0
S3066,8.71,Computer Science and Engineering,2,0,0,0,0,42.9,4.7,85.3,1,3,0,43.8,1,Startup,Analyst,37.99,43.8,0
S3067,6.67,Mechanical Engineering,1,1,1,0,1,92.9,6.3,41.6,2,3,0,84.9,1,Top Tech,Web Developer,93.93,84.9,0
S3068,9.99,Civil Engineering,2,0,0,0,1,24.7,8.4,41.6,2,6,1,84.2,1,Startup,Software Engineer,45.46,84.2,0
S3069,5.09,Computer Science and Engineering,3,1,0,0,1,40.1,4.3,55.2,0,1,1,41.7,0,Not placed,Not placed,,41.7,0
S3070,9.91,Electronics and Communication Engineering,2,1,0,0,0,38.5,9.8,60.4,2,3,0,77.7,1,Startup,Data Scientist,47.92,77.7,0
S3071,5.45,Civil Engineering,3,0,1,0,0,38.5,8.6,57.1,3,1,0,72.1,1,Startup,Data Scientist,41.21,72.1,0
S3072,8.92,Electrical and Electronics Engineering,3,1,0,0,1,34.4,5.3,71.5,1,3,0,58.8,1,Mid-size,Software Engineer,64.88,58.8,0
S3073,8.35,Electronics and Communication Engineering,2,1,1,1,0,51.1,9.7,77.0,2,2,1,86.7,1,Mid-size,Web Developer,69.38,86.7,0
S3074,7.16,Computer Science and Engineering,2,0,0,0,0,42.2,9.0,46.9,0,6,1,52.5,0,Not placed,Not placed,,52.5,0
S3075,8.42,Electronics and Communication Engineering,1,1,1,0,1,69.4,4.3,59.8,1,1,0,62.4,1,Mid-size,Data Scientist,67.21,62.4,0
S3076,7.01,Civil Engineering,2,0,1,0,1,18.4,5.1,46.5,2,4,0,77.0,1,MNC,Data Scientist,71.26,77.0,0
S3077,5.72,Mechanical Engineering,2,1,0,0,0,31.6,10.0,53.6,0,1,0,47.4,1,Startup,Analyst,40.16,47.4,0
S3078,8.05,Mechanical Engineering,1,0,0,0,0,73.2,5.3,73.7,2,5,0,61.6,1,Startup,Software Engineer,40.88,61.6,0
S3079,9.36,Computer Science and Engineering,3,0,0,0,0,70.6,4.6,68.6,2,1,0,34.3,0,Not placed,Not placed,,34.3,0
S3080,9.23,Computer Science and Engineering,3,1,0,0,0,31.1,9.3,74.1,1,1,0,49.8,1,Startup,Web Developer,44.68,49.8,0
S3081,9.5,Electrical and Electronics Engineering,1,0,1,0,0,55.5,7.8,41.8,1,2,0,51.9,1,Startup,Web Developer,40.4,51.9,0
S3082,8.9,Civil Engineering,3,1,1,0,1,0.9,9.5,91.9,1,1,0,73.9,1,Mid-size,Analyst,71.23,73.9,0
S3083,6.62,Electronics and Communication Engineering,2,1,1,1,0,30.2,7.2,75.4,1,2,0,75.0,1,MNC,Software Engineer,83.14,75.0,0
S3084,8.14,Mechanical Engineering,1,0,1,1,1,58.5,10.0,46.3,1,1,1,79.0,1,MNC,Software Engineer,90.06,79.0,0
S3085,9.43,Civil Engineering,3,0,1,0,0,3.6,9.8,80.5,1,4,3,67.5,0,Not placed,Not placed,,67.5,0
S3086,7.33,Electrical and Electronics Engineering,1,1,1,0,0,24.6,8.5,90.7,3,4,2,98.2,1,Mid-size,Data Scientist,61.03,98.2,0
S3087,7.58,Electrical and Electronics Engineering,1,1,1,0,0,62.0,7.5,43.1,1,6,2,81.9,1,Mid-size,Software Engineer,64.24,81.9,0
S3088,5.54,Electrical and Electronics Engineering,3,1,0,0,0,18.4,5.4,61.2,0,3,0,39.0,0,Not placed,Not placed,,39.0,0
S3089,5.2,Electronics and Communication Engineering,2,0,1,0,0,84.2,6.2,60.7,2,6,0,81.8,1,Startup,Web Developer,51.62,81.8,0
S3090,7.32,Civil Engineering,2,1,1,0,0,52.3,7.6,97.6,1,4,0,75.7,1,Mid-size,Analyst,57.49,75.7,0
S3091,8.12,Electronics and Communication Engineering,1,1,0,0,0,21.6,6.4,93.7,1,4,2,61.1,0,Not placed,Not placed,,61.1,0
S3092,8.72,Information Technology,1,0,1,0,0,7.1,6.8,96.2,1,5,0,64.2,1,Startup,Software Engineer,40.69,64.2,0
S3093,6.37,Civil Engineering,3,1,0,0,1,63.6,5.9,61.6,2,4,0,73.8,1,MNC,Analyst,81.7,73.8,0
S3094,7.92,Civil Engineering,1,1,1,1,0,13.0,6.6,41.6,2,3,0,81.0,1,MNC,Web Developer,89.33,81.0,0
S3095,6.53,Mechanical Engineering,1,0,0,0,0,80.3,5.2,40.3,1,2,0,33.8,1,Startup,Software Engineer,41.65,33.8,0
S3096,8.87,Electrical and Electronics Engineering,1,1,1,0,0,95.7,4.8,88.8,1,4,2,64.4,1,Mid-size,Software Engineer,71.8,64.4,0
S3097,9.25,Information Technology,3,1,1,0,0,68.1,4.4,69.9,2,3,0,68.1,1,Mid-size,Web Developer,62.37,68.1,0
S3098,8.57,Electrical and Electronics Engineering,3,1,1,0,0,61.9,9.7,77.7,0,2,0,61.9,1,MNC,Web Developer,80.33,61.9,0
S3099,8.69,Civil Engineering,3,1,1,0,0,63.4,5.3,60.0,0,2,0,49.5,1,MNC,Web Developer,72.41,49.5,0
S3100,9.35,Electronics and Communication Engineering,3,0,0,1,1,9.3,8.8,78.7,0,2,2,55.6,0,Not placed,Not placed,,55.6,0
S3101,9.06,Mechanical Engineering,2,0,1,0,0,37.6,6.6,46.4,1,5,0,67.3,1,Startup,Web Developer,41.84,67.3,0
S3102,8.72,Electronics and Communication Engineering,1,1,1,0,1,0.8,8.2,70.4,3,3,0,100.0,1,MNC,Data Scientist,73.18,102.0,1
S3103,5.03,Information Technology,1,1,1,1,0,28.0,9.2,90.7,1,5,0,92.0,1,MNC,Data Scientist,72.46,92.0,0
S3104,7.19,Computer Science and Engineering,1,1,1,1,1,57.2,7.7,65.8,2,1,0,83.2,1,MNC,Data Scientist,91.29,83.2,0
S3105,6.39,Computer Science and Engineering,1,1,1,0,1,34.1,7.4,56.2,2,1,1,73.9,1,MNC,Web Developer,78.64,73.9,0
S3106,5.31,Civil Engineering,1,1,1,1,0,21.1,6.3,99.0,0,3,1,62.0,1,MNC,Data Scientist,81.09,62.0,0
S3107,6.17,Electrical and Electronics Engineering,3,0,1,1,1,26.9,8.8,61.5,1,5,0,88.0,1,MNC,Data Scientist,81.65,88.0,0
S3108,7.42,Computer Science and Engineering,2,1,0,0,0,79.9,6.7,50.1,1,3,1,52.3,1,Startup,Web Developer,45.63,52.3,0
S3109,9.68,Information Technology,2,1,1,0,1,79.3,5.8,57.5,0,3,0,62.9,1,MNC,Web Developer,78.55,62.9,0
S3110,7.54,Computer Science and Engineering,1,1,0,0,0,58.0,9.1,92.8,3,5,0,94.6,1,Startup,Data Scientist,43.88,94.6,0
S3111,7.03,Information Technology,3,1,1,0,0,41.7,4.1,45.7,3,5,0,91.4,1,MNC,Web Developer,70.42,91.4,0
S3112,5.42,Electrical and Electronics Engineering,2,1,0,0,0,65.7,6.8,96.7,1,6,0,69.9,1,Startup,Software Engineer,51.34,69.9,0
S3113,6.95,Electrical and Electronics Engineering,3,0,1,0,1,99.0,7.5,68.8,1,5,0,77.1,1,Mid-size,Data Scientist,61.85,77.1,0
S3114,8.51,Information Technology,2,1,0,0,0,22.6,8.6,47.3,0,6,0,68.5,1,Startup,Web Developer,46.32,68.5,0
S3115,7.28,Computer Science and Engineering,2,1,0,0,0,5.9,9.1,91.6,2,4,0,78.4,1,Startup,Software Engineer,42.29,78.4,0
S3116,8.23,Computer Science and Engineering,3,0,1,0,1,39.2,9.1,88.9,0,1,0,53.5,1,MNC,Web Developer,66.51,53.5,0
S3117,5.24,Electrical and Electronics Engineering,2,0,0,0,1,8.0,4.3,87.9,2,6,0,76.5,1,Startup,Analyst,42.96,76.5,0
S3118,7.04,Computer Science and Engineering,2,1,0,0,0,60.6,4.4,60.0,0,5,2,45.3,0,Not placed,Not placed,,45.3,0
S3119,5.09,Electrical and Electronics Engineering,2,0,0,0,1,74.9,4.5,81.8,1,5,0,56.1,1,Startup,Web Developer,46.84,56.1,0
S3120,5.12,Information Technology,3,1,1,0,0,47.0,9.0,56.1,0,3,1,65.3,0,Not placed,Not placed,,65.3,0
S3121,6.2,Computer Science and Engineering,3,0,0,0,0,31.5,8.6,90.4,0,4,0,49.5,0,Not placed,Not placed,,49.5,0
S3122,9.91,Computer Science and Engineering,2,1,1,0,0,99.4,4.9,74.5,0,1,0,34.8,1,MNC,Analyst,70.61,34.8,0
S3123,6.66,Mechanical Engineering,1,0,1,1,1,80.5,8.1,88.7,1,1,0,69.5,1,MNC,Analyst,78.56,69.5,0
S3124,9.41,Civil Engineering,2,0,1,0,0,31.4,9.3,75.8,0,6,0,66.5,1,Startup,Web Developer,43.66,66.5,0
S3125,6.48,Computer Science and Engineering,2,1,1,1,0,75.5,7.7,71.9,3,4,0,100.0,1,MNC,Analyst,76.67,105.2,1
S3126,8.65,Electrical and Electronics Engineering,3,0,0,0,1,75.3,6.8,96.6,0,2,2,39.3,0,Not placed,Not placed,,39.3,0
S3127,5.89,Electrical and Electronics Engineering,1,1,0,1,1,56.2,8.3,43.0,0,5,1,75.4,1,Mid-size,Data Scientist,58.14,75.4,0
S3128,9.62,Electronics and Communication Engineering,3,0,1,0,0,53.7,7.2,52.2,1,2,0,56.5,1,Startup,Data Scientist,45.08,56.5,0
S3129,8.58,Electrical and Electronics Engineering,2,1,0,1,1,54.2,4.0,53.4,1,6,0,85.9,1,MNC,Web Developer,70.6,85.9,0
S3130,9.22,Information Technology,3,1,0,0,0,29.4,6.2,71.1,1,3,0,56.2,0,Not placed,Not placed,,56.2,0
S3131,5.46,Information Technology,3,1,0,0,1,22.7,8.2,99.7,2,4,0,80.4,1,MNC,Analyst,85.29,80.4,0
S3132,6.15,Mechanical Engineering,3,0,1,0,1,14.4,8.8,88.8,0,5,0,76.0,1,Mid-size,Web Developer,64.14,76.0,0
S3133,8.84,Information Technology,2,0,0,1,1,6.8,6.8,98.9,3,6,0,100.0,1,Mid-size,Web Developer,69.08,103.9,1
S3134,7.79,Electrical and Electronics Engineering,3,0,0,0,1,91.9,7.7,91.4,0,2,1,45.4,1,Startup,Analyst,41.71,45.4,0
S3135,9.74,Electrical and Electronics Engineering,1,0,0,1,1,55.0,8.2,66.6,1,4,0,77.5,1,MNC,Data Scientist,80.12,77.5,0
S3136,7.42,Electronics and Communication Engineering,3,1,1,0,1,84.8,4.4,56.7,1,6,0,84.5,1,MNC,Software Engineer,71.65,84.5,0
S3137,8.41,Civil Engineering,2,0,1,1,0,13.1,4.7,90.4,1,4,0,65.6,1,MNC,Data Scientist,70.59,65.6,0
S3138,8.81,Information Technology,1,1,0,0,0,33.2,8.8,49.3,3,1,0,71.1,1,Startup,Data Scientist,51.3,71.1,0
S3139,7.46,Mechanical Engineering,2,1,1,1,0,96.2,4.6,41.4,1,5,3,83.1,1,MNC,Software Engineer,87.67,83.1,0
S3140,6.33,Electrical and Electronics Engineering,2,1,1,0,0,56.8,9.4,99.5,1,1,2,66.6,1,MNC,Analyst,84.39,66.6,0
S3141,8.17,Information Technology,1,0,1,0,1,82.9,7.9,51.5,0,2,0,48.7,1,Mid-size,Software Engineer,53.75,48.7,0
S3142,7.21,Computer Science and Engineering,2,1,0,1,0,4.2,4.3,46.2,1,4,0,63.3,1,MNC,Analyst,74.14,63.3,0
S3143,9.34,Electronics and Communication Engineering,3,1,1,1,1,71.4,5.2,49.3,3,4,0,100.0,1,Mid-size,Data Scientist,73.14,107.2,1
S3144,6.18,Information Technology,3,1,1,1,1,26.7,9.1,48.6,1,6,0,100.0,1,Mid-size,Software Engineer,50.24,106.7,1
S3145,6.73,Computer Science and Engineering,2,1,1,0,1,34.1,9.6,41.6,0,2,0,65.1,1,Mid-size,Web Developer,59.14,65.1,0
S3146,9.8,Computer Science and Engineering,3,1,1,0,0,95.4,6.2,45.8,0,4,0,63.4,1,MNC,Data Scientist,86.8,63.4,0
S3147,8.04,Computer Science and Engineering,3,1,0,0,1,68.2,5.3,69.9,3,1,1,68.3,1,MNC,Data Scientist,71.68,68.3,0
S3148,5.91,Electrical and Electronics Engineering,2,0,1,0,1,81.9,7.7,57.6,1,6,0,83.5,1,Mid-size,Analyst,59.41,83.5,0
S3149,5.77,Electronics and Communication Engineering,1,0,1,0,0,56.4,4.2,93.1,1,5,0,61.7,1,Startup,Analyst,43.34,61.7,0
S3150,8.39,Information Technology,3,0,1,0,0,16.6,7.8,60.3,1,3,0,61.9,1,Startup,Software Engineer,42.65,61.9,0
S3151,8.44,Civil Engineering,1,0,1,0,0,16.4,9.8,86.4,0,6,0,68.5,1,Startup,Web Developer,47.14,68.5,0
S3152,5.35,Electrical and Electronics Engineering,1,0,0,1,1,13.3,6.1,43.2,1,2,1,60.6,1,Mid-size,Software Engineer,59.85,60.6,0
S3153,5.51,Mechanical Engineering,3,1,0,1,1,53.3,6.1,71.6,2,4,0,93.0,1,Mid-size,Software Engineer,64.75,93.0,0
S3154,6.64,Mechanical Engineering,1,0,0,0,1,24.7,6.5,78.5,1,3,1,55.7,1,Startup,Software Engineer,41.76,55.7,0
S3155,5.58,Information Technology,3,1,0,1,0,53.0,7.5,86.6,1,2,0,58.8,1,MNC,Software Engineer,87.38,58.8,0
S3156,6.09,Information Technology,2,0,1,0,1,40.3,9.2,45.8,1,2,0,65.2,1,MNC,Data Scientist,84.97,65.2,0
S3157,7.15,Civil Engineering,2,0,0,0,1,41.5,7.2,75.5,1,4,0,62.1,1,Startup,Web Developer,40.74,62.1,0
S3158,9.52,Mechanical Engineering,2,0,1,1,0,8.4,4.1,62.5,2,6,1,85.1,1,MNC,Software Engineer,85.97,85.1,0
S3159,8.77,Information Technology,3,0,0,0,0,54.8,9.4,58.2,0,1,1,30.1,0,Not placed,Not placed,,30.1,0
S3160,9.26,Electronics and Communication Engineering,2,0,1,0,0,9.6,10.0,93.4,2,2,2,74.3,1,Startup,Data Scientist,50.72,74.3,0
S3161,7.05,Computer Science and Engineering,1,0,1,0,1,55.1,4.2,69.5,2,6,0,78.5,1,MNC,Web Developer,86.63,78.5,0
S3162,9.94,Electrical and Electronics Engineering,1,1,1,0,1,36.0,6.2,56.1,0,3,0,67.6,1,MNC,Data Scientist,84.65,67.6,0
S3163,5.62,Electrical and Electronics Engineering,2,1,1,0,0,81.6,6.9,44.5,0,3,0,52.8,1,MNC,Analyst,78.05,52.8,0
S3164,8.99,Mechanical Engineering,1,0,1,0,1,62.1,7.4,95.6,0,4,1,61.9,1,Mid-size,Software Engineer,64.03,61.9,0
S3165,6.12,Electronics and Communication Engineering,2,1,0,0,0,29.1,4.5,52.5,1,2,0,41.8,0,Not placed,Not placed,,41.8,0
S3166,9.42,Civil Engineering,2,0,0,1,0,41.2,5.9,94.0,1,2,0,46.9,1,Startup,Analyst,47.88,46.9,0
S3167,5.22,Civil Engineering,3,1,0,0,0,93.3,7.3,95.4,2,3,0,67.5,1,Startup,Data Scientist,52.5,67.5,0
S3168,8.06,Information Technology,3,0,1,0,1,31.1,8.7,65.1,2,2,0,77.7,1,MNC,Web Developer,93.59,77.7,0
S3169,9.94,Information Technology,1,1,0,1,0,53.2,7.7,93.5,0,6,1,72.5,1,MNC,Web Developer,72.79,72.5,0
S3170,5.85,Electrical and Electronics Engineering,2,1,1,0,0,78.1,4.3,74.7,1,2,0,49.6,1,Mid-size,Web Developer,47.73,49.6,0
S3171,9.48,Mechanical Engineering,3,1,0,0,1,49.0,5.0,93.6,2,6,1,82.5,1,MNC,Analyst,70.17,82.5,0
S3172,7.47,Computer Science and Engineering,2,1,1,1,0,28.0,5.1,43.2,1,6,0,86.8,1,MNC,Data Scientist,67.23,86.8,0
S3173,8.67,Computer Science and Engineering,3,0,0,0,0,9.5,5.7,45.6,2,2,0,51.6,0,Not placed,Not placed,,51.6,0
S3174,6.46,Mechanical Engineering,1,1,1,0,0,4.9,9.0,85.7,0,5,3,70.8,0,Not placed,Not placed,,70.8,0
S3175,9.47,Computer Science and Engineering,2,1,1,0,1,91.8,6.6,54.4,1,2,0,70.9,1,Mid-size,Analyst,72.93,70.9,0
S3176,7.19,Electrical and Electronics Engineering,1,1,1,0,0,45.5,4.6,56.4,1,2,1,50.0,1,MNC,Web Developer,80.61,50.0,0
S3177,8.47,Computer Science and Engineering,2,0,0,1,0,98.6,4.3,69.8,0,6,0,54.3,1,Startup,Software Engineer,43.17,54.3,0
S3178,9.21,Civil Engineering,3,1,0,0,0,95.6,5.4,96.8,2,4,0,64.4,1,Startup,Data Scientist,45.4,64.4,0
S3179,5.81,Mechanical Engineering,1,1,0,0,0,20.5,6.7,80.6,2,2,1,58.5,0,Not placed,Not placed,,58.5,0
S3180,9.95,Civil Engineering,3,1,0,0,1,79.6,9.4,73.8,0,5,0,77.4,1,MNC,Analyst,84.51,77.4,0
S3181,7.91,Electrical and Electronics Engineering,2,1,0,0,1,19.6,4.7,61.6,2,5,0,76.6,1,Mid-size,Analyst,47.66,76.6,0
S3182,5.23,Civil Engineering,3,1,1,0,1,70.3,7.0,61.8,0,1,0,57.4,1,MNC,Analyst,79.26,57.4,0
S3183,7.25,Electronics and Communication Engineering,1,0,0,1,0,62.4,6.8,89.1,1,2,1,47.3,1,Startup,Analyst,48.13,47.3,0
S3184,7.49,Mechanical Engineering,3,0,0,0,1,19.3,9.2,82.1,0,5,0,67.0,0,Not placed,Not placed,,67.0,0
S3185,5.1,Information Technology,3,1,1,1,1,48.3,4.1,83.8,3,1,0,87.8,1,MNC,Web Developer,72.09,87.8,0
S3186,8.0,Electrical and Electronics Engineering,3,0,1,1,0,18.8,8.9,59.8,2,4,0,83.5,1,Mid-size,Data Scientist,57.6,83.5,0
S3187,6.59,Mechanical Engineering,3,1,1,0,1,62.2,5.0,74.3,1,5,0,77.4,1,MNC,Web Developer,81.81,77.4,0
S3188,5.7,Civil Engineering,2,1,0,1,0,62.2,7.9,45.5,2,2,0,71.5,1,Mid-size,Web Developer,59.74,71.5,0
S3189,8.7,Information Technology,2,1,1,1,0,99.7,6.0,80.3,2,5,0,91.8,1,MNC,Software Engineer,94.74,91.8,0
S3190,9.39,Computer Science and Engineering,3,1,1,1,0,35.7,4.8,74.2,1,6,0,83.8,1,MNC,Analyst,91.9,83.8,0
S3191,9.44,Electrical and Electronics Engineering,3,1,1,0,0,93.3,5.3,47.3,2,5,1,84.2,1,Mid-size,Data Scientist,77.13,84.2,0
S3192,7.11,Mechanical Engineering,3,1,1,0,1,40.6,5.8,92.7,2,6,0,100.0,1,Mid-size,Analyst,74.54,100.8,1
S3193,5.98,Information Technology,1,1,1,1,0,4.7,7.1,68.4,0,6,0,77.3,1,Mid-size,Analyst,55.5,77.3,0
S3194,5.94,Mechanical Engineering,2,1,1,1,0,1.8,7.5,48.6,2,6,0,100.0,1,Mid-size,Data Scientist,72.37,105.6,1
S3195,6.83,Computer Science and Engineering,1,1,0,1,0,11.7,5.5,65.5,1,2,1,58.0,1,MNC,Analyst,75.61,58.0,0
S3196,7.34,Information Technology,2,1,1,0,1,30.0,7.5,78.2,2,1,2,78.7,1,MNC,Web Developer,70.42,78.7,0
S3197,6.09,Mechanical Engineering,1,1,1,0,0,32.9,8.5,42.4,1,4,0,78.3,1,MNC,Software Engineer,67.43,78.3,0
S3198,5.56,Electronics and Communication Engineering,2,1,1,0,1,81.5,7.6,61.2,0,2,0,63.5,1,MNC,Analyst,88.18,63.5,0
S3199,8.23,Computer Science and Engineering,1,1,0,0,1,57.6,9.8,40.9,3,4,0,100.0,1,MNC,Software Engineer,75.91,101.9,1
S3200,5.59,Electrical and Electronics Engineering,2,1,1,0,1,42.0,5.6,79.9,2,1,1,70.3,1,Mid-size,Software Engineer,56.24,70.3,0
S3201,7.4,Electrical and Electronics Engineering,2,1,0,0,0,5.5,8.2,97.6,1,3,0,60.9,0,Not placed,Not placed,,60.9,0
S3202,5.64,Information Technology,3,1,1,1,1,13.7,9.8,83.8,0,2,0,78.7,1,MNC,Data Scientist,70.21,78.7,0
S3203,6.82,Electronics and Communication Engineering,2,0,1,0,1,24.8,7.6,76.8,2,5,2,90.8,1,MNC,Analyst,87.83,90.8,0
S3204,5.21,Civil Engineering,3,1,1,0,1,58.0,7.0,66.9,2,2,0,80.9,1,Mid-size,Data Scientist,71.85,80.9,0
S3205,6.01,Civil Engineering,2,0,1,0,0,52.6,9.1,93.8,1,5,0,70.5,1,Startup,Data Scientist,40.2,70.5,0
S3206,6.71,Computer Science and Engineering,2,1,0,1,0,59.3,7.8,80.3,0,2,1,49.6,1,MNC,Data Scientist,69.35,49.6,0
S3207,5.89,Electronics and Communication Engineering,2,1,0,1,1,38.6,7.2,69.3,2,3,0,90.7,1,MNC,Software Engineer,82.98,90.7,0
S3208,6.8,Information Technology,3,0,0,0,1,95.5,6.3,42.9,2,2,3,63.4,0,Not placed,Not placed,,63.4,0
S3209,6.07,Electrical and Electronics Engineering,2,1,1,0,0,46.5,5.4,97.3,1,2,0,60.1,1,MNC,Software Engineer,69.39,60.1,0
S3210,6.91,Computer Science and Engineering,1,1,0,1,1,47.4,4.6,77.6,2,6,1,90.3,1,Mid-size,Web Developer,55.41,90.3,0
S3211,9.45,Information Technology,2,0,0,0,0,36.1,9.5,79.5,1,4,0,60.8,1,Startup,Data Scientist,43.39,60.8,0
S3212,6.18,Electrical and Electronics Engineering,1,0,1,0,0,77.8,4.6,80.2,1,2,0,39.9,1,Startup,Analyst,42.48,39.9,0
S3213,6.81,Civil Engineering,3,1,1,0,0,16.2,9.6,88.0,0,4,1,65.5,1,Mid-size,Web Developer,61.2,65.5,0
S3214,9.41,Mechanical Engineering,3,1,0,0,0,73.0,4.0,67.9,3,5,0,75.5,1,Startup,Web Developer,42.83,75.5,0
S3215,5.37,Electronics and Communication Engineering,3,1,0,1,0,53.6,6.1,41.8,1,1,0,58.1,1,MNC,Web Developer,70.52,58.1,0
S3216,5.76,Civil Engineering,2,0,1,1,0,54.9,9.0,78.9,2,2,0,75.7,1,Mid-size,Web Developer,56.31,75.7,0
S3217,7.37,Civil Engineering,2,1,1,0,0,32.7,6.5,65.8,1,5,0,78.2,1,MNC,Web Developer,70.76,78.2,0
S3218,9.46,Information Technology,1,1,0,1,1,28.0,5.7,69.0,2,1,0,74.7,1,MNC,Data Scientist,84.48,74.7,0
S3219,9.49,Electrical and Electronics Engineering,3,1,0,0,1,28.0,9.1,76.3,2,1,1,70.2,1,MNC,Web Developer,84.17,70.2,0
S3220,8.78,Information Technology,3,1,1,0,1,1.8,8.8,68.8,2,6,1,100.0,1,MNC,Software Engineer,86.42,104.9,1
S3221,5.31,Civil Engineering,1,1,0,0,0,98.7,5.0,58.0,1,6,0,63.1,1,Startup,Web Developer,46.25,63.1,0
S3222,6.43,Electrical and Electronics Engineering,1,1,0,0,0,95.3,5.9,91.0,1,5,0,64.6,1,Startup,Data Scientist,39.65,64.6,0
S3223,6.94,Mechanical Engineering,2,1,1,0,0,92.1,6.2,80.1,1,2,1,55.2,1,MNC,Software Engineer,86.07,55.2,0
S3224,6.41,Mechanical Engineering,2,1,0,0,0,54.7,4.5,80.4,1,2,0,47.4,1,Startup,Software Engineer,46.42,47.4,0
S3225,6.41,Computer Science and Engineering,2,1,1,0,0,99.2,8.4,56.4,1,5,1,78.5,1,MNC,Analyst,94.48,78.5,0
S3226,6.1,Computer Science and Engineering,3,1,0,0,1,7.5,7.1,63.2,1,3,0,63.7,0,Not placed,Not placed,,63.7,0
S3227,7.28,Information Technology,1,1,1,0,0,73.6,5.4,69.1,2,4,0,71.9,1,MNC,Analyst,77.2,71.9,0
S3228,7.47,Electronics and Communication Engineering,2,0,1,0,0,24.5,4.5,85.1,0,3,0,43.2,0,Not placed,Not placed,,43.2,0
S3229,9.35,Electronics and Communication Engineering,2,1,1,0,0,61.4,7.2,53.9,0,4,0,64.8,1,MNC,Web Developer,74.62,64.8,0
S3230,8.7,Computer Science and Engineering,1,0,0,1,0,40.4,6.2,49.7,0,6,0,57.0,1,Startup,Data Scientist,43.78,57.0,0
S3231,7.38,Mechanical Engineering,2,1,0,1,0,26.0,4.8,72.5,0,2,0,39.4,0,Not placed,Not placed,,39.4,0
S3232,5.71,Computer Science and Engineering,2,0,1,0,0,23.9,8.9,49.8,1,5,2,74.6,1,Startup,Analyst,47.25,74.6,0
S3233,8.07,Information Technology,1,1,0,1,0,90.7,9.6,54.5,2,2,1,76.9,1,MNC,Web Developer,80.29,76.9,0
S3234,8.56,Computer Science and Engineering,1,0,1,0,1,44.5,9.0,77.7,3,2,0,87.8,1,Mid-size,Analyst,55.13,87.8,0
S3235,9.49,Computer Science and Engineering,1,0,1,0,0,22.4,9.2,94.6,1,5,2,77.3,1,Startup,Web Developer,40.35,77.3,0
S3236,9.52,Electrical and Electronics Engineering,3,1,1,1,1,82.8,8.6,92.6,2,5,0,100.0,1,MNC,Analyst,99.27,105.8,1
S3237,6.17,Mechanical Engineering,2,0,1,1,1,8.5,7.7,92.2,2,4,2,90.3,1,Mid-size,Analyst,55.72,90.3,0
S3238,9.12,Electrical and Electronics Engineering,2,0,0,0,0,35.2,7.6,98.6,0,6,0,56.6,1,Startup,Data Scientist,39.96,56.6,0
S3239,5.46,Information Technology,3,0,0,0,1,23.8,9.9,48.4,0,2,1,44.8,0,Not placed,Not placed,,44.8,0
S3240,5.71,Civil Engineering,2,0,0,1,1,51.5,6.0,89.8,0,3,0,48.9,1,MNC,Web Developer,78.83,48.9,0
S3241,7.23,Civil Engineering,2,0,1,0,0,84.2,6.9,84.9,2,1,0,51.4,1,Startup,Data Scientist,44.43,51.4,0
S3242,6.53,Civil Engineering,2,1,0,0,1,85.2,5.4,40.2,2,6,0,82.6,1,Mid-size,Software Engineer,53.11,82.6,0
S3243,8.38,Mechanical Engineering,3,0,0,0,1,90.9,9.0,99.0,1,3,0,65.4,1,Startup,Web Developer,48.3,65.4,0
S3244,5.27,Electrical and Electronics Engineering,1,0,0,0,0,54.3,9.7,91.7,1,1,0,47.7,1,Startup,Web Developer,38.52,47.7,0
S3245,6.12,Electronics and Communication Engineering,3,0,0,0,0,45.0,5.1,43.4,0,3,0,34.6,0,Not placed,Not placed,,34.6,0
S3246,5.54,Computer Science and Engineering,3,0,0,0,0,34.8,9.0,92.9,1,1,0,44.0,0,Not placed,Not placed,,44.0,0
S3247,9.79,Electrical and Electronics Engineering,3,1,1,0,0,43.9,6.3,60.3,0,2,0,52.4,0,Not placed,Not placed,,52.4,0
S3248,8.06,Electronics and Communication Engineering,3,1,0,1,0,81.8,7.3,76.7,3,2,1,78.4,1,Mid-size,Software Engineer,78.75,78.4,0
S3249,6.07,Information Technology,3,1,1,0,0,10.9,6.1,79.9,2,4,0,83.0,1,Mid-size,Software Engineer,64.45,83.0,0
S3250,8.07,Mechanical Engineering,3,1,0,1,1,59.3,6.5,67.2,1,3,0,77.4,1,MNC,Analyst,67.75,77.4,0
S3251,5.79,Mechanical Engineering,3,1,1,1,0,59.4,7.0,47.8,3,5,0,100.0,1,MNC,Software Engineer,87.78,102.0,1
S3252,8.69,Civil Engineering,3,1,0,0,0,21.4,6.3,98.7,3,2,0,71.5,1,Startup,Software Engineer,41.77,71.5,0
S3253,7.82,Information Technology,3,1,1,0,0,72.8,5.2,76.0,1,6,1,79.6,1,Mid-size,Software Engineer,60.16,79.6,0
S3254,7.59,Mechanical Engineering,3,1,1,1,0,54.6,5.7,52.1,0,1,0,49.8,1,MNC,Data Scientist,78.56,49.8,0
S3255,9.65,Electrical and Electronics Engineering,3,1,0,1,0,83.2,5.7,89.0,0,5,0,59.1,1,Mid-size,Software Engineer,69.15,59.1,0
S3256,5.7,Computer Science and Engineering,3,1,1,0,0,15.8,6.3,62.4,1,3,1,66.6,0,Not placed,Not placed,,66.6,0
S3257,6.1,Mechanical Engineering,1,0,0,0,0,76.0,4.2,64.0,3,2,0,53.1,1,Startup,Software Engineer,42.95,53.1,0
S3258,9.08,Electronics and Communication Engineering,1,0,1,1,0,47.6,4.8,80.7,2,6,0,83.5,1,Mid-size,Data Scientist,71.88,83.5,0
S3259,6.73,Civil Engineering,3,0,1,0,1,98.5,7.3,47.1,1,1,0,56.8,1,Mid-size,Web Developer,61.37,56.8,0
S3260,6.93,Computer Science and Engineering,3,1,1,0,0,84.3,5.1,42.3,0,5,2,58.0,0,Not placed,Not placed,,58.0,0
S3261,7.99,Mechanical Engineering,2,1,0,0,0,79.8,4.5,52.3,0,4,1,42.7,1,Startup,Web Developer,49.84,42.7,0
S3262,5.48,Mechanical Engineering,1,1,0,0,1,25.6,8.5,66.9,2,3,0,80.6,1,MNC,Web Developer,67.98,80.6,0
S3263,7.67,Computer Science and Engineering,2,1,1,1,0,70.4,8.2,64.7,0,1,3,60.2,0,Not placed,Not placed,,60.2,0
S3264,8.72,Electrical and Electronics Engineering,1,1,1,0,0,95.6,7.1,75.4,1,5,0,76.4,1,MNC,Web Developer,74.8,76.4,0
S3265,8.79,Computer Science and Engineering,3,1,0,0,0,42.6,6.6,54.2,2,4,1,72.3,0,Not placed,Not placed,,72.3,0
S3266,9.67,Electronics and Communication Engineering,2,0,0,0,1,52.1,9.6,73.9,2,2,0,73.0,1,Startup,Analyst,47.28,73.0,0
S3267,6.73,Computer Science and Engineering,1,0,0,0,1,66.0,8.7,43.9,0,6,1,65.0,1,Startup,Software Engineer,41.22,65.0,0
S3268,8.77,Mechanical Engineering,1,0,0,0,0,76.6,9.4,43.1,1,2,2,44.4,0,Not placed,Not placed,,44.4,0
S3269,6.73,Electronics and Communication Engineering,1,1,1,0,0,14.9,4.0,70.9,1,4,0,65.3,1,MNC,Data Scientist,76.45,65.3,0
S3270,6.31,Electronics and Communication Engineering,1,0,1,0,0,75.0,7.0,70.5,0,2,0,43.8,1,Startup,Data Scientist,39.4,43.8,0
S3271,9.83,Electronics and Communication Engineering,2,1,1,0,0,35.7,6.1,95.3,0,5,0,58.9,1,MNC,Data Scientist,84.51,58.9,0
S3272,9.59,Computer Science and Engineering,3,1,1,0,0,63.4,5.6,79.4,0,3,0,54.5,1,Mid-size,Analyst,57.16,54.5,0
S3273,8.5,Information Technology,1,0,0,0,0,82.9,7.5,46.5,1,1,0,37.8,1,Startup,Software Engineer,39.87,37.8,0
S3274,6.94,Electronics and Communication Engineering,2,1,1,1,1,57.6,7.4,94.3,0,2,0,75.9,1,MNC,Software Engineer,91.64,75.9,0
S3275,5.72,Electronics and Communication Engineering,1,1,0,0,1,78.9,7.4,88.5,0,2,0,55.0,1,Mid-size,Web Developer,54.19,55.0,0
S3276,6.16,Electronics and Communication Engineering,2,1,1,1,1,36.9,8.2,67.6,0,6,2,95.1,1,Mid-size,Web Developer,62.97,95.1,0
S3277,5.08,Computer Science and Engineering,1,0,1,0,1,62.2,6.7,82.6,3,1,0,74.5,1,MNC,Data Scientist,79.31,74.5,0
S3278,8.82,Information Technology,3,1,0,0,0,69.9,7.6,89.3,1,4,1,62.6,1,Startup,Data Scientist,43.06,62.6,0
S3279,7.11,Electrical and Electronics Engineering,3,1,0,0,0,14.8,6.4,59.3,0,4,0,53.8,0,Not placed,Not placed,,53.8,0
S3280,5.38,Mechanical Engineering,2,1,0,1,1,83.9,5.5,88.4,1,4,1,80.3,1,MNC,Software Engineer,78.56,80.3,0
S3281,9.21,Electronics and Communication Engineering,1,1,0,0,1,64.7,7.1,54.4,0,4,0,58.7,1,Mid-size,Analyst,70.2,58.7,0
S3282,7.07,Electrical and Electronics Engineering,3,1,1,1,1,88.3,4.5,80.8,0,1,0,53.7,1,MNC,Web Developer,69.65,53.7,0
S3283,7.42,Computer Science and Engineering,2,0,0,0,0,27.6,7.7,76.1,3,5,0,78.4,1,Startup,Software Engineer,40.4,78.4,0
S3284,9.24,Electrical and Electronics Engineering,3,1,0,1,0,24.6,4.4,70.9,0,4,0,55.0,1,MNC,Data Scientist,84.13,55.0,0
S3285,9.69,Computer Science and Engineering,2,1,0,0,0,86.5,5.4,81.5,1,5,1,56.6,1,Startup,Software Engineer,45.84,56.6,0
S3286,8.24,Information Technology,3,0,1,0,0,57.9,9.2,77.9,3,1,0,68.1,1,Startup,Data Scientist,52.73,68.1,0
S3287,6.83,Electronics and Communication Engineering,3,0,0,0,0,64.5,6.3,96.9,1,3,0,45.5,0,Not placed,Not placed,,45.5,0
S3288,7.85,Electrical and Electronics Engineering,2,0,0,1,1,23.8,6.1,40.2,0,6,1,64.8,1,MNC,Software Engineer,84.35,64.8,0
S3289,7.61,Civil Engineering,3,0,1,0,0,98.5,4.7,83.1,0,4,0,45.7,1,Startup,Data Scientist,46.24,45.7,0
S3290,7.19,Information Technology,2,1,1,0,0,29.6,9.2,65.7,1,3,0,73.9,1,Mid-size,Data Scientist,54.02,73.9,0
S3291,9.44,Information Technology,3,1,1,1,0,34.1,9.1,70.0,2,4,2,99.4,1,Mid-size,Web Developer,73.45,99.4,0
S3292,5.59,Mechanical Engineering,2,0,1,1,1,45.4,8.4,78.0,1,4,0,82.1,1,MNC,Software Engineer,67.43,82.1,0
S3293,9.76,Computer Science and Engineering,2,1,0,1,0,28.7,8.7,53.4,0,1,0,51.9,1,Mid-size,Analyst,62.1,51.9,0
S3294,5.67,Civil Engineering,1,0,1,1,0,96.4,5.0,95.5,2,1,1,61.7,1,MNC,Software Engineer,81.93,61.7,0
S3295,5.72,Computer Science and Engineering,2,1,1,0,0,92.5,8.2,77.3,1,6,0,84.2,1,MNC,Analyst,72.78,84.2,0
S3296,8.04,Mechanical Engineering,2,1,0,1,0,7.3,7.9,64.4,0,3,0,55.6,1,MNC,Web Developer,76.84,55.6,0
S3297,7.43,Electronics and Communication Engineering,3,0,1,0,1,47.0,8.4,94.5,1,1,0,60.1,1,Mid-size,Data Scientist,63.91,60.1,0
S3298,6.68,Mechanical Engineering,3,0,1,0,0,54.3,5.6,51.1,0,6,0,56.9,1,Startup,Analyst,39.68,56.9,0
S3299,5.81,Computer Science and Engineering,1,1,0,1,0,97.1,9.7,99.9,0,5,0,78.0,1,MNC,Software Engineer,71.8,78.0,0
S3300,6.57,Electronics and Communication Engineering,1,0,0,1,0,43.9,6.4,97.6,1,6,0,65.8,1,Startup,Web Developer,38.44,65.8,0
S3301,7.77,Civil Engineering,1,0,1,0,0,2.8,6.4,50.0,0,4,0,48.0,1,Startup,Data Scientist,38.64,48.0,0
S3302,7.16,Civil Engineering,3,0,1,0,0,89.2,9.1,73.5,3,5,1,93.0,1,Startup,Analyst,54.06,93.0,0
S3303,6.73,Electrical and Electronics Engineering,1,1,1,0,1,25.1,5.8,58.6,3,4,1,94.3,1,Mid-size,Analyst,65.92,94.3,0
S3304,6.2,Civil Engineering,2,1,0,0,1,26.9,8.3,70.9,1,5,0,84.9,1,Mid-size,Analyst,53.32,84.9,0
S3305,9.75,Civil Engineering,2,0,1,0,0,30.8,7.1,87.4,3,5,0,87.5,1,Startup,Analyst,44.43,87.5,0
S3306,6.53,Information Technology,3,1,1,1,0,84.2,4.9,59.8,1,1,0,64.2,1,MNC,Analyst,87.62,64.2,0
S3307,8.76,Electronics and Communication Engineering,1,1,1,0,1,69.6,7.4,61.2,3,1,0,84.4,1,Mid-size,Web Developer,70.29,84.4,0
S3308,6.57,Mechanical Engineering,2,1,1,0,1,16.0,4.7,73.9,1,1,2,59.7,0,Not placed,Not placed,,59.7,0
S3309,6.83,Computer Science and Engineering,3,0,1,0,1,44.7,5.2,59.5,0,1,0,43.4,1,MNC,Data Scientist,73.51,43.4,0
S3310,8.94,Civil Engineering,1,0,1,0,1,28.9,7.3,76.5,0,3,0,54.9,1,MNC,Web Developer,86.06,54.9,0
S3311,9.56,Computer Science and Engineering,1,1,1,0,1,51.0,4.2,75.1,1,1,0,62.1,1,Mid-size,Data Scientist,56.82,62.1,0
S3312,7.38,Electrical and Electronics Engineering,3,1,1,0,1,61.1,8.8,72.5,1,5,0,93.1,1,MNC,Web Developer,81.68,93.1,0
S3313,9.45,Electrical and Electronics Engineering,3,1,1,0,0,86.5,6.1,75.6,1,1,0,56.0,1,MNC,Software Engineer,92.04,56.0,0
S3314,5.2,Civil Engineering,3,1,0,0,1,66.5,4.7,75.9,0,6,0,66.7,1,MNC,Software Engineer,87.66,66.7,0
S3315,5.53,Mechanical Engineering,1,1,1,0,0,21.7,4.7,76.4,2,2,0,62.0,1,Mid-size,Web Developer,48.74,62.0,0
S3316,8.68,Civil Engineering,1,0,0,0,1,40.7,7.2,83.5,1,2,0,53.3,1,Startup,Analyst,39.42,53.3,0
S3317,8.52,Electrical and Electronics Engineering,3,0,1,1,0,52.1,8.2,53.8,2,3,0,82.6,1,MNC,Analyst,75.06,82.6,0
S3318,7.13,Electrical and Electronics Engineering,1,1,0,1,0,1.8,10.0,44.4,1,1,1,64.7,1,Mid-size,Software Engineer,48.86,64.7,0
S3319,6.5,Computer Science and Engineering,2,1,0,0,0,37.9,6.9,50.4,2,5,0,71.9,1,Startup,Analyst,47.68,71.9,0
S3320,5.07,Information Technology,2,0,1,1,1,57.3,8.2,53.8,1,5,0,87.0,1,Mid-size,Software Engineer,61.75,87.0,0
S3321,5.19,Information Technology,3,0,0,0,0,72.5,8.3,60.8,1,6,1,68.5,0,Not placed,Not placed,,68.5,0
S3322,5.33,Computer Science and Engineering,2,1,1,0,0,82.6,4.2,60.1,1,5,0,66.3,1,MNC,Analyst,82.73,66.3,0
S3323,5.13,Information Technology,1,0,1,0,0,13.1,5.3,70.2,0,1,0,32.9,0,Not placed,Not placed,,32.9,0
S3324,7.4,Mechanical Engineering,3,0,0,1,1,24.3,7.8,80.6,2,4,1,85.3,1,MNC,Analyst,84.58,85.3,0
S3325,7.83,Civil Engineering,1,1,0,0,0,73.8,6.0,47.0,0,3,0,43.5,1,Startup,Data Scientist,49.01,43.5,0
S3326,7.06,Electrical and Electronics Engineering,2,1,1,0,0,87.0,8.4,96.1,0,5,0,74.6,1,MNC,Software Engineer,78.29,74.6,0
S3327,5.98,Electronics and Communication Engineering,2,1,1,0,0,50.6,9.6,49.0,1,6,1,89.3,1,MNC,Data Scientist,93.8,89.3,0
S3328,8.0,Computer Science and Engineering,1,0,1,0,1,19.0,6.9,52.3,0,2,0,55.0,1,MNC,Web Developer,84.66,55.0,0
S3329,9.16,Computer Science and Engineering,2,0,1,0,1,31.2,5.5,64.5,1,3,0,64.1,1,MNC,Web Developer,81.45,64.1,0
S3330,8.67,Information Technology,3,0,1,0,0,66.4,9.5,73.6,1,3,0,63.4,1,Startup,Data Scientist,44.05,63.4,0
S3331,8.97,Civil Engineering,3,1,0,0,1,97.3,9.7,78.6,0,3,0,64.9,1,Mid-size,Data Scientist,58.49,64.9,0
S3332,6.22,Computer Science and Engineering,3,1,0,0,1,27.5,9.5,56.8,3,3,0,93.1,1,Mid-size,Data Scientist,68.39,93.1,0
S3333,9.19,Civil Engineering,1,1,0,1,0,92.2,4.0,66.3,0,2,0,46.2,1,Mid-size,Data Scientist,67.42,46.2,0
S3334,5.08,Electronics and Communication Engineering,3,1,0,0,0,31.1,7.1,60.0,1,1,0,46.6,0,Not placed,Not placed,,46.6,0
S3335,5.83,Information Technology,3,0,0,0,1,44.7,9.4,47.2,0,4,0,60.1,0,Not placed,Not placed,,60.1,0
S3336,5.66,Civil Engineering,2,1,1,1,0,90.3,5.3,75.8,1,6,3,85.6,1,Mid-size,Data Scientist,52.96,85.6,0
S3337,7.22,Civil Engineering,1,0,0,1,0,70.8,5.5,58.2,0,4,0,48.7,1,Startup,Analyst,42.72,48.7,0
S3338,8.26,Civil Engineering,3,1,1,0,0,15.6,7.9,75.7,0,1,0,53.7,0,Not placed,Not placed,,53.7,0
S3339,5.26,Electrical and Electronics Engineering,1,0,1,0,1,60.0,8.0,52.8,0,1,0,48.5,1,MNC,Web Developer,78.71,48.5,0
S3340,8.89,Civil Engineering,3,1,0,0,0,75.9,5.5,81.0,1,3,1,55.0,1,Startup,Software Engineer,42.89,55.0,0
S3341,7.09,Electronics and Communication Engineering,2,1,0,0,0,33.4,9.9,65.9,1,4,0,70.9,1,Startup,Web Developer,37.26,70.9,0
S3342,6.41,Electronics and Communication Engineering,1,0,1,0,0,18.5,6.1,96.1,2,2,0,56.5,1,Startup,Web Developer,41.98,56.5,0
S3343,8.31,Electrical and Electronics Engineering,2,1,0,0,0,33.9,6.7,80.9,2,3,0,69.0,1,Startup,Software Engineer,45.69,69.0,0
S3344,8.11,Civil Engineering,1,1,1,0,0,52.2,8.6,78.9,3,4,0,95.1,1,MNC,Software Engineer,77.12,95.1,0
S3345,5.43,Electronics and Communication Engineering,2,1,0,1,1,39.8,9.9,92.1,0,3,0,72.5,1,MNC,Web Developer,79.84,72.5,0
S3346,6.66,Electronics and Communication Engineering,1,1,0,1,0,79.4,6.6,51.7,2,5,2,88.4,1,Mid-size,Web Developer,72.45,88.4,0
S3347,5.81,Information Technology,2,1,0,1,0,98.7,6.4,50.2,3,1,0,76.9,1,MNC,Software Engineer,91.18,76.9,0
S3348,5.51,Mechanical Engineering,1,0,1,0,0,29.7,7.4,93.0,0,3,0,49.8,1,Startup,Data Scientist,33.78,49.8,0
S3349,8.14,Civil Engineering,2,1,0,0,1,13.5,4.5,77.2,0,4,0,49.2,0,Not placed,Not placed,,49.2,0
S3350,7.93,Computer Science and Engineering,1,1,1,0,0,86.2,7.8,81.7,0,1,0,43.6,1,MNC,Data Scientist,72.77,43.6,0
S3351,6.12,Information Technology,2,0,1,0,0,66.1,5.4,74.0,0,4,1,47.1,0,Not placed,Not placed,,47.1,0
S3352,5.68,Electronics and Communication Engineering,1,0,1,0,0,84.1,9.7,65.7,1,2,0,63.0,1,Startup,Software Engineer,47.89,63.0,0
S3353,9.43,Computer Science and Engineering,2,0,0,1,1,43.4,6.1,56.7,0,5,0,64.8,1,MNC,Web Developer,64.31,64.8,0
S3354,8.48,Computer Science and Engineering,3,0,0,0,0,21.9,6.0,47.7,2,2,0,49.0,1,Startup,Analyst,36.1,49.0,0
S3355,9.33,Electronics and Communication Engineering,1,1,0,0,1,17.8,9.2,97.7,0,2,0,62.1,1,Mid-size,Software Engineer,53.98,62.1,0
S3356,9.42,Electrical and Electronics Engineering,1,0,1,0,0,97.6,5.4,94.5,1,6,0,67.4,1,Startup,Analyst,41.95,67.4,0
S3357,6.73,Computer Science and Engineering,2,1,1,0,0,67.7,8.1,88.5,2,1,0,68.1,1,Mid-size,Data Scientist,54.21,68.1,0
S3358,5.36,Computer Science and Engineering,3,1,1,0,0,83.4,5.8,44.2,1,2,0,59.4,1,MNC,Web Developer,85.82,59.4,0
S3359,6.53,Computer Science and Engineering,3,1,0,0,0,21.4,6.1,84.0,0,2,0,43.2,0,Not placed,Not placed,,43.2,0
S3360,7.4,Electrical and Electronics Engineering,3,1,0,1,1,87.2,7.7,93.0,1,3,0,76.4,1,MNC,Software Engineer,76.71,76.4,0
S3361,8.64,Computer Science and Engineering,1,1,1,0,1,17.5,9.6,58.4,0,3,0,69.9,1,MNC,Software Engineer,68.89,69.9,0
S3362,5.48,Electrical and Electronics Engineering,2,0,1,0,0,88.0,6.7,49.4,1,2,0,51.0,1,Startup,Software Engineer,43.86,51.0,0
S3363,5.66,Information Technology,1,1,0,0,0,98.0,9.5,74.9,0,5,3,66.4,1,Startup,Web Developer,37.57,66.4,0
S3364,5.53,Computer Science and Engineering,2,0,1,0,0,9.1,6.6,86.4,2,1,0,53.9,1,Startup,Web Developer,41.54,53.9,0
S3365,8.94,Computer Science and Engineering,1,1,1,0,1,36.3,6.9,61.1,2,2,0,77.3,1,Mid-size,Software Engineer,68.4,77.3,0
S3366,8.27,Mechanical Engineering,1,1,1,0,1,29.8,7.2,94.7,2,1,0,77.6,1,Mid-size,Analyst,52.38,77.6,0
S3367,9.52,Electrical and Electronics Engineering,2,0,0,0,0,23.8,8.3,78.7,1,1,0,42.4,1,Startup,Software Engineer,42.09,42.4,0
S3368,8.09,Mechanical Engineering,2,1,1,0,0,42.3,6.4,65.4,1,5,0,74.4,1,Mid-size,Data Scientist,59.18,74.4,0
S3369,5.08,Mechanical Engineering,3,0,0,1,0,18.1,4.5,42.8,2,4,0,61.6,0,Not placed,Not placed,,61.6,0
S3370,5.58,Mechanical Engineering,1,1,1,0,1,14.0,7.6,49.3,1,2,0,69.6,1,Mid-size,Web Developer,50.95,69.6,0
S3371,9.52,Electrical and Electronics Engineering,2,0,0,0,0,88.6,9.3,96.9,0,5,0,56.7,1,Startup,Web Developer,54.05,56.7,0
S3372,6.96,Mechanical Engineering,3,0,0,0,1,44.4,9.2,74.0,0,1,0,38.0,0,Not placed,Not placed,,38.0,0
S3373,5.63,Computer Science and Engineering,2,1,1,0,1,4.0,8.3,58.9,0,1,0,57.0,1,Mid-size,Software Engineer,58.13,57.0,0
S3374,5.84,Electrical and Electronics Engineering,3,0,0,1,1,96.8,9.0,93.2,2,3,0,77.6,1,Mid-size,Analyst,61.43,77.6,0
S3375,6.04,Mechanical Engineering,1,0,0,0,1,59.3,6.4,75.0,2,1,0,52.0,1,Startup,Software Engineer,47.33,52.0,0
S3376,9.66,Computer Science and Engineering,1,1,1,1,1,62.8,6.5,56.4,0,3,0,73.6,1,MNC,Software Engineer,79.55,73.6,0
S3377,9.89,Mechanical Engineering,1,1,1,1,0,52.2,5.5,93.9,0,3,0,61.0,1,Mid-size,Data Scientist,71.31,61.0,0
S3378,8.68,Civil Engineering,3,1,1,1,1,82.0,5.7,80.1,0,6,2,88.7,1,MNC,Analyst,81.95,88.7,0
S3379,8.45,Electronics and Communication Engineering,2,1,0,0,0,89.8,4.6,49.2,1,3,0,47.1,1,Startup,Web Developer,53.2,47.1,0
S3380,8.71,Civil Engineering,3,1,1,0,1,67.5,5.6,72.0,1,6,0,88.7,1,Mid-size,Web Developer,73.0,88.7,0
S3381,5.1,Information Technology,1,1,0,0,0,86.8,7.1,78.9,1,5,1,64.3,1,Startup,Data Scientist,43.45,64.3,0
S3382,5.14,Computer Science and Engineering,1,1,1,0,0,68.2,5.7,43.2,0,6,0,63.6,1,Mid-size,Data Scientist,65.99,63.6,0
S3383,7.17,Electronics and Communication Engineering,3,0,1,0,1,98.3,9.4,97.8,0,4,1,72.3,1,Mid-size,Web Developer,62.49,72.3,0
S3384,8.33,Mechanical Engineering,3,0,1,0,1,32.3,8.8,62.6,2,4,1,85.7,1,MNC,Analyst,79.32,85.7,0
S3385,7.03,Electronics and Communication Engineering,3,1,1,0,1,43.5,7.2,61.0,1,6,0,92.9,1,MNC,Data Scientist,88.32,92.9,0
S3386,6.23,Information Technology,2,1,0,1,1,96.5,6.6,77.4,2,3,0,82.4,1,MNC,Analyst,83.13,82.4,0
S3387,6.61,Mechanical Engineering,2,1,1,1,1,59.4,5.4,60.0,3,6,0,100.0,1,Mid-size,Analyst,56.18,119.0,1
S3388,5.1,Electronics and Communication Engineering,1,0,1,1,0,4.0,5.6,74.7,2,1,0,61.0,1,Mid-size,Data Scientist,67.35,61.0,0
S3389,6.08,Computer Science and Engineering,1,1,1,0,0,96.6,4.6,56.3,1,5,1,68.2,1,Mid-size,Software Engineer,72.59,68.2,0
S3390,8.65,Electrical and Electronics Engineering,2,1,1,1,0,64.9,8.9,66.0,2,2,0,89.7,1,MNC,Data Scientist,93.69,89.7,0
S3391,7.85,Information Technology,3,0,1,1,0,87.2,9.8,72.3,0,5,0,79.1,1,Mid-size,Data Scientist,58.31,79.1,0
S3392,6.57,Computer Science and Engineering,2,0,1,1,0,24.3,5.5,87.5,1,5,0,71.3,1,MNC,Data Scientist,68.3,71.3,0
S3393,5.61,Civil Engineering,2,0,1,0,0,63.3,6.6,73.5,0,5,0,57.4,1,Startup,Web Developer,45.57,57.4,0
S3394,8.16,Mechanical Engineering,3,1,1,0,0,9.3,9.0,66.9,3,5,2,100.0,1,MNC,Analyst,75.84,103.8,1
S3395,7.11,Mechanical Engineering,3,1,1,0,0,58.5,8.3,64.4,0,6,0,70.1,1,Mid-size,Analyst,59.26,70.1,0
S3396,8.2,Mechanical Engineering,2,1,0,0,1,71.6,7.2,65.0,1,1,1,52.3,1,MNC,Web Developer,77.59,52.3,0
S3397,8.89,Electronics and Communication Engineering,1,0,1,1,1,69.8,8.1,76.8,0,4,0,72.3,1,MNC,Software Engineer,74.64,72.3,0
S3398,5.74,Electrical and Electronics Engineering,1,0,0,1,0,2.4,6.2,58.3,1,1,1,42.7,0,Not placed,Not placed,,42.7,0
S3399,8.32,Electrical and Electronics Engineering,1,1,0,0,1,81.9,6.5,59.3,2,5,0,80.1,1,Mid-size,Software Engineer,61.84,80.1,0
S3400,5.72,Civil Engineering,1,1,1,0,1,83.2,6.1,82.3,0,6,0,82.8,1,Top Tech,Data Scientist,97.78,82.8,0
S3401,6.52,Electrical and Electronics Engineering,3,0,1,0,1,28.7,6.3,53.5,1,5,2,71.9,1,MNC,Data Scientist,76.8,71.9,0
S3402,8.06,Information Technology,2,1,1,0,0,71.9,9.6,76.1,0,2,0,57.6,1,MNC,Analyst,87.11,57.6,0
S3403,6.41,Civil Engineering,2,0,0,1,0,16.4,9.2,83.4,1,4,0,68.6,1,Startup,Data Scientist,42.85,68.6,0
S3404,9.75,Electrical and Electronics Engineering,1,1,0,0,0,63.3,6.8,69.5,1,3,2,59.8,1,Startup,Software Engineer,42.76,59.8,0
S3405,8.82,Electronics and Communication Engineering,1,0,1,0,0,43.4,8.2,52.6,1,5,0,65.6,1,Startup,Software Engineer,50.6,65.6,0
S3406,9.43,Electronics and Communication Engineering,1,0,1,0,0,49.9,9.1,66.1,3,4,0,85.2,1,Startup,Software Engineer,50.39,85.2,0
S3407,7.58,Information Technology,2,1,1,0,0,68.0,5.3,95.5,2,5,0,80.6,1,Mid-size,Web Developer,64.92,80.6,0
S3408,8.5,Information Technology,3,1,1,0,0,9.3,5.8,52.7,1,5,0,73.8,1,MNC,Analyst,87.06,73.8,0
S3409,9.7,Computer Science and Engineering,1,1,0,0,1,3.9,7.7,57.9,1,3,0,64.6,1,Mid-size,Data Scientist,59.77,64.6,0
S3410,8.79,Information Technology,2,1,0,0,1,9.4,5.0,85.9,0,3,0,54.9,1,MNC,Data Scientist,80.05,54.9,0
S3411,6.12,Information Technology,2,1,1,0,0,48.9,5.6,72.8,0,5,1,65.5,1,MNC,Data Scientist,80.46,65.5,0
S3412,7.52,Electronics and Communication Engineering,3,1,1,0,1,64.6,5.3,57.0,1,1,1,63.1,1,Mid-size,Data Scientist,65.94,63.1,0
S3413,7.51,Information Technology,1,1,0,0,1,81.6,9.9,47.3,1,4,0,77.5,1,MNC,Software Engineer,83.59,77.5,0
S3414,6.28,Information Technology,2,0,0,0,1,10.1,8.1,87.5,0,1,0,41.4,1,Startup,Software Engineer,37.4,41.4,0
S3415,7.72,Computer Science and Engineering,3,0,0,1,0,43.7,5.6,55.0,0,1,0,27.6,0,Not placed,Not placed,,27.6,0
S3416,9.39,Information Technology,2,1,1,0,1,1.3,7.9,82.6,2,5,0,93.9,1,MNC,Software Engineer,85.59,93.9,0
S3417,9.29,Electronics and Communication Engineering,1,1,0,0,0,81.6,8.1,41.5,0,2,3,40.3,0,Not placed,Not placed,,40.3,0
S3418,7.74,Electronics and Communication Engineering,2,0,0,0,1,2.8,9.5,93.9,2,4,0,77.5,1,Startup,Data Scientist,42.91,77.5,0
S3419,6.37,Electronics and Communication Engineering,2,1,1,0,1,8.9,9.3,72.3,3,5,0,100.0,1,Mid-size,Data Scientist,56.62,110.9,1
S3420,8.3,Mechanical Engineering,3,1,0,0,0,63.2,4.8,61.4,0,4,0,48.4,1,Startup,Web Developer,44.11,48.4,0
S3421,8.13,Civil Engineering,1,1,0,0,0,21.7,7.9,93.2,1,4,1,65.8,1,Startup,Software Engineer,46.78,65.8,0
S3422,7.41,Information Technology,1,0,1,0,1,35.7,8.1,80.3,2,1,0,73.1,1,Mid-size,Data Scientist,56.94,73.1,0
S3423,9.34,Information Technology,3,1,0,0,0,81.0,5.1,74.9,2,5,1,70.9,1,Startup,Web Developer,51.39,70.9,0
S3424,5.02,Civil Engineering,2,1,1,0,0,57.1,9.1,45.8,0,2,0,60.7,1,MNC,Analyst,71.3,60.7,0
S3425,8.49,Mechanical Engineering,2,1,1,1,1,75.9,7.4,68.3,2,1,1,88.8,1,MNC,Data Scientist,81.67,88.8,0
S3426,8.1,Computer Science and Engineering,3,0,0,1,0,49.5,8.6,73.4,1,2,1,58.7,1,Startup,Data Scientist,42.08,58.7,0
S3427,8.47,Mechanical Engineering,2,1,0,0,0,37.5,4.0,86.0,1,3,0,43.0,1,Startup,Data Scientist,47.38,43.0,0
S3428,6.55,Electronics and Communication Engineering,1,0,1,0,1,3.9,7.1,64.8,2,2,1,68.3,1,MNC,Software Engineer,85.96,68.3,0
S3429,9.98,Civil Engineering,2,0,0,1,0,35.1,7.1,55.6,1,3,0,59.7,1,Startup,Data Scientist,38.77,59.7,0
S3430,6.19,Mechanical Engineering,3,1,0,0,0,55.3,4.8,74.5,1,3,0,52.9,1,Startup,Web Developer,45.58,52.9,0
S3431,5.74,Information Technology,3,1,1,0,0,74.6,6.8,76.2,1,6,1,83.9,1,MNC,Software Engineer,78.36,83.9,0
S3432,9.5,Electrical and Electronics Engineering,3,1,1,0,0,90.8,9.6,86.0,0,2,1,60.1,1,MNC,Software Engineer,77.7,60.1,0
S3433,6.34,Information Technology,3,1,1,0,0,85.8,6.4,42.5,0,6,1,68.8,1,Mid-size,Web Developer,53.99,68.8,0
S3434,7.7,Civil Engineering,3,1,1,1,0,42.6,7.7,80.1,0,3,0,68.8,1,Mid-size,Analyst,55.05,68.8,0
S3435,6.2,Electrical and Electronics Engineering,3,1,0,0,1,1.0,9.9,41.8,0,5,1,70.8,1,Mid-size,Web Developer,49.99,70.8,0
S3436,7.4,Information Technology,2,0,1,1,1,89.9,9.2,53.6,2,3,0,91.2,1,Mid-size,Analyst,64.93,91.2,0
S3437,5.34,Mechanical Engineering,3,1,1,0,0,28.4,7.0,90.6,2,6,0,94.7,1,MNC,Web Developer,88.12,94.7,0
S3438,6.95,Civil Engineering,2,0,1,1,1,81.1,5.2,93.7,1,5,0,83.9,1,Mid-size,Web Developer,55.68,83.9,0
S3439,7.87,Electronics and Communication Engineering,3,1,1,0,0,23.5,5.9,77.7,1,5,1,74.5,0,Not placed,Not placed,,74.5,0
S3440,7.71,Electrical and Electronics Engineering,3,1,0,0,1,85.8,8.7,58.3,1,5,1,81.3,1,Mid-size,Software Engineer,61.96,81.3,0
S3441,7.44,Information Technology,1,1,0,1,1,33.7,6.6,85.1,2,3,0,85.1,1,Mid-size,Data Scientist,64.09,85.1,0
S3442,5.22,Electrical and Electronics Engineering,1,1,0,0,1,15.4,7.3,51.2,2,5,2,90.9,1,Mid-size,Web Developer,50.45,90.9,0
S3443,5.42,Information Technology,2,1,0,1,1,59.5,8.5,91.5,1,2,0,73.5,1,Mid-size,Web Developer,69.33,73.5,0
S3444,9.02,Electrical and Electronics Engineering,3,1,1,0,1,24.2,4.2,57.0,1,3,0,71.4,1,MNC,Data Scientist,79.87,71.4,0
S3445,8.0,Electronics and Communication Engineering,2,1,0,0,0,87.5,6.1,62.3,0,3,2,47.8,0,Not placed,Not placed,,47.8,0
S3446,5.32,Mechanical Engineering,1,1,0,0,1,99.8,6.1,84.7,0,5,0,58.9,1,Mid-size,Data Scientist,58.95,58.9,0
S3447,6.35,Computer Science and Engineering,2,1,0,0,0,12.8,6.6,43.9,2,2,0,59.7,1,Startup,Web Developer,46.46,59.7,0
S3448,8.34,Mechanical Engineering,2,0,1,0,0,24.4,4.4,56.7,1,1,0,42.2,1,Startup,Data Scientist,39.83,42.2,0
S3449,8.0,Mechanical Engineering,1,0,1,0,0,51.7,4.0,56.1,1,1,1,40.5,1,Startup,Web Developer,43.43,40.5,0
S3450,5.38,Mechanical Engineering,3,0,0,1,0,17.5,8.2,69.3,1,4,0,63.9,1,Startup,Analyst,41.86,63.9,0
S3451,7.39,Electrical and Electronics Engineering,2,1,1,1,0,97.7,5.7,43.0,1,2,1,67.7,1,Mid-size,Web Developer,66.15,67.7,0
S3452,7.37,Electrical and Electronics Engineering,2,1,0,0,1,12.2,9.4,78.2,3,4,0,100.0,1,Mid-size,Analyst,74.35,102.7,1
S3453,7.83,Electrical and Electronics Engineering,2,1,1,0,1,2.3,8.9,99.9,3,5,1,100.0,1,MNC,Analyst,90.02,110.8,1
S3454,9.35,Electrical and Electronics Engineering,1,0,0,0,0,48.6,4.1,43.4,3,5,0,62.7,1,Startup,Data Scientist,46.75,62.7,0
S3455,5.22,Electrical and Electronics Engineering,1,0,0,0,0,11.1,9.6,94.7,2,4,1,68.0,1,Startup,Analyst,47.01,68.0,0
S3456,9.39,Civil Engineering,1,0,0,0,1,10.0,9.6,92.0,1,5,0,72.9,1,Startup,Analyst,48.06,72.9,0
S3457,8.57,Computer Science and Engineering,2,1,1,0,0,5.6,6.7,83.0,1,3,1,61.9,1,Mid-size,Software Engineer,66.18,61.9,0
S3458,8.61,Electronics and Communication Engineering,1,0,0,0,0,24.8,8.6,82.0,0,2,0,33.0,1,Startup,Software Engineer,37.99,33.0,0
S3459,7.58,Computer Science and Engineering,1,0,0,0,0,31.3,9.0,43.4,0,6,0,53.0,1,Startup,Analyst,42.91,53.0,0
S3460,6.68,Computer Science and Engineering,3,0,0,1,0,64.7,4.4,65.6,1,1,0,34.2,0,Not placed,Not placed,,34.2,0
S3461,7.15,Information Technology,2,1,0,0,1,26.9,5.6,80.1,2,2,1,70.0,1,MNC,Data Scientist,87.3,70.0,0
S3462,6.95,Civil Engineering,2,0,1,1,0,70.9,8.9,87.3,1,3,2,69.1,1,MNC,Analyst,72.99,69.1,0
S3463,7.07,Electronics and Communication Engineering,3,1,1,0,1,34.2,9.2,42.2,1,2,0,77.9,1,MNC,Analyst,75.0,77.9,0
S3464,6.43,Information Technology,3,1,1,0,0,1.7,6.5,58.8,0,6,0,68.7,0,Not placed,Not placed,,68.7,0
S3465,9.2,Mechanical Engineering,1,0,0,0,0,98.1,4.8,69.0,0,3,0,31.7,1,Startup,Analyst,40.67,31.7,0
S3466,9.65,Computer Science and Engineering,2,1,0,0,0,52.6,8.8,98.7,1,4,0,65.3,1,Startup,Analyst,51.51,65.3,0
S3467,7.49,Electronics and Communication Engineering,2,1,0,1,0,13.6,8.9,67.6,1,5,1,85.6,1,Mid-size,Web Developer,55.46,85.6,0
S3468,6.71,Mechanical Engineering,3,1,1,1,1,36.3,4.9,94.6,1,2,0,78.7,1,MNC,Software Engineer,70.46,78.7,0
S3469,9.18,Electrical and Electronics Engineering,3,1,1,0,1,37.6,5.2,46.9,0,4,2,60.9,0,Not placed,Not placed,,60.9,0
S3470,5.02,Mechanical Engineering,1,1,0,0,1,36.6,5.3,63.7,0,1,0,37.2,1,MNC,Web Developer,81.5,37.2,0
S3471,7.05,Information Technology,1,1,0,0,0,5.4,4.9,93.7,0,3,0,38.8,1,Startup,Data Scientist,42.76,38.8,0
S3472,8.47,Electrical and Electronics Engineering,1,1,0,0,0,62.4,8.9,71.1,0,6,1,66.2,1,Startup,Web Developer,40.31,66.2,0
S3473,9.0,Civil Engineering,2,1,1,0,0,14.0,9.5,61.8,2,4,0,85.1,1,MNC,Analyst,92.68,85.1,0
S3474,7.11,Computer Science and Engineering,2,1,0,1,0,45.2,9.6,83.8,0,1,0,53.7,1,MNC,Data Scientist,73.79,53.7,0
S3475,8.55,Electrical and Electronics Engineering,3,1,0,0,1,90.7,6.2,94.4,2,6,1,89.7,1,Mid-size,Web Developer,67.79,89.7,0
S3476,6.6,Information Technology,2,1,1,0,1,34.6,8.2,96.0,2,3,0,89.7,1,MNC,Web Developer,75.98,89.7,0
S3477,5.67,Mechanical Engineering,1,1,0,1,1,1.9,9.0,78.9,0,5,1,86.9,1,MNC,Analyst,74.29,86.9,0
S3478,8.44,Information Technology,3,1,1,1,0,56.5,7.6,57.6,3,1,0,86.4,1,Mid-size,Data Scientist,77.71,86.4,0
S3479,5.64,Electronics and Communication Engineering,3,0,0,1,0,11.5,7.3,82.6,0,5,0,52.4,0,Not placed,Not placed,,52.4,0
S3480,6.9,Computer Science and Engineering,2,1,0,0,1,1.3,8.5,47.8,1,1,1,55.6,0,Not placed,Not placed,,55.6,0
S3481,6.79,Civil Engineering,2,1,1,0,0,84.6,5.9,89.6,2,6,0,86.9,1,MNC,Analyst,80.96,86.9,0
S3482,9.36,Information Technology,2,1,0,0,1,78.7,6.6,99.1,1,5,2,75.8,1,MNC,Web Developer,95.02,75.8,0
S3483,7.5,Civil Engineering,2,0,1,0,0,19.9,8.8,85.2,0,1,0,44.1,0,Not placed,Not placed,,44.1,0
S3484,6.63,Civil Engineering,3,0,1,0,0,16.5,6.8,64.8,0,6,0,57.5,0,Not placed,Not placed,,57.5,0
S3485,6.39,Electronics and Communication Engineering,2,0,1,0,1,56.0,5.0,81.3,1,4,0,63.4,1,MNC,Software Engineer,71.23,63.4,0
S3486,6.78,Mechanical Engineering,1,1,0,1,1,36.1,6.6,82.2,1,2,0,67.2,1,MNC,Data Scientist,71.0,67.2,0
S3487,9.75,Information Technology,2,1,1,1,1,89.5,5.8,63.1,1,2,1,73.6,1,Mid-size,Web Developer,66.13,73.6,0
S3488,7.18,Electrical and Electronics Engineering,1,0,0,1,0,0.0,4.3,89.1,1,1,0,37.0,0,Not placed,Not placed,,37.0,0
S3489,6.53,Electrical and Electronics Engineering,1,1,1,0,0,57.0,9.1,42.6,1,6,0,87.4,1,Mid-size,Web Developer,65.72,87.4,0
S3490,7.6,Information Technology,2,1,1,1,1,87.7,8.5,83.2,0,1,0,70.1,1,MNC,Software Engineer,82.23,70.1,0
S3491,8.28,Electronics and Communication Engineering,3,1,1,1,0,34.8,8.7,48.5,1,4,1,88.5,1,Mid-size,Web Developer,71.64,88.5,0
S3492,6.65,Civil Engineering,2,1,1,0,0,93.3,4.2,59.8,0,2,2,45.1,1,MNC,Software Engineer,70.42,45.1,0
S3493,7.68,Information Technology,1,1,0,0,0,71.4,9.4,85.2,1,4,0,64.8,1,Startup,Data Scientist,47.14,64.8,0
S3494,5.5,Computer Science and Engineering,3,1,0,0,0,44.9,7.3,91.1,0,4,0,56.0,0,Not placed,Not placed,,56.0,0
S3495,6.26,Mechanical Engineering,2,1,1,1,1,18.6,4.3,79.3,2,4,0,93.5,1,MNC,Software Engineer,90.8,93.5,0
S3496,9.48,Information Technology,1,1,1,1,0,82.3,4.1,87.9,2,4,0,86.3,1,Top Tech,Software Engineer,93.35,86.3,0
S3497,7.97,Electrical and Electronics Engineering,2,1,1,0,0,83.7,9.5,82.3,0,6,0,77.9,1,MNC,Data Scientist,83.18,77.9,0
S3498,7.96,Information Technology,2,1,1,0,0,29.1,7.7,43.7,2,4,0,81.9,1,Mid-size,Software Engineer,74.26,81.9,0
S3499,5.54,Electrical and Electronics Engineering,1,1,0,0,0,35.7,6.1,45.7,3,3,0,77.6,1,Startup,Analyst,43.18,77.6,0
S3500,6.81,Mechanical Engineering,1,1,0,0,1,61.6,6.0,63.9,1,4,0,70.0,1,MNC,Data Scientist,83.25,70.0,0
S3501,8.65,Electronics and Communication Engineering,2,0,1,1,0,74.1,4.8,79.2,0,2,0,47.1,1,MNC,Web Developer,78.0,47.1,0
S3502,5.25,Information Technology,1,1,1,0,1,83.6,7.0,66.4,2,6,3,100.0,1,MNC,Data Scientist,75.42,102.0,1
S3503,9.87,Mechanical Engineering,2,1,0,0,0,19.5,7.3,78.8,0,1,0,37.7,1,Startup,Web Developer,38.8,37.7,0
S3504,5.76,Civil Engineering,1,1,1,0,1,93.1,9.6,74.7,1,4,1,92.3,1,Top Tech,Web Developer,117.95,92.3,0
S3505,6.57,Information Technology,1,1,0,0,0,53.9,5.5,98.9,1,1,3,45.7,0,Not placed,Not placed,,45.7,0
S3506,6.92,Information Technology,2,0,1,0,0,9.8,6.6,79.1,1,1,0,39.9,0,Not placed,Not placed,,39.9,0
S3507,5.23,Electrical and Electronics Engineering,3,0,1,1,0,71.2,8.8,88.1,1,5,0,78.7,1,MNC,Web Developer,86.61,78.7,0
S3508,6.74,Information Technology,3,1,1,1,1,75.3,5.2,94.7,1,3,1,82.0,1,Mid-size,Analyst,53.91,82.0,0
S3509,5.37,Mechanical Engineering,1,0,0,0,0,58.5,10.0,69.9,2,6,0,80.6,1,Startup,Web Developer,47.27,80.6,0
S3510,5.68,Electronics and Communication Engineering,1,1,1,0,1,82.6,4.9,82.3,0,3,0,59.2,1,Top Tech,Software Engineer,87.03,59.2,0
S3511,8.13,Information Technology,2,0,1,1,0,11.6,4.7,42.7,0,3,0,48.7,1,MNC,Software Engineer,61.65,48.7,0
S3512,5.92,Electrical and Electronics Engineering,3,1,0,1,0,77.5,9.7,96.4,1,4,0,75.4,1,MNC,Data Scientist,72.91,75.4,0
S3513,8.12,Mechanical Engineering,2,1,1,0,0,73.4,7.4,44.2,0,6,1,73.2,1,Mid-size,Web Developer,54.83,73.2,0
S3514,5.21,Electrical and Electronics Engineering,2,0,1,0,0,31.9,9.9,86.8,2,4,0,80.8,1,Startup,Software Engineer,46.55,80.8,0
S3515,7.11,Civil Engineering,1,1,1,0,1,83.7,9.8,74.1,1,2,0,75.5,1,Top Tech,Analyst,101.68,75.5,0
S3516,5.37,Civil Engineering,2,1,0,0,1,97.3,8.2,93.1,0,5,0,68.0,1,Mid-size,Analyst,52.09,68.0,0
S3517,5.98,Civil Engineering,3,0,0,0,0,87.2,9.4,75.2,0,2,0,40.6,1,Startup,Analyst,46.37,40.6,0
S3518,5.79,Electrical and Electronics Engineering,3,0,0,1,1,98.4,6.3,64.2,1,2,0,54.1,1,MNC,Data Scientist,76.02,54.1,0
S3519,6.33,Electrical and Electronics Engineering,1,1,1,0,1,67.2,7.2,59.5,2,2,0,84.4,1,MNC,Data Scientist,93.97,84.4,0
S3520,7.82,Mechanical Engineering,3,1,1,0,0,43.7,8.1,67.3,1,4,0,72.8,1,Mid-size,Web Developer,56.57,72.8,0
S3521,8.22,Electrical and Electronics Engineering,2,1,1,1,1,30.4,8.6,67.0,2,3,0,100.0,1,MNC,Data Scientist,84.92,101.6,1
S3522,7.9,Civil Engineering,3,1,1,1,1,92.7,7.5,51.8,0,1,0,70.3,1,Mid-size,Software Engineer,57.62,70.3,0
S3523,9.13,Electrical and Electronics Engineering,3,1,1,0,0,7.0,5.8,44.0,1,5,0,75.2,1,Mid-size,Software Engineer,56.18,75.2,0
S3524,8.49,Information Technology,1,1,0,0,0,77.2,9.5,50.1,1,4,0,63.9,1,Startup,Analyst,48.03,63.9,0
S3525,5.11,Civil Engineering,3,1,1,0,0,38.8,5.6,66.2,0,3,0,51.0,0,Not placed,Not placed,,51.0,0
S3526,5.78,Electronics and Communication Engineering,3,1,1,0,1,66.8,5.1,62.3,3,2,2,86.4,1,Mid-size,Software Engineer,64.69,86.4,0
S3527,9.06,Civil Engineering,3,1,1,0,1,2.5,4.7,90.3,0,6,0,70.9,1,Mid-size,Data Scientist,68.1,70.9,0
S3528,5.5,Electrical and Electronics Engineering,2,0,1,1,0,43.0,7.3,75.8,0,1,0,48.9,1,Mid-size,Software Engineer,55.53,48.9,0
S3529,8.1,Electronics and Communication Engineering,1,1,1,1,0,83.6,4.7,81.4,0,4,0,68.6,1,Top Tech,Software Engineer,89.22,68.6,0
S3530,7.85,Mechanical Engineering,2,0,0,0,1,82.3,6.9,80.6,2,5,0,72.3,1,Startup,Web Developer,42.16,72.3,0
S3531,7.89,Electrical and Electronics Engineering,1,1,0,0,1,19.3,9.4,72.9,0,5,0,70.8,1,Mid-size,Analyst,62.34,70.8,0
S3532,7.69,Information Technology,3,1,1,0,1,60.2,8.7,99.1,3,2,1,92.6,1,MNC,Software Engineer,100.04,92.6,0
S3533,6.53,Electrical and Electronics Engineering,1,1,0,0,0,4.9,5.5,83.3,1,2,1,44.5,1,Startup,Software Engineer,36.17,44.5,0
S3534,7.79,Civil Engineering,3,0,1,0,0,57.9,9.3,81.9,3,2,0,78.7,1,Startup,Web Developer,44.85,78.7,0
S3535,5.54,Electrical and Electronics Engineering,2,1,1,0,0,9.1,6.2,77.3,3,1,0,71.9,1,Mid-size,Web Developer,60.17,71.9,0
S3536,6.29,Information Technology,2,0,1,1,1,74.5,7.3,54.1,1,5,0,89.9,1,Mid-size,Software Engineer,56.67,89.9,0
S3537,8.93,Computer Science and Engineering,2,0,0,0,1,63.7,8.0,82.9,1,4,0,60.8,1,Startup,Software Engineer,51.35,60.8,0
S3538,6.02,Civil Engineering,1,0,0,0,1,10.4,7.8,67.2,0,6,0,65.6,1,Startup,Analyst,40.81,65.6,0
S3539,6.0,Civil Engineering,3,0,1,0,0,21.4,7.4,88.4,0,6,0,59.5,1,Startup,Web Developer,40.2,59.5,0
S3540,5.08,Electrical and Electronics Engineering,2,0,0,1,0,29.8,6.5,64.6,0,6,1,59.1,1,Startup,Software Engineer,36.19,59.1,0
S3541,8.36,Computer Science and Engineering,3,1,0,0,0,10.9,9.1,68.7,0,5,0,65.6,0,Not placed,Not placed,,65.6,0
S3542,6.15,Civil Engineering,1,1,1,0,0,96.3,6.1,99.0,0,5,0,67.0,1,MNC,Web Developer,78.78,67.0,0
S3543,7.12,Information Technology,2,1,0,0,0,69.3,9.8,57.3,3,3,0,88.7,1,Startup,Analyst,41.8,88.7,0
S3544,7.94,Information Technology,1,1,1,0,0,9.6,5.3,84.4,0,1,0,40.0,1,MNC,Software Engineer,65.7,40.0,0
S3545,7.7,Mechanical Engineering,1,0,0,1,0,11.5,9.3,66.6,3,3,0,81.2,1,Startup,Data Scientist,46.65,81.2,0
S3546,7.02,Electronics and Communication Engineering,1,0,0,0,1,6.6,5.2,65.7,3,5,2,83.2,1,Startup,Web Developer,45.42,83.2,0
S3547,7.39,Information Technology,1,0,0,0,0,53.3,5.5,71.0,3,6,1,80.7,1,Startup,Software Engineer,45.05,80.7,0
S3548,6.24,Civil Engineering,2,1,1,1,0,49.3,5.1,58.5,0,3,0,63.0,1,MNC,Data Scientist,78.73,63.0,0
S3549,8.33,Electrical and Electronics Engineering,2,1,0,0,1,89.7,8.8,67.9,2,1,1,74.5,1,MNC,Data Scientist,72.92,74.5,0
S3550,8.74,Information Technology,3,0,0,0,0,51.8,4.7,53.8,1,5,0,50.1,0,Not placed,Not placed,,50.1,0
S3551,9.23,Computer Science and Engineering,3,1,1,1,0,74.6,8.6,90.5,1,5,0,92.2,1,Mid-size,Data Scientist,69.9,92.2,0
S3552,9.46,Electrical and Electronics Engineering,3,1,0,0,0,28.3,7.7,58.2,1,4,0,63.3,1,Startup,Software Engineer,46.94,63.3,0
S3553,9.49,Civil Engineering,3,1,1,1,0,27.9,4.9,73.7,1,4,0,71.3,1,MNC,Software Engineer,93.45,71.3,0
S3554,5.51,Electrical and Electronics Engineering,3,1,0,1,0,23.8,7.0,44.7,0,1,1,45.6,0,Not placed,Not placed,,45.6,0
S3555,5.15,Electronics and Communication Engineering,2,0,1,0,1,68.8,4.2,76.0,2,1,1,61.6,1,Mid-size,Software Engineer,71.05,61.6,0
S3556,9.68,Mechanical Engineering,1,0,1,1,0,62.6,9.8,55.1,1,1,1,69.2,1,MNC,Software Engineer,72.51,69.2,0
S3557,6.52,Electrical and Electronics Engineering,1,1,0,0,1,34.5,6.8,98.4,1,3,0,68.0,1,MNC,Data Scientist,69.39,68.0,0
S3558,7.15,Electronics and Communication Engineering,1,1,0,0,0,67.3,5.5,86.5,1,3,0,48.3,1,Startup,Data Scientist,45.46,48.3,0
S3559,8.42,Computer Science and Engineering,1,1,0,0,1,98.9,6.2,43.3,0,5,0,58.8,1,MNC,Web Developer,69.57,58.8,0
S3560,6.88,Computer Science and Engineering,1,1,1,0,1,1.8,8.7,88.9,1,1,1,75.2,1,MNC,Analyst,89.44,75.2,0
S3561,9.1,Information Technology,3,0,0,0,0,78.6,6.4,54.2,2,2,0,49.4,1,Startup,Software Engineer,50.46,49.4,0
S3562,5.67,Information Technology,1,0,1,0,1,20.3,7.0,47.6,1,4,0,70.9,1,MNC,Data Scientist,68.72,70.9,0
S3563,7.22,Civil Engineering,1,0,0,0,0,3.8,5.5,68.0,1,1,0,33.8,1,Startup,Software Engineer,35.92,33.8,0
S3564,7.17,Electrical and Electronics Engineering,3,1,1,0,0,58.3,8.6,79.7,1,4,0,78.8,1,MNC,Software Engineer,73.58,78.8,0
S3565,8.92,Electronics and Communication Engineering,2,1,1,0,0,96.9,5.1,56.5,2,6,0,80.9,1,MNC,Data Scientist,89.34,80.9,0
S3566,9.12,Mechanical Engineering,1,1,0,0,0,47.5,4.1,40.7,2,6,0,74.5,1,Startup,Web Developer,49.42,74.5,0
S3567,5.34,Electrical and Electronics Engineering,1,1,0,0,1,59.0,8.0,41.2,1,1,1,59.5,1,Mid-size,Data Scientist,67.62,59.5,0
S3568,6.23,Information Technology,1,1,0,0,1,40.7,9.8,83.1,3,2,0,87.4,1,Mid-size,Analyst,68.63,87.4,0
S3569,5.3,Electronics and Communication Engineering,1,0,1,1,0,54.8,4.1,99.2,2,2,1,64.6,1,Mid-size,Software Engineer,63.23,64.6,0
S3570,9.11,Electrical and Electronics Engineering,3,0,1,0,0,1.6,5.3,46.8,1,1,0,37.6,0,Not placed,Not placed,,37.6,0
S3571,7.09,Electronics and Communication Engineering,1,1,1,0,1,98.3,7.1,73.5,1,4,0,86.2,1,Top Tech,Web Developer,119.37,86.2,0
S3572,9.7,Information Technology,2,1,0,0,0,6.8,7.3,91.6,1,4,0,61.6,1,Startup,Data Scientist,43.69,61.6,0
S3573,8.26,Computer Science and Engineering,3,1,0,1,1,49.7,9.5,91.4,1,6,2,100.0,1,MNC,Analyst,91.39,102.8,1
S3574,8.7,Civil Engineering,3,1,1,0,1,78.0,9.1,83.7,0,5,0,83.6,1,Mid-size,Analyst,57.77,83.6,0
S3575,6.01,Computer Science and Engineering,1,1,1,0,0,19.6,7.3,50.7,0,5,0,65.5,1,Mid-size,Data Scientist,47.69,65.5,0
S3576,9.6,Electrical and Electronics Engineering,2,1,1,1,0,21.8,4.6,97.6,0,4,1,60.8,1,MNC,Web Developer,73.73,60.8,0
S3577,9.66,Computer Science and Engineering,3,1,0,0,1,19.1,8.1,55.5,0,2,0,50.8,1,Mid-size,Data Scientist,65.18,50.8,0
S3578,6.46,Electronics and Communication Engineering,1,1,1,0,0,1.7,5.5,51.3,0,5,1,62.0,0,Not placed,Not placed,,62.0,0
S3579,5.02,Mechanical Engineering,2,1,1,0,1,86.8,8.8,96.2,1,2,0,74.2,1,Mid-size,Web Developer,60.66,74.2,0
S3580,8.95,Civil Engineering,3,1,0,0,0,15.6,6.2,52.5,3,3,0,76.2,1,Startup,Data Scientist,38.68,76.2,0
S3581,6.89,Electronics and Communication Engineering,1,1,1,0,1,89.5,9.1,51.9,0,3,1,71.5,1,Top Tech,Analyst,119.68,71.5,0
S3582,8.14,Civil Engineering,2,1,0,0,0,33.1,7.7,90.3,1,5,1,66.0,1,Startup,Software Engineer,37.46,66.0,0
S3583,8.22,Electronics and Communication Engineering,1,0,0,0,0,56.1,9.9,77.9,1,2,0,44.8,1,Startup,Web Developer,37.52,44.8,0
S3584,7.82,Electrical and Electronics Engineering,3,1,0,0,0,75.9,4.1,66.8,0,2,1,34.1,0,Not placed,Not placed,,34.1,0
S3585,8.56,Civil Engineering,3,1,0,0,1,68.9,6.8,55.6,2,1,0,70.1,1,MNC,Data Scientist,79.83,70.1,0
S3586,9.17,Mechanical Engineering,3,1,1,0,0,34.8,4.6,96.8,0,5,2,55.6,0,Not placed,Not placed,,55.6,0
S3587,7.13,Civil Engineering,1,0,1,0,1,85.9,9.4,43.8,0,6,0,73.3,1,MNC,Data Scientist,82.42,73.3,0
S3588,7.68,Computer Science and Engineering,3,0,0,0,1,27.2,8.8,88.6,0,4,0,53.3,1,Startup,Software Engineer,48.84,53.3,0
S3589,9.57,Electronics and Communication Engineering,1,1,1,0,0,8.4,6.7,73.7,1,4,0,67.9,1,Mid-size,Web Developer,53.5,67.9,0
S3590,7.1,Information Technology,3,1,0,1,0,94.2,8.0,81.9,0,2,0,53.4,1,Mid-size,Software Engineer,67.69,53.4,0
S3591,8.75,Computer Science and Engineering,1,1,0,0,1,67.7,7.4,52.8,0,6,0,73.4,1,Mid-size,Analyst,58.41,73.4,0
S3592,6.12,Electrical and Electronics Engineering,2,1,0,0,0,12.2,5.5,45.1,0,2,0,36.8,0,Not placed,Not placed,,36.8,0
S3593,9.91,Information Technology,1,0,0,0,0,83.4,7.0,77.2,0,4,0,44.2,1,Startup,Web Developer,46.19,44.2,0
S3594,7.43,Information Technology,3,1,1,0,1,16.2,6.9,89.3,2,2,0,81.7,1,MNC,Software Engineer,72.02,81.7,0
S3595,5.95,Information Technology,3,0,0,0,0,7.2,6.6,98.8,0,5,0,48.5,0,Not placed,Not placed,,48.5,0
S3596,6.92,Mechanical Engineering,2,0,1,1,0,9.3,8.7,66.2,1,4,0,78.5,1,Mid-size,Analyst,68.16,78.5,0
S3597,7.28,Information Technology,2,1,1,1,0,88.4,6.7,81.7,1,5,0,89.2,1,Mid-size,Analyst,73.55,89.2,0
S3598,7.16,Civil Engineering,1,1,0,0,0,81.0,5.0,53.3,0,4,0,48.6,1,Startup,Web Developer,48.19,48.6,0
S3599,5.2,Civil Engineering,2,1,0,1,1,28.6,8.7,58.6,0,1,0,64.6,1,MNC,Software Engineer,81.38,64.6,0
S3600,7.27,Information Technology,3,0,0,0,0,30.7,6.6,46.1,0,4,0,43.3,0,Not placed,Not placed,,43.3,0
S3601,7.1,Electronics and Communication Engineering,2,1,1,0,1,7.9,5.6,98.1,1,4,0,76.5,1,Mid-size,Data Scientist,62.31,76.5,0
S3602,5.74,Information Technology,3,0,1,0,0,46.0,4.1,44.8,0,5,0,45.8,0,Not placed,Not placed,,45.8,0
S3603,8.48,Computer Science and Engineering,3,1,0,0,0,50.9,6.7,83.6,2,1,0,58.5,1,Startup,Data Scientist,38.07,58.5,0
S3604,5.18,Civil Engineering,3,1,0,0,1,55.3,5.4,85.5,1,3,0,62.4,1,MNC,Data Scientist,82.21,62.4,0
S3605,8.01,Mechanical Engineering,2,0,1,0,1,57.3,7.1,53.0,1,1,2,55.6,1,MNC,Analyst,92.55,55.6,0
S3606,5.33,Information Technology,2,1,1,0,0,0.5,7.1,67.8,3,5,3,96.7,0,Not placed,Not placed,,96.7,0
S3607,8.18,Civil Engineering,1,0,0,0,0,75.5,4.4,75.6,1,5,2,49.0,0,Not placed,Not placed,,49.0,0
S3608,6.32,Computer Science and Engineering,2,1,1,0,1,96.5,5.9,82.1,1,2,0,64.1,1,Mid-size,Software Engineer,69.12,64.1,0
S3609,7.14,Information Technology,1,0,1,1,0,54.6,8.3,46.8,0,1,0,52.8,1,Mid-size,Data Scientist,55.38,52.8,0
S3610,6.24,Information Technology,1,1,1,0,1,27.2,8.0,88.2,0,5,1,80.8,1,MNC,Software Engineer,75.93,80.8,0
S3611,6.35,Information Technology,3,1,0,0,0,83.6,8.1,99.4,0,4,1,50.5,1,Startup,Data Scientist,48.96,50.5,0
S3612,8.1,Information Technology,3,1,0,1,0,9.4,9.8,83.8,0,3,3,63.9,0,Not placed,Not placed,,63.9,0
S3613,7.04,Computer Science and Engineering,2,0,0,0,0,49.2,6.9,49.4,2,2,0,49.6,1,Startup,Web Developer,48.64,49.6,0
S3614,5.67,Electronics and Communication Engineering,1,1,1,1,0,82.6,6.0,81.2,1,3,0,74.2,1,MNC,Data Scientist,88.82,74.2,0
S3615,5.85,Information Technology,2,1,0,1,1,80.3,6.3,45.1,2,5,1,90.7,1,MNC,Data Scientist,83.79,90.7,0
S3616,8.45,Mechanical Engineering,1,0,1,1,0,29.8,8.8,86.4,2,5,2,93.6,1,MNC,Analyst,84.05,93.6,0
S3617,9.51,Electronics and Communication Engineering,3,1,0,1,0,45.2,8.7,78.6,1,2,1,69.1,1,Mid-size,Web Developer,66.35,69.1,0
S3618,5.71,Civil Engineering,1,1,0,1,1,49.8,4.6,46.8,1,1,0,56.3,1,MNC,Analyst,83.25,56.3,0
S3619,8.22,Electrical and Electronics Engineering,1,0,0,0,0,19.2,5.7,41.8,2,5,0,65.1,1,Startup,Analyst,38.81,65.1,0
S3620,6.31,Electrical and Electronics Engineering,2,0,1,1,0,44.5,7.1,68.7,2,4,0,79.0,1,MNC,Data Scientist,83.41,79.0,0
S3621,7.02,Electrical and Electronics Engineering,2,1,0,1,1,29.7,9.1,84.2,0,5,2,82.8,1,MNC,Web Developer,77.23,82.8,0
S3622,7.49,Mechanical Engineering,3,1,1,0,1,33.1,4.3,90.1,3,3,0,92.2,1,MNC,Web Developer,87.82,92.2,0
S3623,8.97,Information Technology,2,1,0,0,0,47.3,4.7,79.7,0,4,0,42.1,1,Startup,Software Engineer,43.74,42.1,0
S3624,9.14,Electrical and Electronics Engineering,2,1,0,1,0,6.3,5.0,40.2,2,2,0,65.6,1,MNC,Software Engineer,69.69,65.6,0
S3625,9.28,Electronics and Communication Engineering,3,1,1,1,1,13.4,4.9,54.2,1,6,0,92.3,1,MNC,Data Scientist,79.76,92.3,0
S3626,6.22,Mechanical Engineering,3,1,1,1,0,22.4,9.3,90.0,1,6,0,97.1,1,MNC,Data Scientist,90.69,97.1,0
S3627,5.05,Electronics and Communication Engineering,2,1,0,0,0,83.4,8.6,93.6,0,3,0,46.5,1,Startup,Web Developer,45.31,46.5,0
S3628,7.41,Electronics and Communication Engineering,2,0,0,0,0,46.6,4.6,45.6,0,3,0,24.0,0,Not placed,Not placed,,24.0,0
S3629,6.07,Electronics and Communication Engineering,2,1,1,0,0,95.6,7.1,90.9,2,5,0,89.0,1,Mid-size,Web Developer,52.59,89.0,0
S3630,5.14,Computer Science and Engineering,2,1,1,1,0,85.0,9.5,72.0,1,6,0,100.0,1,MNC,Data Scientist,82.6,101.2,1
S3631,7.71,Civil Engineering,2,1,1,0,1,41.4,7.8,53.3,1,3,0,78.7,1,MNC,Data Scientist,90.02,78.7,0
S3632,5.01,Information Technology,1,1,1,0,0,80.5,9.3,98.5,0,3,1,63.2,1,MNC,Software Engineer,72.61,63.2,0
S3633,5.33,Computer Science and Engineering,3,1,0,1,0,31.1,9.8,73.4,0,2,0,60.1,1,MNC,Analyst,71.47,60.1,0
S3634,6.83,Electrical and Electronics Engineering,2,1,0,0,0,40.5,6.6,79.1,1,2,1,47.8,0,Not placed,Not placed,,47.8,0
S3635,7.44,Electrical and Electronics Engineering,2,1,1,1,1,56.6,5.7,69.9,2,1,0,79.5,1,Mid-size,Analyst,76.5,79.5,0
S3636,9.2,Electrical and Electronics Engineering,2,1,0,0,0,47.5,9.5,99.0,3,1,0,70.2,1,Startup,Analyst,50.74,70.2,0
S3637,7.25,Civil Engineering,3,1,1,1,0,28.8,4.6,88.3,2,5,0,88.1,1,Mid-size,Software Engineer,70.32,88.1,0
S3638,8.9,Electrical and Electronics Engineering,1,0,0,1,0,34.4,9.1,66.6,1,2,0,57.6,1,Startup,Software Engineer,38.87,57.6,0
S3639,6.12,Electrical and Electronics Engineering,3,1,1,0,0,47.4,8.9,86.3,0,4,0,70.2,1,MNC,Data Scientist,79.49,70.2,0
S3640,6.29,Information Technology,2,1,0,0,0,82.4,4.9,76.6,0,5,0,44.8,1,Startup,Analyst,41.58,44.8,0
S3641,7.29,Civil Engineering,2,1,1,0,0,84.5,5.3,40.9,1,5,2,75.7,1,MNC,Web Developer,73.36,75.7,0
S3642,6.78,Civil Engineering,3,1,1,0,0,44.6,4.4,68.7,0,2,0,38.3,1,MNC,Analyst,85.2,38.3,0
S3643,7.63,Civil Engineering,1,0,0,0,0,47.6,8.5,63.9,2,5,2,74.3,1,Startup,Web Developer,43.86,74.3,0
S3644,8.95,Electrical and Electronics Engineering,3,0,1,1,1,63.5,4.4,57.2,1,5,0,82.7,1,MNC,Data Scientist,67.76,82.7,0
S3645,5.31,Information Technology,2,1,0,0,1,44.6,4.3,98.2,1,2,0,52.7,1,MNC,Software Engineer,69.87,52.7,0
S3646,9.42,Electronics and Communication Engineering,3,0,1,1,0,71.9,9.6,55.1,0,6,3,81.9,1,MNC,Software Engineer,88.9,81.9,0
S3647,9.05,Civil Engineering,3,1,0,1,0,40.5,9.8,48.8,2,4,0,90.5,1,Mid-size,Data Scientist,65.9,90.5,0
S3648,6.57,Electronics and Communication Engineering,3,1,1,0,0,93.1,9.2,80.2,0,1,2,51.2,0,Not placed,Not placed,,51.2,0
S3649,8.98,Electrical and Electronics Engineering,3,1,0,0,1,46.2,8.7,78.3,2,6,0,98.0,1,MNC,Data Scientist,73.12,98.0,0
S3650,9.96,Electronics and Communication Engineering,1,1,0,1,0,40.4,5.7,97.8,1,3,0,66.8,1,Mid-size,Data Scientist,62.92,66.8,0
S3651,7.77,Computer Science and Engineering,1,1,0,1,1,44.8,5.8,53.3,3,2,1,88.5,1,Mid-size,Software Engineer,73.76,88.5,0
S3652,5.81,Civil Engineering,3,1,1,1,0,71.4,5.5,60.9,1,1,1,64.6,1,MNC,Web Developer,74.41,64.6,0
S3653,7.33,Electrical and Electronics Engineering,3,1,0,0,1,43.2,5.7,89.2,2,3,0,68.2,1,MNC,Software Engineer,81.58,68.2,0
S3654,7.22,Mechanical Engineering,1,1,1,0,0,16.5,9.7,82.5,1,5,0,86.9,1,MNC,Web Developer,67.64,86.9,0
S3655,8.14,Information Technology,2,1,1,0,0,24.3,8.2,76.5,1,5,0,77.0,1,Mid-size,Analyst,54.7,77.0,0
S3656,5.29,Civil Engineering,2,1,1,0,0,33.0,8.8,65.9,0,1,2,54.2,0,Not placed,Not placed,,54.2,0
S3657,6.62,Mechanical Engineering,3,0,1,0,1,49.5,4.7,69.9,1,2,0,50.4,1,MNC,Web Developer,83.63,50.4,0
S3658,7.8,Mechanical Engineering,2,1,0,0,0,96.6,8.8,85.5,0,2,1,44.9,1,Startup,Web Developer,42.4,44.9,0
S3659,8.77,Civil Engineering,1,1,0,0,0,90.5,7.6,52.7,1,6,2,70.2,1,Startup,Software Engineer,53.24,70.2,0
S3660,5.01,Civil Engineering,3,0,1,0,0,79.9,8.9,68.6,2,1,0,58.9,1,Startup,Analyst,44.17,58.9,0
S3661,6.18,Information Technology,2,0,0,0,1,7.9,5.0,98.6,1,4,0,50.0,0,Not placed,Not placed,,50.0,0
S3662,5.66,Civil Engineering,1,1,1,0,0,14.6,5.5,94.5,1,6,0,72.6,1,Mid-size,Web Developer,50.59,72.6,0
S3663,8.15,Civil Engineering,2,0,0,0,1,65.6,8.3,61.7,0,3,0,45.5,1,Startup,Software Engineer,51.76,45.5,0
S3664,6.27,Information Technology,2,1,0,0,0,79.5,4.3,40.6,2,4,0,63.9,1,Startup,Software Engineer,43.69,63.9,0
S3665,6.83,Computer Science and Engineering,1,1,1,1,1,72.0,9.2,41.2,1,6,1,100.0,1,Mid-size,Web Developer,67.82,111.0,1
S3666,6.41,Mechanical Engineering,2,1,1,0,0,42.2,8.5,80.0,1,3,1,69.8,1,Mid-size,Analyst,71.35,69.8,0
S3667,7.06,Civil Engineering,2,1,0,1,0,64.1,4.1,52.2,1,4,1,58.9,1,MNC,Data Scientist,76.39,58.9,0
S3668,7.36,Information Technology,2,0,0,1,0,61.0,9.1,90.2,0,5,1,64.2,1,Startup,Data Scientist,49.68,64.2,0
S3669,7.87,Civil Engineering,1,1,0,0,0,17.1,8.7,58.2,0,3,1,51.9,1,Startup,Data Scientist,46.47,51.9,0
S3670,8.69,Electrical and Electronics Engineering,1,0,1,1,1,37.5,9.6,89.5,0,2,3,66.0,0,Not placed,Not placed,,66.0,0
S3671,6.66,Mechanical Engineering,1,1,0,0,1,73.7,9.2,98.3,1,5,0,87.5,1,MNC,Web Developer,77.46,87.5,0
S3672,6.33,Mechanical Engineering,1,1,1,1,1,18.6,4.1,64.5,3,2,0,89.8,1,Mid-size,Data Scientist,55.36,89.8,0
S3673,9.77,Information Technology,1,1,1,0,0,73.4,8.9,79.0,2,5,0,87.1,1,Mid-size,Data Scientist,69.82,87.1,0
S3674,7.17,Information Technology,2,1,1,0,1,76.2,6.9,68.6,2,1,0,76.2,1,Mid-size,Web Developer,77.26,76.2,0
S3675,7.62,Electrical and Electronics Engineering,3,1,1,1,1,93.0,5.9,89.8,1,1,0,77.1,1,MNC,Software Engineer,90.06,77.1,0
S3676,8.46,Civil Engineering,1,1,0,1,0,41.4,6.5,94.4,2,4,0,77.7,1,MNC,Software Engineer,80.69,77.7,0
S3677,9.12,Electronics and Communication Engineering,1,1,1,0,0,62.9,8.7,87.4,1,6,1,84.2,1,MNC,Web Developer,96.77,84.2,0
S3678,9.84,Computer Science and Engineering,2,1,0,0,1,42.8,6.2,96.7,0,3,0,58.3,1,MNC,Software Engineer,76.7,58.3,0
S3679,8.32,Electronics and Communication Engineering,1,0,1,0,1,62.6,6.8,83.7,2,1,3,64.5,1,MNC,Data Scientist,89.63,64.5,0
S3680,8.81,Electrical and Electronics Engineering,2,1,1,1,0,52.2,5.8,60.6,0,4,0,68.9,1,Mid-size,Software Engineer,54.93,68.9,0
S3681,8.74,Computer Science and Engineering,1,1,1,0,1,20.8,5.0,63.2,2,5,0,85.3,1,MNC,Analyst,77.34,85.3,0
S3682,5.97,Computer Science and Engineering,3,1,1,0,1,37.1,9.4,94.7,1,6,0,93.8,1,MNC,Software Engineer,74.24,93.8,0
S3683,6.44,Computer Science and Engineering,1,1,0,0,0,70.4,9.6,70.6,0,3,3,56.4,1,Startup,Software Engineer,41.26,56.4,0
S3684,5.29,Electrical and Electronics Engineering,3,1,1,0,1,38.2,7.8,93.3,1,6,0,89.3,1,MNC,Analyst,80.56,89.3,0
S3685,9.53,Electrical and Electronics Engineering,2,1,0,0,1,33.2,4.4,83.1,1,5,0,68.3,1,MNC,Analyst,81.48,68.3,0
S3686,7.99,Mechanical Engineering,2,0,1,0,1,5.1,8.6,41.4,1,3,1,74.4,0,Not placed,Not placed,,74.4,0
S3687,7.1,Electronics and Communication Engineering,2,0,0,1,0,60.5,9.7,83.4,1,2,1,54.8,1,Startup,Analyst,45.94,54.8,0
S3688,8.12,Electronics and Communication Engineering,1,0,1,0,1,38.7,4.7,81.5,3,1,0,73.2,1,Mid-size,Analyst,62.0,73.2,0
S3689,9.69,Civil Engineering,2,1,1,0,0,82.1,5.0,70.9,1,2,0,50.1,1,MNC,Web Developer,74.38,50.1,0
S3690,8.96,Mechanical Engineering,1,1,1,0,1,99.6,7.9,80.1,2,3,0,90.0,1,MNC,Analyst,77.28,90.0,0
S3691,9.14,Electronics and Communication Engineering,1,1,1,0,0,21.7,7.2,59.1,1,4,0,70.1,1,MNC,Software Engineer,83.48,70.1,0
S3692,6.42,Electrical and Electronics Engineering,3,0,0,0,0,16.1,8.1,97.7,0,5,0,45.0,0,Not placed,Not placed,,45.0,0
S3693,9.7,Electrical and Electronics Engineering,3,0,1,0,1,23.8,9.3,63.5,3,5,0,100.0,1,Mid-size,Data Scientist,74.31,104.2,1
S3694,8.05,Computer Science and Engineering,3,1,0,1,0,42.5,4.4,79.9,1,2,1,49.7,1,MNC,Software Engineer,87.04,49.7,0
S3695,8.39,Mechanical Engineering,2,1,1,0,0,70.1,7.5,49.1,0,3,0,54.1,1,MNC,Data Scientist,82.3,54.1,0
S3696,8.01,Electronics and Communication Engineering,2,1,0,0,1,82.8,7.0,89.2,1,4,3,68.2,1,Mid-size,Web Developer,52.31,68.2,0
S3697,7.02,Mechanical Engineering,2,1,0,0,0,34.6,5.6,61.3,3,1,1,65.5,1,Startup,Data Scientist,41.28,65.5,0
S3698,7.98,Computer Science and Engineering,3,0,1,1,1,97.0,5.7,88.9,1,3,0,74.4,1,MNC,Analyst,79.24,74.4,0
S3699,6.29,Computer Science and Engineering,3,1,1,1,0,50.4,7.4,54.0,1,3,0,77.7,1,MNC,Analyst,74.03,77.7,0
S3700,9.1,Computer Science and Engineering,3,1,1,1,1,5.0,5.1,42.3,0,6,0,81.3,1,MNC,Analyst,65.2,81.3,0
S3701,5.45,Civil Engineering,2,1,0,0,0,28.3,4.4,72.4,0,3,0,37.2,1,Startup,Data Scientist,34.62,37.2,0
S3702,8.49,Mechanical Engineering,2,1,1,0,1,64.6,9.2,84.0,0,4,0,75.8,1,MNC,Web Developer,69.37,75.8,0
S3703,8.32,Civil Engineering,3,0,0,0,0,35.9,8.9,93.0,0,2,1,36.7,0,Not placed,Not placed,,36.7,0
S3704,5.26,Computer Science and Engineering,2,1,0,0,0,59.7,5.0,79.1,0,2,0,39.8,0,Not placed,Not placed,,39.8,0
S3705,5.8,Electrical and Electronics Engineering,2,1,1,1,0,24.1,5.1,77.9,1,3,0,65.9,1,MNC,Software Engineer,71.4,65.9,0
S3706,5.22,Civil Engineering,2,1,0,0,0,10.3,6.9,88.2,1,6,0,71.0,1,Startup,Analyst,39.4,71.0,0
S3707,5.32,Mechanical Engineering,1,0,1,1,0,38.2,6.6,60.8,1,3,1,67.0,1,MNC,Data Scientist,66.46,67.0,0
S3708,9.03,Mechanical Engineering,3,1,0,1,0,95.3,7.1,82.9,1,6,2,82.8,1,MNC,Software Engineer,84.36,82.8,0
S3709,8.4,Information Technology,2,0,1,0,1,13.8,4.7,54.8,1,4,0,64.6,1,MNC,Software Engineer,63.51,64.6,0
S3710,9.62,Electronics and Communication Engineering,3,1,0,1,0,83.3,4.6,66.2,1,2,0,49.4,1,MNC,Web Developer,77.79,49.4,0
S3711,9.36,Information Technology,2,0,0,1,0,25.1,9.9,73.9,2,6,0,89.2,1,Startup,Software Engineer,52.44,89.2,0
S3712,7.41,Electrical and Electronics Engineering,3,1,0,0,1,34.3,8.8,70.9,0,4,3,64.1,0,Not placed,Not placed,,64.1,0
S3713,9.11,Mechanical Engineering,1,0,0,0,0,96.1,9.2,92.8,2,5,1,74.9,1,Startup,Data Scientist,43.76,74.9,0
S3714,6.47,Information Technology,1,0,1,0,0,64.7,4.8,55.4,3,6,0,85.5,1,Startup,Software Engineer,53.32,85.5,0
S3715,5.34,Computer Science and Engineering,2,0,1,0,1,10.1,5.9,92.9,1,6,1,81.4,1,MNC,Software Engineer,67.12,81.4,0
S3716,7.61,Information Technology,2,1,0,0,0,86.4,8.7,65.8,1,5,2,75.0,1,Startup,Web Developer,48.84,75.0,0
S3717,6.53,Electronics and Communication Engineering,1,1,1,0,1,64.8,4.5,67.0,1,3,0,69.8,1,Mid-size,Analyst,47.64,69.8,0
S3718,9.5,Civil Engineering,2,1,1,0,0,34.4,4.9,62.7,0,4,2,51.1,0,Not placed,Not placed,,51.1,0
S3719,8.93,Civil Engineering,1,1,1,1,0,40.8,5.1,89.5,2,5,0,91.5,1,MNC,Data Scientist,74.86,91.5,0
S3720,6.22,Mechanical Engineering,3,0,0,0,0,67.7,5.1,71.3,1,5,0,54.5,1,Startup,Web Developer,35.92,54.5,0
S3721,8.5,Computer Science and Engineering,3,1,0,0,0,90.9,6.5,77.9,3,2,1,69.7,1,Startup,Analyst,45.51,69.7,0
S3722,8.96,Information Technology,3,0,0,0,1,20.2,5.5,49.2,3,5,0,80.0,1,Startup,Software Engineer,49.4,80.0,0
S3723,9.3,Civil Engineering,2,0,1,0,1,71.6,8.6,45.8,0,2,0,55.1,1,MNC,Web Developer,81.49,55.1,0
S3724,8.18,Civil Engineering,3,0,1,1,0,36.9,4.1,47.3,0,2,0,46.3,0,Not placed,Not placed,,46.3,0
S3725,5.97,Civil Engineering,3,1,0,0,1,94.1,5.4,49.7,3,1,0,74.2,1,MNC,Web Developer,92.86,74.2,0
S3726,7.4,Civil Engineering,3,1,0,0,1,10.2,6.3,76.7,3,2,0,80.0,1,MNC,Web Developer,79.19,80.0,0
S3727,9.44,Information Technology,1,1,1,0,1,5.0,4.9,58.5,1,5,0,76.9,1,MNC,Analyst,67.44,76.9,0
S3728,7.0,Computer Science and Engineering,2,1,1,0,0,37.1,4.2,89.3,1,2,0,55.5,1,MNC,Software Engineer,82.32,55.5,0
S3729,8.94,Computer Science and Engineering,1,1,1,0,0,16.6,9.5,64.9,0,2,0,53.5,1,Mid-size,Analyst,50.47,53.5,0
S3730,5.9,Civil Engineering,3,1,1,1,0,70.4,6.8,49.1,0,2,0,60.6,1,MNC,Data Scientist,81.42,60.6,0
S3731,5.44,Civil Engineering,1,1,1,1,0,28.5,9.7,53.3,1,4,0,90.7,1,MNC,Analyst,72.45,90.7,0
S3732,5.69,Information Technology,2,0,0,0,0,9.4,5.3,90.0,3,4,3,64.3,0,Not placed,Not placed,,64.3,0
S3733,5.47,Electrical and Electronics Engineering,3,1,1,0,1,66.7,7.3,96.8,0,4,1,75.8,1,MNC,Software Engineer,72.61,75.8,0
S3734,7.52,Electronics and Communication Engineering,1,0,0,1,1,26.1,6.5,82.8,1,4,3,71.2,1,Mid-size,Data Scientist,62.08,71.2,0
S3735,7.99,Electrical and Electronics Engineering,2,0,0,0,1,57.6,7.7,90.8,1,5,1,64.7,1,Startup,Analyst,42.32,64.7,0
S3736,6.42,Electronics and Communication Engineering,3,0,1,1,0,50.1,8.2,84.7,2,5,0,85.7,1,Mid-size,Data Scientist,58.69,85.7,0
S3737,5.45,Mechanical Engineering,3,1,1,1,1,65.1,8.7,70.6,0,1,0,74.1,1,MNC,Data Scientist,71.52,74.1,0
S3738,8.79,Computer Science and Engineering,2,1,0,1,1,18.7,6.5,90.9,1,3,0,74.8,1,MNC,Software Engineer,77.24,74.8,0
S3739,5.09,Mechanical Engineering,2,0,1,0,0,10.8,8.8,87.0,1,1,0,53.5,1,Startup,Analyst,42.44,53.5,0
S3740,9.92,Information Technology,2,1,1,0,1,73.2,8.5,45.2,1,6,0,96.2,1,MNC,Data Scientist,85.21,96.2,0
S3741,7.51,Electrical and Electronics Engineering,3,1,1,0,1,35.2,8.1,50.0,2,1,3,77.2,0,Not placed,Not placed,,77.2,0
S3742,9.16,Electrical and Electronics Engineering,1,1,1,0,0,57.7,5.1,99.5,1,6,0,75.7,1,Mid-size,Analyst,67.26,75.7,0
S3743,8.93,Information Technology,3,1,1,0,0,45.3,9.0,94.8,0,3,0,58.5,1,MNC,Software Engineer,69.74,58.5,0
S3744,6.45,Mechanical Engineering,2,0,1,1,0,44.7,4.7,90.7,0,2,0,46.1,1,MNC,Analyst,59.3,46.1,0
S3745,5.81,Mechanical Engineering,3,1,1,0,1,90.0,7.7,86.5,0,6,0,83.3,1,Mid-size,Software Engineer,68.34,83.3,0
S3746,9.58,Electronics and Communication Engineering,3,0,0,0,1,50.0,5.0,45.1,0,2,0,33.7,0,Not placed,Not placed,,33.7,0
S3747,5.54,Mechanical Engineering,2,1,1,1,0,88.9,5.9,59.7,0,6,1,78.4,1,Mid-size,Data Scientist,61.46,78.4,0
S3748,8.89,Electrical and Electronics Engineering,2,1,0,0,0,37.3,7.3,51.0,1,4,1,63.7,0,Not placed,Not placed,,63.7,0
S3749,7.91,Civil Engineering,2,1,0,0,1,67.4,8.8,77.8,2,5,0,92.7,1,MNC,Software Engineer,98.13,92.7,0
S3750,7.43,Electronics and Communication Engineering,1,0,0,0,0,49.7,4.1,96.6,1,2,0,30.6,1,Startup,Data Scientist,47.85,30.6,0
S3751,6.68,Civil Engineering,1,0,0,0,0,28.5,6.3,46.6,2,5,0,67.9,1,Startup,Software Engineer,44.98,67.9,0
S3752,5.91,Information Technology,2,1,1,1,0,35.4,5.1,89.4,0,6,0,78.9,1,Mid-size,Web Developer,52.94,78.9,0
S3753,7.96,Electronics and Communication Engineering,3,1,1,0,0,56.6,8.4,98.0,0,5,1,74.0,1,Mid-size,Data Scientist,54.68,74.0,0
S3754,7.07,Computer Science and Engineering,3,0,1,0,0,62.4,8.7,55.0,2,2,1,70.3,0,Not placed,Not placed,,70.3,0
S3755,5.58,Electrical and Electronics Engineering,2,1,0,0,0,48.1,5.5,68.5,1,3,2,51.5,0,Not placed,Not placed,,51.5,0
S3756,6.29,Electrical and Electronics Engineering,3,1,1,1,0,89.3,8.4,47.7,2,3,0,94.1,1,Mid-size,Web Developer,65.07,94.1,0
S3757,7.53,Electronics and Communication Engineering,2,1,0,0,0,44.7,6.4,79.8,1,6,0,66.8,1,Startup,Web Developer,37.49,66.8,0
S3758,7.58,Computer Science and Engineering,3,1,0,1,0,67.6,9.2,41.6,1,4,0,76.4,1,MNC,Analyst,92.7,76.4,0
S3759,6.34,Electronics and Communication Engineering,3,0,0,0,0,61.8,7.3,97.4,2,1,1,45.3,1,Startup,Data Scientist,43.68,45.3,0
S3760,9.85,Civil Engineering,3,0,1,0,1,13.4,8.3,42.2,0,2,0,50.8,1,MNC,Web Developer,65.58,50.8,0
S3761,5.32,Computer Science and Engineering,1,1,0,0,0,23.4,6.2,61.0,1,5,2,63.8,0,Not placed,Not placed,,63.8,0
S3762,8.04,Electronics and Communication Engineering,3,0,1,1,0,18.3,9.7,66.7,0,1,0,57.6,0,Not placed,Not placed,,57.6,0
S3763,9.06,Computer Science and Engineering,3,1,0,0,0,9.1,8.6,77.8,2,4,0,72.9,1,Startup,Analyst,51.86,72.9,0
S3764,7.95,Electrical and Electronics Engineering,3,0,0,0,1,25.3,9.8,87.8,3,1,0,69.8,1,Startup,Data Scientist,50.7,69.8,0
S3765,7.28,Mechanical Engineering,1,1,0,0,0,86.9,6.8,80.2,2,1,1,60.3,1,Startup,Web Developer,47.09,60.3,0
S3766,8.25,Civil Engineering,2,1,1,0,1,20.7,8.1,94.8,1,3,0,74.7,1,MNC,Analyst,69.01,74.7,0
S3767,7.67,Information Technology,1,1,0,0,1,88.2,9.0,45.5,1,4,0,76.8,1,MNC,Data Scientist,87.85,76.8,0
S3768,5.79,Civil Engineering,1,1,1,1,1,50.4,4.4,87.4,2,1,0,82.4,1,MNC,Software Engineer,89.94,82.4,0
S3769,6.68,Electronics and Communication Engineering,3,1,1,0,0,7.7,6.0,98.5,0,2,0,52.6,1,MNC,Software Engineer,66.94,52.6,0
S3770,6.52,Civil Engineering,1,1,0,1,0,58.7,8.6,83.9,1,6,1,84.7,1,MNC,Web Developer,67.15,84.7,0
S3771,7.48,Electrical and Electronics Engineering,3,0,0,1,1,83.3,8.2,79.7,0,6,1,73.8,1,MNC,Data Scientist,84.1,73.8,0
S3772,9.27,Computer Science and Engineering,1,0,1,1,0,7.7,9.7,44.3,1,5,0,87.6,1,MNC,Analyst,85.02,87.6,0
S3773,5.04,Electrical and Electronics Engineering,1,1,1,0,0,85.1,4.5,91.8,1,3,0,58.0,1,Mid-size,Software Engineer,54.04,58.0,0
S3774,8.48,Computer Science and Engineering,3,1,1,0,0,61.3,9.3,92.1,0,2,0,61.9,1,MNC,Analyst,69.69,61.9,0
S3775,5.74,Mechanical Engineering,2,1,0,0,0,92.3,4.2,61.1,0,4,2,40.7,0,Not placed,Not placed,,40.7,0
S3776,7.91,Information Technology,3,1,1,0,1,95.2,7.9,67.7,1,1,0,67.9,1,Mid-size,Web Developer,69.79,67.9,0
S3777,6.46,Information Technology,1,1,1,0,0,37.9,5.1,70.7,2,4,1,72.1,1,Mid-size,Software Engineer,48.71,72.1,0
S3778,8.77,Information Technology,2,1,1,0,0,82.7,4.7,63.1,0,5,1,55.9,1,MNC,Web Developer,83.58,55.9,0
S3779,9.66,Electronics and Communication Engineering,3,0,1,0,0,97.3,4.5,70.4,1,6,0,63.0,1,Startup,Data Scientist,43.42,63.0,0
S3780,6.84,Civil Engineering,3,0,0,0,1,67.1,9.6,62.8,2,2,0,69.3,1,Startup,Web Developer,38.75,69.3,0
S3781,5.48,Civil Engineering,3,0,1,0,1,28.1,7.9,47.1,0,5,3,71.2,0,Not placed,Not placed,,71.2,0
S3782,7.08,Civil Engineering,1,1,0,1,0,41.7,9.0,98.8,1,6,0,84.1,1,MNC,Web Developer,72.29,84.1,0
S3783,7.55,Civil Engineering,2,1,1,1,0,39.1,8.1,40.8,1,3,0,84.3,1,Mid-size,Analyst,59.89,84.3,0
S3784,8.1,Civil Engineering,3,1,0,0,1,80.5,7.0,68.4,0,3,1,56.8,0,Not placed,Not placed,,56.8,0
S3785,9.36,Electrical and Electronics Engineering,2,1,1,1,1,39.7,4.8,57.3,0,1,1,57.9,1,Mid-size,Software Engineer,72.86,57.9,0
S3786,9.56,Computer Science and Engineering,1,1,1,1,1,58.7,8.5,83.3,2,5,0,100.0,1,MNC,Software Engineer,87.4,110.6,1
S3787,9.19,Computer Science and Engineering,2,0,1,0,1,93.6,8.9,71.8,0,5,0,73.3,1,Mid-size,Data Scientist,70.7,73.3,0
S3788,7.76,Computer Science and Engineering,3,1,1,0,1,54.0,6.5,83.2,3,3,1,89.8,1,Mid-size,Web Developer,67.85,89.8,0
S3789,5.58,Electronics and Communication Engineering,3,0,1,1,0,43.6,10.0,85.9,1,4,0,76.6,1,MNC,Software Engineer,82.25,76.6,0
S3790,8.98,Mechanical Engineering,1,0,1,1,1,69.6,7.2,73.5,0,4,0,68.2,1,MNC,Web Developer,67.98,68.2,0
S3791,9.86,Electrical and Electronics Engineering,3,1,0,1,0,22.5,9.7,53.5,0,3,1,67.0,0,Not placed,Not placed,,67.0,0
S3792,5.11,Civil Engineering,2,0,1,0,0,73.9,5.2,75.3,2,3,0,65.3,1,Startup,Analyst,42.95,65.3,0
S3793,7.55,Mechanical Engineering,1,1,0,0,0,42.8,9.7,52.9,3,1,0,71.0,1,Startup,Software Engineer,51.33,71.0,0
S3794,5.24,Electronics and Communication Engineering,1,1,1,0,1,85.8,8.5,68.4,0,4,0,74.1,1,MNC,Data Scientist,85.44,74.1,0
S3795,7.78,Electrical and Electronics Engineering,3,1,1,0,0,10.4,4.1,40.8,0,5,0,56.5,0,Not placed,Not placed,,56.5,0
S3796,9.08,Computer Science and Engineering,2,1,0,0,1,17.1,5.7,61.2,1,3,0,67.1,1,MNC,Web Developer,82.91,67.1,0
S3797,7.11,Computer Science and Engineering,3,0,1,1,1,63.4,8.4,89.3,2,5,1,100.0,1,Mid-size,Software Engineer,68.9,104.3,1
S3798,9.96,Information Technology,3,0,1,1,0,60.7,8.3,77.6,1,4,2,76.1,1,Mid-size,Software Engineer,59.72,76.1,0
S3799,7.88,Information Technology,3,1,0,1,0,84.5,9.0,40.7,0,4,2,63.4,0,Not placed,Not placed,,63.4,0
S3800,7.77,Civil Engineering,1,1,1,1,0,19.3,8.4,60.9,1,4,0,83.9,1,MNC,Software Engineer,74.14,83.9,0
S3801,9.83,Mechanical Engineering,2,0,0,1,0,94.3,6.3,72.3,2,5,0,74.9,1,Startup,Analyst,44.7,74.9,0
S3802,5.2,Computer Science and Engineering,1,1,1,0,1,50.2,8.7,77.5,1,1,0,67.9,1,Mid-size,Data Scientist,69.5,67.9,0
S3803,9.34,Mechanical Engineering,1,1,0,1,0,16.6,7.9,59.6,0,5,0,72.0,1,Mid-size,Data Scientist,48.54,72.0,0
S3804,5.64,Computer Science and Engineering,3,1,1,0,1,75.2,4.0,69.1,2,3,0,76.5,1,MNC,Analyst,85.51,76.5,0
S3805,8.95,Computer Science and Engineering,1,1,0,0,1,42.9,7.6,51.7,0,5,0,63.3,1,MNC,Software Engineer,83.92,63.3,0
S3806,7.74,Mechanical Engineering,2,1,0,0,0,18.3,6.7,42.6,3,4,1,82.8,1,Startup,Analyst,42.25,82.8,0
S3807,7.35,Mechanical Engineering,1,0,1,0,0,5.1,9.7,54.8,1,6,0,81.0,1,Startup,Web Developer,42.8,81.0,0
S3808,7.33,Civil Engineering,1,1,1,0,1,80.3,5.8,92.5,1,3,2,69.2,1,Top Tech,Data Scientist,106.95,69.2,0
S3809,6.16,Electronics and Communication Engineering,1,1,0,0,1,75.1,6.7,45.8,1,5,0,73.4,1,Mid-size,Analyst,60.08,73.4,0
S3810,8.89,Civil Engineering,3,1,0,0,0,78.2,5.4,93.1,1,3,1,53.2,1,Startup,Web Developer,42.22,53.2,0
S3811,9.57,Information Technology,3,1,0,0,1,42.7,7.4,65.3,0,1,0,42.3,0,Not placed,Not placed,,42.3,0
S3812,5.86,Electrical and Electronics Engineering,3,0,0,0,0,94.5,6.1,41.9,1,3,0,41.4,1,Startup,Analyst,47.63,41.4,0
S3813,8.91,Mechanical Engineering,2,0,1,0,1,71.9,4.6,61.5,1,2,0,53.5,1,MNC,Data Scientist,85.28,53.5,0
S3814,7.53,Civil Engineering,1,1,1,0,1,35.3,5.5,81.6,0,4,0,66.8,1,Mid-size,Software Engineer,57.13,66.8,0
S3815,9.99,Information Technology,1,1,1,0,0,73.7,6.6,92.9,1,4,1,69.3,1,Mid-size,Data Scientist,62.59,69.3,0
S3816,6.11,Information Technology,2,0,1,0,0,11.4,9.1,84.3,2,6,0,90.6,1,Startup,Data Scientist,39.37,90.6,0
S3817,5.94,Information Technology,3,1,0,0,1,41.3,9.8,64.5,0,4,2,68.3,0,Not placed,Not placed,,68.3,0
S3818,9.88,Mechanical Engineering,1,1,1,0,0,39.2,5.9,93.1,1,5,2,71.9,1,MNC,Analyst,71.95,71.9,0
S3819,5.31,Electronics and Communication Engineering,1,0,0,0,0,42.0,8.6,54.8,0,6,2,51.0,0,Not placed,Not placed,,51.0,0
S3820,5.33,Civil Engineering,3,1,1,1,1,25.1,7.8,79.8,0,2,0,70.0,1,MNC,Web Developer,85.91,70.0,0
S3821,7.47,Computer Science and Engineering,3,0,0,0,0,75.8,9.4,66.1,2,5,0,69.5,1,Startup,Analyst,44.34,69.5,0
S3822,5.35,Electronics and Communication Engineering,2,1,0,0,1,22.1,5.2,65.3,0,2,2,45.1,0,Not placed,Not placed,,45.1,0
S3823,7.35,Civil Engineering,1,0,0,0,1,27.6,7.1,40.8,1,3,0,58.5,1,Startup,Web Developer,45.91,58.5,0
S3824,9.92,Electrical and Electronics Engineering,1,1,1,0,0,96.5,6.2,79.7,1,5,0,76.3,1,MNC,Analyst,91.59,76.3,0
S3825,7.39,Civil Engineering,2,1,0,1,0,65.7,9.6,83.2,2,6,0,98.4,1,MNC,Data Scientist,81.29,98.4,0
S3826,8.5,Mechanical Engineering,1,1,1,1,0,58.7,6.2,70.4,1,2,0,70.7,1,MNC,Software Engineer,90.33,70.7,0
S3827,6.73,Civil Engineering,3,0,1,1,1,22.3,6.5,44.1,0,6,1,76.6,1,MNC,Analyst,61.94,76.6,0
S3828,9.61,Civil Engineering,3,0,1,1,0,80.8,7.6,59.4,1,3,1,65.4,1,MNC,Data Scientist,73.51,65.4,0
S3829,7.89,Civil Engineering,2,1,1,1,0,42.0,5.9,88.1,2,3,1,81.8,1,MNC,Data Scientist,72.96,81.8,0
S3830,5.57,Electrical and Electronics Engineering,1,1,1,0,1,51.2,9.4,74.2,1,3,0,88.0,1,Mid-size,Analyst,69.55,88.0,0
S3831,6.75,Electrical and Electronics Engineering,2,1,0,0,0,29.2,5.8,71.0,0,3,1,39.7,0,Not placed,Not placed,,39.7,0
S3832,5.27,Computer Science and Engineering,3,0,0,0,0,10.7,10.0,100.0,1,4,0,55.1,1,Startup,Data Scientist,44.61,55.1,0
S3833,9.06,Computer Science and Engineering,2,1,1,1,1,85.2,7.0,82.5,0,2,1,70.8,1,MNC,Software Engineer,98.3,70.8,0
S3834,7.33,Mechanical Engineering,1,0,1,0,0,11.2,8.5,59.0,1,5,1,71.4,1,Startup,Web Developer,41.48,71.4,0
S3835,8.76,Computer Science and Engineering,2,0,0,0,0,73.2,7.8,98.0,0,4,0,44.0,1,Startup,Software Engineer,48.7,44.0,0
S3836,5.97,Electronics and Communication Engineering,2,1,1,0,1,95.7,9.3,73.4,1,1,3,75.6,1,MNC,Analyst,78.3,75.6,0
S3837,7.78,Information Technology,1,0,0,1,0,43.6,7.1,66.4,1,1,1,46.3,1,Startup,Analyst,43.08,46.3,0
S3838,5.93,Computer Science and Engineering,1,1,0,0,0,13.1,8.6,65.1,2,5,0,84.2,1,Startup,Web Developer,50.54,84.2,0
S3839,5.36,Information Technology,2,1,0,1,0,59.8,8.5,78.2,1,4,2,79.5,1,MNC,Software Engineer,73.14,79.5,0
S3840,7.46,Computer Science and Engineering,1,1,1,1,0,13.3,8.1,66.4,3,1,2,90.0,1,Mid-size,Analyst,65.79,90.0,0
S3841,5.17,Mechanical Engineering,2,1,1,0,0,1.0,5.8,59.1,2,3,2,73.2,0,Not placed,Not placed,,73.2,0
S3842,9.82,Computer Science and Engineering,3,0,1,1,0,0.6,7.1,49.2,1,3,1,68.5,1,MNC,Analyst,86.36,68.5,0
S3843,9.19,Civil Engineering,3,0,0,0,1,54.7,5.1,41.8,2,6,0,73.1,1,Startup,Analyst,51.69,73.1,0
S3844,6.1,Mechanical Engineering,2,1,1,0,0,70.2,7.2,82.7,0,1,0,49.2,1,MNC,Software Engineer,86.9,49.2,0
S3845,6.83,Computer Science and Engineering,1,0,1,0,0,95.3,6.9,68.3,0,5,0,56.8,1,Startup,Analyst,44.54,56.8,0
S3846,7.39,Electrical and Electronics Engineering,1,1,0,0,0,81.7,4.7,98.3,3,4,0,71.4,1,Startup,Analyst,45.12,71.4,0
S3847,5.51,Civil Engineering,3,1,0,0,0,72.0,4.3,70.5,1,5,0,54.6,0,Not placed,Not placed,,54.6,0
S3848,9.75,Mechanical Engineering,3,0,0,0,0,56.0,9.8,67.9,0,5,0,50.8,1,Startup,Web Developer,36.51,50.8,0
S3849,8.18,Electrical and Electronics Engineering,3,0,0,0,0,97.3,8.1,42.2,0,3,1,35.7,0,Not placed,Not placed,,35.7,0
S3850,5.47,Information Technology,2,1,0,1,0,44.3,9.7,70.2,0,4,0,73.5,1,MNC,Software Engineer,83.19,73.5,0
S3851,6.59,Civil Engineering,3,1,1,0,1,5.4,6.6,45.8,0,4,1,68.0,0,Not placed,Not placed,,68.0,0
S3852,5.5,Civil Engineering,1,1,1,0,1,77.7,7.9,50.4,2,5,0,97.0,1,Top Tech,Data Scientist,111.07,97.0,0
S3853,7.0,Information Technology,2,1,0,0,0,89.3,7.5,91.3,3,6,0,96.6,1,Startup,Analyst,49.27,96.6,0
S3854,6.68,Computer Science and Engineering,3,0,0,0,0,62.2,6.3,71.8,0,1,0,28.2,0,Not placed,Not placed,,28.2,0
S3855,6.31,Civil Engineering,2,0,1,1,1,98.2,6.3,94.9,1,1,0,65.5,1,Mid-size,Data Scientist,73.94,65.5,0
S3856,9.41,Civil Engineering,3,0,0,0,1,48.4,6.1,49.5,2,4,1,69.4,0,Not placed,Not placed,,69.4,0
S3857,8.05,Electrical and Electronics Engineering,3,1,1,1,1,93.8,5.7,49.1,0,5,0,78.1,1,MNC,Web Developer,89.75,78.1,0
S3858,7.01,Information Technology,2,1,0,0,0,55.5,9.1,41.7,1,3,0,60.8,1,Startup,Analyst,42.5,60.8,0
S3859,6.88,Electrical and Electronics Engineering,3,1,1,0,1,2.3,8.8,98.5,1,6,0,98.6,1,Mid-size,Analyst,72.13,98.6,0
S3860,8.89,Electronics and Communication Engineering,2,1,0,1,1,15.4,9.5,40.5,1,3,0,88.5,1,Mid-size,Data Scientist,52.51,88.5,0
S3861,6.55,Electronics and Communication Engineering,3,1,1,0,1,10.4,6.6,100.0,0,1,1,54.3,1,MNC,Software Engineer,67.35,54.3,0
S3862,6.85,Electronics and Communication Engineering,2,0,1,0,0,0.5,4.0,89.2,2,6,0,70.4,1,Startup,Analyst,41.07,70.4,0
S3863,7.09,Computer Science and Engineering,3,1,0,0,0,86.8,6.1,90.2,1,5,2,60.9,0,Not placed,Not placed,,60.9,0
S3864,9.8,Computer Science and Engineering,1,1,1,1,0,48.5,4.8,77.5,3,1,0,84.4,1,MNC,Data Scientist,73.88,84.4,0
S3865,8.75,Computer Science and Engineering,1,1,1,1,1,48.4,8.5,75.9,1,3,0,94.3,1,MNC,Software Engineer,79.05,94.3,0
S3866,7.12,Computer Science and Engineering,3,1,0,0,0,89.2,7.9,43.4,2,3,0,71.9,1,Startup,Analyst,51.74,71.9,0
S3867,8.6,Mechanical Engineering,2,1,0,0,0,62.9,5.6,97.5,0,6,0,58.5,1,Startup,Software Engineer,40.55,58.5,0
S3868,5.99,Electrical and Electronics Engineering,3,1,1,0,1,65.8,4.2,73.3,1,6,3,82.8,1,MNC,Data Scientist,78.81,82.8,0
S3869,5.75,Electrical and Electronics Engineering,2,1,1,0,0,95.1,8.8,50.8,0,4,2,63.2,1,MNC,Software Engineer,90.94,63.2,0
S3870,9.81,Electrical and Electronics Engineering,1,0,0,0,1,33.0,8.3,49.9,1,5,0,69.3,1,Startup,Data Scientist,53.83,69.3,0
S3871,5.57,Civil Engineering,1,1,0,1,1,4.8,8.2,93.8,0,2,0,59.8,1,MNC,Web Developer,79.55,59.8,0
S3872,9.17,Civil Engineering,3,1,1,1,1,81.2,6.9,62.1,2,2,0,91.4,1,Mid-size,Analyst,77.26,91.4,0
S3873,8.8,Information Technology,3,0,1,0,1,87.6,7.6,50.6,2,3,0,81.9,1,MNC,Software Engineer,92.95,81.9,0
S3874,5.53,Mechanical Engineering,2,0,0,0,1,23.8,8.2,99.9,2,6,2,89.5,1,Startup,Data Scientist,43.68,89.5,0
S3875,9.22,Civil Engineering,3,0,1,0,0,34.3,5.9,71.0,1,6,0,66.1,1,Startup,Data Scientist,43.04,66.1,0
S3876,7.54,Information Technology,1,0,1,0,0,93.4,9.6,50.5,2,1,0,64.8,1,Startup,Analyst,57.19,64.8,0
S3877,7.74,Information Technology,3,0,1,0,0,63.3,7.7,94.2,0,6,1,61.8,1,Startup,Analyst,38.31,61.8,0
S3878,5.84,Computer Science and Engineering,2,1,1,0,0,8.1,8.5,51.5,2,6,0,96.2,1,Mid-size,Web Developer,63.61,96.2,0
S3879,5.29,Electrical and Electronics Engineering,1,0,1,1,1,68.0,7.4,77.9,0,5,0,76.0,1,Mid-size,Analyst,53.57,76.0,0
S3880,6.15,Computer Science and Engineering,2,0,1,0,1,28.8,9.2,89.9,1,2,2,67.1,1,Mid-size,Data Scientist,59.01,67.1,0
S3881,5.2,Mechanical Engineering,1,1,1,0,0,41.3,9.3,72.8,0,2,0,62.6,1,MNC,Analyst,70.95,62.6,0
S3882,5.32,Electronics and Communication Engineering,2,1,0,1,0,72.7,4.3,60.1,1,4,0,62.2,1,MNC,Analyst,86.23,62.2,0
S3883,8.91,Electronics and Communication Engineering,1,0,0,0,1,53.5,7.3,49.4,1,4,0,58.0,1,Startup,Software Engineer,44.02,58.0,0
S3884,9.25,Civil Engineering,3,1,0,0,0,0.7,8.9,96.5,1,1,1,54.0,0,Not placed,Not placed,,54.0,0
S3885,9.49,Mechanical Engineering,2,1,0,0,1,37.6,5.8,57.3,0,2,1,45.3,0,Not placed,Not placed,,45.3,0
S3886,6.2,Information Technology,2,1,1,1,0,69.7,4.8,96.4,1,6,0,88.8,1,MNC,Software Engineer,67.32,88.8,0
S3887,9.46,Electrical and Electronics Engineering,3,0,1,0,1,87.4,10.0,44.1,2,1,0,75.7,1,MNC,Web Developer,85.24,75.7,0
S3888,5.5,Computer Science and Engineering,2,1,1,1,0,70.4,5.6,55.2,3,4,0,92.6,1,MNC,Software Engineer,77.36,92.6,0
S3889,7.76,Mechanical Engineering,2,0,1,1,0,6.8,7.3,75.5,2,3,1,73.3,1,Mid-size,Analyst,67.35,73.3,0
S3890,6.07,Electronics and Communication Engineering,2,0,1,1,0,44.7,8.4,69.7,0,1,0,50.1,1,MNC,Software Engineer,64.17,50.1,0
S3891,7.74,Computer Science and Engineering,2,0,1,0,0,18.7,4.1,65.6,1,5,2,57.2,1,Startup,Data Scientist,38.5,57.2,0
S3892,5.42,Electrical and Electronics Engineering,2,1,1,1,1,75.0,5.6,49.6,0,4,0,75.9,1,Mid-size,Software Engineer,53.62,75.9,0
S3893,9.11,Computer Science and Engineering,2,1,0,1,0,90.6,8.5,94.3,1,4,2,79.4,1,MNC,Web Developer,94.24,79.4,0
S3894,6.86,Information Technology,1,1,0,0,0,62.4,9.7,88.5,0,3,2,51.4,1,Startup,Data Scientist,44.78,51.4,0
S3895,8.51,Electrical and Electronics Engineering,1,1,1,0,0,62.7,7.3,75.2,0,1,0,49.7,1,MNC,Web Developer,80.48,49.7,0
S3896,7.31,Computer Science and Engineering,1,0,0,0,1,68.0,5.0,92.8,1,6,2,68.4,1,Startup,Analyst,46.34,68.4,0
S3897,9.04,Information Technology,2,0,1,0,0,17.8,4.0,58.8,0,3,0,38.6,1,Startup,Web Developer,44.61,38.6,0
S3898,8.7,Electronics and Communication Engineering,2,1,1,1,0,48.5,6.9,56.7,0,5,0,74.4,1,Mid-size,Analyst,53.61,74.4,0
S3899,8.9,Electrical and Electronics Engineering,1,1,1,1,0,5.4,5.5,43.1,0,3,0,64.3,1,MNC,Analyst,83.32,64.3,0
S3900,6.27,Computer Science and Engineering,2,1,0,0,1,15.6,9.3,82.2,0,1,0,51.7,1,Mid-size,Web Developer,49.14,51.7,0
S3901,5.88,Information Technology,1,0,1,1,1,70.9,7.7,86.8,1,2,0,72.8,1,Mid-size,Analyst,64.27,72.8,0
S3902,8.05,Civil Engineering,2,1,0,0,0,70.7,9.2,85.8,0,5,1,57.6,1,Startup,Software Engineer,37.67,57.6,0
S3903,8.54,Electronics and Communication Engineering,3,0,1,1,0,2.7,9.9,80.4,0,3,0,67.1,1,MNC,Data Scientist,71.28,67.1,0
S3904,8.55,Computer Science and Engineering,1,0,0,0,0,76.4,4.4,60.1,0,4,0,34.5,1,Startup,Analyst,42.0,34.5,0
S3905,6.2,Computer Science and Engineering,1,0,0,0,1,93.7,5.5,46.3,0,6,0,52.0,1,Startup,Web Developer,38.03,52.0,0
S3906,8.38,Electrical and Electronics Engineering,3,0,1,0,0,81.8,6.0,88.8,0,3,0,43.0,1,Startup,Analyst,38.04,43.0,0
S3907,5.37,Computer Science and Engineering,1,1,1,0,1,5.1,6.0,41.5,0,6,0,77.5,1,MNC,Data Scientist,65.6,77.5,0
S3908,8.2,Electrical and Electronics Engineering,3,1,0,1,0,52.2,4.9,54.0,2,5,0,77.3,1,Mid-size,Analyst,50.97,77.3,0
S3909,7.54,Computer Science and Engineering,2,0,0,0,1,0.8,4.3,53.2,3,6,0,84.1,1,Startup,Web Developer,43.36,84.1,0
S3910,9.39,Mechanical Engineering,2,0,0,0,0,11.5,6.8,76.8,3,4,0,71.6,1,Startup,Data Scientist,45.33,71.6,0
S3911,8.82,Electronics and Communication Engineering,2,1,0,0,0,41.5,8.7,44.0,0,5,0,65.4,1,Startup,Web Developer,41.87,65.4,0
S3912,6.92,Information Technology,1,1,0,0,0,15.8,9.7,54.4,1,3,1,67.0,1,Startup,Software Engineer,39.51,67.0,0
S3913,8.51,Computer Science and Engineering,1,1,0,1,0,99.6,9.2,97.4,2,3,0,86.7,1,MNC,Data Scientist,84.29,86.7,0
S3914,9.72,Electronics and Communication Engineering,3,1,0,0,0,62.3,10.0,73.1,1,4,0,67.0,1,Startup,Software Engineer,41.16,67.0,0
S3915,8.66,Civil Engineering,1,1,1,0,0,47.0,9.6,45.8,0,6,0,82.0,1,MNC,Software Engineer,88.19,82.0,0
S3916,7.98,Civil Engineering,2,1,1,0,1,26.3,4.7,77.4,0,6,0,76.8,1,MNC,Web Developer,86.33,76.8,0
S3917,8.07,Mechanical Engineering,3,1,1,1,0,3.6,9.0,96.7,1,4,1,85.8,1,MNC,Software Engineer,90.51,85.8,0
S3918,8.83,Electrical and Electronics Engineering,2,1,1,0,0,28.3,8.8,96.7,0,3,0,65.9,1,Mid-size,Analyst,67.23,65.9,0
S3919,6.88,Electronics and Communication Engineering,2,1,0,1,1,43.9,6.0,48.9,0,1,3,49.4,0,Not placed,Not placed,,49.4,0
S3920,5.88,Computer Science and Engineering,2,1,1,1,0,88.5,4.5,41.4,2,6,0,91.5,1,MNC,Data Scientist,83.5,91.5,0
S3921,9.92,Mechanical Engineering,1,1,0,0,1,66.6,7.6,58.6,1,2,1,58.0,1,MNC,Data Scientist,67.66,58.0,0
S3922,8.95,Information Technology,2,0,1,1,0,6.4,4.1,69.6,0,5,2,53.5,0,Not placed,Not placed,,53.5,0
S3923,6.11,Computer Science and Engineering,2,1,1,0,0,14.4,7.4,41.1,1,2,0,57.8,1,Mid-size,Data Scientist,48.58,57.8,0
S3924,7.97,Civil Engineering,2,1,1,0,0,80.3,8.8,72.5,0,3,0,66.0,1,MNC,Data Scientist,90.34,66.0,0
S3925,6.35,Electrical and Electronics Engineering,3,1,1,1,1,16.8,6.2,82.9,2,5,0,99.1,1,MNC,Software Engineer,70.17,99.1,0
S3926,8.21,Civil Engineering,3,1,1,0,0,47.0,7.8,82.8,1,1,1,55.3,1,Mid-size,Data Scientist,66.39,55.3,0
S3927,9.07,Information Technology,3,0,0,1,0,51.4,9.5,93.1,2,2,1,72.6,1,Startup,Data Scientist,44.61,72.6,0
S3928,8.81,Information Technology,1,1,0,0,1,68.6,7.1,65.2,1,1,0,60.3,1,Mid-size,Data Scientist,64.53,60.3,0
S3929,7.13,Electrical and Electronics Engineering,1,1,0,0,0,51.8,7.2,68.1,0,6,0,61.9,1,Startup,Analyst,45.9,61.9,0
S3930,7.54,Information Technology,1,1,1,0,0,63.7,9.7,94.0,1,3,0,75.3,1,Mid-size,Web Developer,64.98,75.3,0
S3931,5.12,Computer Science and Engineering,3,1,0,0,1,22.7,8.3,60.0,3,6,0,100.0,1,Mid-size,Data Scientist,63.09,102.3,1
S3932,8.98,Computer Science and Engineering,1,0,0,0,1,72.7,6.1,94.6,1,4,1,57.2,1,Startup,Web Developer,40.77,57.2,0
S3933,7.76,Electrical and Electronics Engineering,3,0,0,1,0,50.1,5.6,64.6,1,5,1,61.8,0,Not placed,Not placed,,61.8,0
S3934,9.34,Electronics and Communication Engineering,3,0,1,0,0,95.3,8.1,68.2,1,2,0,53.9,1,Startup,Data Scientist,43.31,53.9,0
S3935,7.08,Information Technology,2,1,0,0,0,97.4,8.5,49.3,1,2,0,54.7,1,Startup,Web Developer,52.93,54.7,0
S3936,7.02,Electrical and Electronics Engineering,1,1,0,0,1,9.2,9.2,83.6,1,2,1,66.3,1,Mid-size,Web Developer,54.6,66.3,0
S3937,6.79,Civil Engineering,1,1,1,1,1,6.8,5.8,92.3,1,3,0,82.8,1,Mid-size,Analyst,68.75,82.8,0
S3938,6.39,Computer Science and Engineering,2,1,0,0,0,4.8,4.4,68.5,2,6,1,72.2,0,Not placed,Not placed,,72.2,0
S3939,6.08,Electronics and Communication Engineering,2,1,1,0,0,58.2,7.6,92.5,2,2,0,70.2,1,MNC,Analyst,67.05,70.2,0
S3940,9.8,Civil Engineering,2,1,1,0,0,12.5,5.8,95.7,1,1,0,54.6,1,MNC,Data Scientist,85.63,54.6,0
S3941,9.31,Electronics and Communication Engineering,1,0,0,0,0,25.2,6.3,81.2,1,5,1,50.4,0,Not placed,Not placed,,50.4,0
S3942,9.06,Information Technology,1,0,1,0,1,80.5,9.3,54.0,2,1,0,72.1,1,MNC,Software Engineer,95.01,72.1,0
S3943,6.34,Computer Science and Engineering,3,1,1,0,1,59.6,8.1,59.3,0,3,1,73.8,1,MNC,Analyst,66.88,73.8,0
S3944,6.77,Information Technology,2,1,1,0,1,98.5,6.4,69.1,1,2,0,73.8,1,MNC,Web Developer,89.05,73.8,0
S3945,6.79,Electronics and Communication Engineering,3,0,0,0,1,26.7,8.8,45.5,1,2,0,60.6,1,Startup,Software Engineer,39.77,60.6,0
S3946,8.6,Electrical and Electronics Engineering,1,1,1,1,0,50.3,8.6,75.6,0,3,0,65.9,1,MNC,Analyst,76.8,65.9,0
S3947,8.95,Electrical and Electronics Engineering,2,1,1,1,1,70.1,9.7,92.6,2,1,1,94.1,1,MNC,Analyst,75.14,94.1,0
S3948,7.77,Electronics and Communication Engineering,1,1,1,0,0,62.7,4.6,77.3,1,3,0,57.6,1,MNC,Software Engineer,66.45,57.6,0
S3949,7.68,Civil Engineering,1,1,0,0,0,54.9,4.2,80.2,0,4,0,46.1,1,Startup,Data Scientist,44.85,46.1,0
S3950,6.44,Electronics and Communication Engineering,2,1,1,0,0,85.9,7.6,53.9,1,3,0,70.0,1,Mid-size,Analyst,62.27,70.0,0
S3951,8.75,Civil Engineering,3,1,0,0,1,63.9,9.5,68.4,1,4,2,75.7,1,Mid-size,Analyst,67.65,75.7,0
S3952,7.69,Information Technology,3,1,1,0,0,99.4,6.3,52.3,1,2,0,55.0,1,Mid-size,Analyst,54.76,55.0,0
S3953,6.02,Information Technology,3,1,1,0,1,36.4,8.1,69.6,1,3,0,79.7,1,Mid-size,Web Developer,69.46,79.7,0
S3954,6.2,Computer Science and Engineering,1,1,0,0,0,79.1,4.5,76.4,1,1,0,37.6,1,Startup,Data Scientist,42.52,37.6,0
S3955,8.59,Civil Engineering,3,1,1,1,1,60.1,5.9,61.4,1,1,1,68.4,1,Mid-size,Software Engineer,72.1,68.4,0
S3956,7.54,Computer Science and Engineering,3,0,0,0,0,93.6,7.6,74.5,1,1,0,37.0,1,Startup,Data Scientist,47.25,37.0,0
S3957,7.72,Information Technology,3,1,1,1,0,76.7,10.0,93.3,0,4,0,78.1,1,MNC,Web Developer,79.21,78.1,0
S3958,7.39,Computer Science and Engineering,1,0,1,1,0,60.9,7.8,70.0,2,2,3,76.5,1,MNC,Analyst,74.87,76.5,0
S3959,5.89,Electronics and Communication Engineering,3,1,0,0,0,48.2,8.1,58.2,2,2,1,59.8,0,Not placed,Not placed,,59.8,0
S3960,9.02,Electrical and Electronics Engineering,1,1,0,1,0,92.4,5.3,46.9,0,5,0,65.3,1,MNC,Data Scientist,79.63,65.3,0
S3961,8.48,Computer Science and Engineering,1,1,1,0,1,11.1,8.1,93.2,0,3,1,65.5,1,MNC,Data Scientist,80.7,65.5,0
S3962,7.28,Electrical and Electronics Engineering,3,1,1,0,1,27.5,8.3,43.6,2,6,0,100.0,1,MNC,Analyst,78.59,109.5,1
S3963,6.57,Mechanical Engineering,2,1,1,0,0,6.3,5.0,52.6,1,4,0,63.5,1,Mid-size,Analyst,51.46,63.5,0
S3964,6.56,Electrical and Electronics Engineering,3,1,1,0,1,74.7,4.9,97.4,0,2,0,57.3,1,Mid-size,Software Engineer,57.04,57.3,0
S3965,6.55,Electrical and Electronics Engineering,1,0,1,1,0,51.5,6.7,67.4,0,2,2,47.9,1,Mid-size,Web Developer,54.52,47.9,0
S3966,8.15,Electrical and Electronics Engineering,3,1,0,1,0,79.5,5.2,82.0,0,2,0,49.5,1,MNC,Software Engineer,75.58,49.5,0
S3967,7.45,Information Technology,3,0,1,0,1,42.8,6.7,46.4,0,1,1,47.1,0,Not placed,Not placed,,47.1,0
S3968,8.5,Electronics and Communication Engineering,3,0,1,0,0,70.7,4.8,50.2,2,3,0,63.0,1,Startup,Data Scientist,40.52,63.0,0
S3969,8.7,Electronics and Communication Engineering,1,0,1,0,0,65.0,9.1,56.3,1,2,0,53.8,1,Startup,Software Engineer,41.43,53.8,0
S3970,9.47,Civil Engineering,1,0,0,0,1,54.5,8.1,88.5,3,1,0,64.7,1,Startup,Web Developer,52.75,64.7,0
S3971,6.88,Electrical and Electronics Engineering,3,0,0,0,1,3.0,5.4,44.1,2,3,1,59.5,0,Not placed,Not placed,,59.5,0
S3972,6.57,Mechanical Engineering,3,1,1,0,1,47.6,4.8,51.6,0,1,0,48.5,1,MNC,Software Engineer,63.98,48.5,0
S3973,9.88,Information Technology,2,0,1,0,0,38.7,6.1,92.2,3,3,0,72.3,1,Startup,Web Developer,48.19,72.3,0
S3974,6.73,Mechanical Engineering,2,0,1,0,1,39.4,9.0,65.0,0,4,2,63.4,0,Not placed,Not placed,,63.4,0
S3975,5.78,Electrical and Electronics Engineering,3,1,1,0,0,41.0,9.9,40.7,1,1,0,68.5,1,MNC,Analyst,85.29,68.5,0
S3976,9.93,Information Technology,1,1,1,0,0,73.4,6.2,83.5,2,1,0,66.2,1,Mid-size,Software Engineer,62.52,66.2,0
S3977,8.64,Information Technology,3,1,1,1,1,20.2,5.2,94.1,1,6,1,93.3,1,MNC,Data Scientist,77.22,93.3,0
S3978,9.3,Mechanical Engineering,3,1,1,0,0,40.1,5.5,93.1,0,5,2,59.6,1,MNC,Software Engineer,68.68,59.6,0
S3979,5.88,Mechanical Engineering,2,0,1,1,1,7.2,4.6,66.9,1,2,0,64.4,1,MNC,Analyst,73.98,64.4,0
S3980,5.44,Electronics and Communication Engineering,1,1,0,0,1,38.2,7.0,57.6,0,6,0,75.8,1,MNC,Analyst,71.35,75.8,0
S3981,9.41,Civil Engineering,2,0,1,0,0,66.6,5.0,93.3,0,6,2,55.4,1,Startup,Software Engineer,44.14,55.4,0
S3982,9.5,Information Technology,1,0,1,0,0,43.6,5.2,92.1,2,6,2,73.4,1,Startup,Software Engineer,40.87,73.4,0
S3983,9.06,Mechanical Engineering,1,1,0,0,1,26.3,5.4,69.0,0,3,2,53.0,0,Not placed,Not placed,,53.0,0
S3984,8.38,Electronics and Communication Engineering,1,1,0,0,0,77.3,6.1,70.0,2,5,0,75.1,1,Startup,Data Scientist,46.02,75.1,0
S3985,5.36,Electronics and Communication Engineering,1,1,1,0,1,66.9,7.0,98.3,2,1,0,76.2,1,Mid-size,Analyst,67.85,76.2,0
S3986,6.07,Computer Science and Engineering,3,0,1,0,0,45.8,9.8,83.9,3,5,0,96.2,1,Startup,Data Scientist,46.81,96.2,0
S3987,5.77,Information Technology,3,1,1,0,1,20.9,6.9,51.4,2,4,0,86.6,1,MNC,Software Engineer,85.58,86.6,0
S3988,8.77,Computer Science and Engineering,3,0,1,1,0,49.2,8.1,64.4,2,2,1,78.3,1,Mid-size,Analyst,53.48,78.3,0
S3989,5.59,Civil Engineering,3,1,1,1,0,23.4,5.6,57.2,0,1,0,55.6,1,Mid-size,Analyst,49.12,55.6,0
S3990,5.51,Electronics and Communication Engineering,1,1,0,0,0,34.6,4.2,43.9,2,1,0,49.7,1,Startup,Analyst,44.36,49.7,0
S3991,6.03,Civil Engineering,1,0,0,0,1,26.8,4.3,65.5,2,6,3,75.8,0,Not placed,Not placed,,75.8,0
S3992,5.78,Electrical and Electronics Engineering,3,1,0,0,0,38.7,9.1,78.6,1,1,0,48.5,0,Not placed,Not placed,,48.5,0
S3993,8.52,Electronics and Communication Engineering,2,0,0,1,1,87.4,9.2,61.5,3,1,0,77.8,1,MNC,Software Engineer,90.37,77.8,0
S3994,5.86,Civil Engineering,1,1,1,0,1,47.5,8.5,87.2,2,4,1,94.0,1,MNC,Analyst,75.51,94.0,0
S3995,6.57,Information Technology,3,0,1,0,0,17.4,4.2,41.8,1,6,0,62.2,0,Not placed,Not placed,,62.2,0
S3996,7.15,Electronics and Communication Engineering,1,0,0,0,1,50.8,8.8,92.6,1,4,1,67.1,1,Startup,Analyst,42.41,67.1,0
S3997,6.06,Computer Science and Engineering,3,1,1,0,1,37.5,5.2,88.4,1,4,1,78.0,1,MNC,Software Engineer,73.22,78.0,0
S3998,5.17,Civil Engineering,3,1,1,0,0,89.5,5.6,60.1,3,3,1,86.0,1,Mid-size,Web Developer,74.63,86.0,0
S3999,5.15,Civil Engineering,2,1,0,0,0,58.5,5.0,44.6,3,3,0,71.2,1,Startup,Data Scientist,44.51,71.2,0
S4000,8.26,Electrical and Electronics Engineering,1,0,1,1,0,18.8,7.0,46.4,2,2,0,75.5,1,Mid-size,Analyst,62.92,75.5,0
S4001,5.62,Electronics and Communication Engineering,1,1,1,0,0,76.6,9.9,90.6,1,5,2,83.7,1,MNC,Web Developer,96.15,83.7,0
S4002,6.42,Information Technology,2,0,1,0,1,3.7,5.3,41.1,0,1,0,40.8,0,Not placed,Not placed,,40.8,0
S4003,8.24,Information Technology,3,1,0,0,1,7.6,8.0,88.2,2,6,0,93.2,1,MNC,Web Developer,88.74,93.2,0
S4004,8.07,Electronics and Communication Engineering,1,1,1,0,0,98.1,5.1,68.9,0,6,2,66.6,1,Mid-size,Web Developer,55.89,66.6,0
S4005,6.24,Computer Science and Engineering,2,1,0,0,1,29.6,4.5,73.2,0,6,1,60.2,1,Mid-size,Data Scientist,62.7,60.2,0
S4006,9.63,Electrical and Electronics Engineering,1,1,1,0,1,37.2,6.1,60.9,0,6,0,81.9,1,Mid-size,Data Scientist,66.81,81.9,0
S4007,6.7,Information Technology,3,1,1,0,1,42.1,4.6,54.4,2,5,0,86.8,1,MNC,Web Developer,88.54,86.8,0
S4008,7.32,Civil Engineering,1,0,0,0,0,48.6,5.2,92.5,2,3,0,52.3,1,Startup,Analyst,46.23,52.3,0
S4009,5.52,Computer Science and Engineering,2,1,1,1,0,12.4,6.2,65.8,2,2,0,77.4,1,MNC,Data Scientist,67.04,77.4,0
S4010,7.61,Information Technology,2,1,1,1,0,98.6,6.8,53.1,3,2,1,87.0,1,MNC,Data Scientist,97.29,87.0,0
S4011,7.56,Computer Science and Engineering,1,0,1,0,1,49.8,4.4,73.6,1,4,0,65.7,1,MNC,Software Engineer,73.0,65.7,0
S4012,8.93,Electrical and Electronics Engineering,1,0,0,0,0,8.7,5.9,62.4,0,3,0,28.4,0,Not placed,Not placed,,28.4,0
S4013,5.98,Electrical and Electronics Engineering,3,1,1,0,0,79.2,6.3,69.5,2,2,3,68.5,0,Not placed,Not placed,,68.5,0
S4014,9.46,Electrical and Electronics Engineering,1,0,1,0,1,64.0,6.4,65.5,0,5,0,68.1,1,Mid-size,Data Scientist,53.97,68.1,0
S4015,5.12,Civil Engineering,1,1,1,1,1,79.7,9.2,68.6,2,1,1,89.2,1,Top Tech,Software Engineer,120.89,89.2,0
S4016,6.23,Electrical and Electronics Engineering,2,1,0,1,0,78.1,7.3,65.6,1,4,0,68.7,1,MNC,Software Engineer,78.14,68.7,0
S4017,7.58,Computer Science and Engineering,1,1,1,0,0,22.6,8.2,91.2,0,4,2,65.8,1,Mid-size,Software Engineer,57.34,65.8,0
S4018,5.9,Information Technology,1,1,1,1,1,42.0,8.4,67.2,0,3,1,79.0,1,Mid-size,Software Engineer,67.1,79.0,0
S4019,5.03,Electronics and Communication Engineering,1,1,1,0,0,41.5,9.4,89.9,0,3,0,59.3,1,Mid-size,Software Engineer,54.86,59.3,0
S4020,5.87,Computer Science and Engineering,1,1,0,0,1,87.4,7.5,59.9,2,2,0,71.1,1,MNC,Analyst,86.01,71.1,0
S4021,9.71,Civil Engineering,1,0,0,0,0,40.3,4.4,91.0,1,1,0,23.4,0,Not placed,Not placed,,23.4,0
S4022,9.7,Information Technology,1,0,0,0,0,25.9,8.3,70.3,0,6,1,52.3,1,Startup,Web Developer,38.93,52.3,0
S4023,7.29,Mechanical Engineering,2,0,1,0,1,52.3,8.9,85.1,0,1,0,47.9,1,MNC,Data Scientist,79.96,47.9,0
S4024,9.89,Electronics and Communication Engineering,2,1,0,1,0,7.9,5.4,89.8,0,6,0,63.4,1,Mid-size,Web Developer,51.06,63.4,0
S4025,8.57,Information Technology,1,0,1,0,0,48.9,5.9,92.2,0,4,0,50.8,1,Startup,Software Engineer,37.52,50.8,0
S4026,8.7,Mechanical Engineering,3,1,1,1,0,23.7,8.4,62.5,0,4,0,74.7,1,MNC,Analyst,77.37,74.7,0
S4027,7.55,Civil Engineering,3,1,1,0,0,5.6,9.2,80.6,2,1,1,73.3,1,MNC,Software Engineer,69.91,73.3,0
S4028,7.52,Computer Science and Engineering,1,1,0,0,0,0.2,9.4,40.8,0,4,1,61.8,1,Startup,Software Engineer,42.66,61.8,0
S4029,5.5,Mechanical Engineering,2,1,0,0,0,10.8,9.2,78.4,1,6,0,77.1,1,Startup,Software Engineer,43.75,77.1,0
S4030,6.98,Mechanical Engineering,2,1,0,1,1,90.1,6.1,56.6,0,6,0,76.1,1,Mid-size,Data Scientist,58.4,76.1,0
S4031,8.84,Computer Science and Engineering,1,1,0,0,1,38.1,8.9,49.0,3,4,0,92.3,1,MNC,Software Engineer,76.75,92.3,0
S4032,7.76,Information Technology,2,1,0,1,1,28.8,4.1,49.9,1,6,0,80.3,1,MNC,Web Developer,87.12,80.3,0
S4033,5.9,Information Technology,2,1,0,1,1,75.6,8.1,45.9,1,3,1,76.2,1,Mid-size,Analyst,55.7,76.2,0
S4034,8.49,Information Technology,3,0,1,1,0,89.8,6.8,70.9,2,1,0,65.0,1,MNC,Web Developer,72.29,65.0,0
S4035,7.2,Civil Engineering,3,0,1,0,0,99.6,4.8,90.9,0,1,0,28.6,0,Not placed,Not placed,,28.6,0
S4036,6.08,Computer Science and Engineering,2,0,1,0,0,5.0,9.9,82.6,1,5,0,74.7,1,Startup,Data Scientist,38.0,74.7,0
S4037,8.05,Computer Science and Engineering,1,1,1,0,0,11.1,7.1,93.5,3,1,0,76.0,1,Mid-size,Software Engineer,49.64,76.0,0
S4038,5.94,Electronics and Communication Engineering,2,1,1,1,0,66.9,8.1,40.2,0,1,0,61.8,1,Mid-size,Software Engineer,61.52,61.8,0
S4039,8.2,Mechanical Engineering,2,1,1,1,0,18.8,8.8,50.8,1,2,0,76.7,1,MNC,Software Engineer,89.96,76.7,0
S4040,8.2,Electronics and Communication Engineering,1,1,0,0,1,86.3,7.8,67.7,1,1,2,57.1,1,MNC,Software Engineer,83.83,57.1,0
S4041,9.09,Mechanical Engineering,1,1,0,0,1,60.0,8.1,91.7,2,6,0,90.6,1,Mid-size,Data Scientist,73.21,90.6,0
S4042,10.0,Electrical and Electronics Engineering,3,0,0,1,1,81.1,9.4,70.4,0,3,0,58.8,1,MNC,Analyst,93.83,58.8,0
S4043,8.92,Mechanical Engineering,1,0,0,0,0,36.5,6.6,71.3,0,2,0,28.4,0,Not placed,Not placed,,28.4,0
S4044,7.12,Civil Engineering,2,0,0,1,1,57.7,4.9,65.7,1,5,0,67.0,1,MNC,Data Scientist,72.74,67.0,0
S4045,8.9,Civil Engineering,3,0,0,0,0,68.3,6.3,63.8,0,1,1,21.3,0,Not placed,Not placed,,21.3,0
S4046,9.17,Electronics and Communication Engineering,3,1,0,1,0,83.1,6.2,88.1,1,2,1,54.2,1,MNC,Analyst,73.51,54.2,0
S4047,5.73,Electronics and Communication Engineering,1,0,1,1,1,56.7,4.9,44.8,1,6,0,84.1,1,MNC,Analyst,65.67,84.1,0
S4048,8.44,Electrical and Electronics Engineering,3,0,1,0,0,67.1,10.0,96.3,3,2,0,79.6,1,Startup,Analyst,46.1,79.6,0
S4049,6.9,Electronics and Communication Engineering,3,0,1,1,1,55.5,5.7,91.8,0,3,0,64.3,1,MNC,Software Engineer,76.97,64.3,0
S4050,8.75,Computer Science and Engineering,1,1,0,0,0,66.1,5.8,84.3,2,4,0,67.2,1,Startup,Data Scientist,45.3,67.2,0
S4051,5.92,Electronics and Communication Engineering,1,1,1,0,0,31.0,5.1,91.8,0,2,3,47.3,0,Not placed,Not placed,,47.3,0
S4052,8.98,Electrical and Electronics Engineering,2,1,1,0,0,19.2,5.1,51.0,1,5,0,69.3,1,MNC,Web Developer,72.54,69.3,0
S4053,8.84,Computer Science and Engineering,1,1,1,0,0,57.0,9.5,42.2,3,3,0,88.8,1,MNC,Web Developer,93.18,88.8,0
S4054,5.5,Civil Engineering,2,1,0,0,0,58.8,8.7,99.2,0,4,0,56.7,1,Startup,Data Scientist,42.14,56.7,0
S4055,9.73,Computer Science and Engineering,2,1,0,1,0,86.3,6.3,51.2,1,6,0,74.4,1,MNC,Data Scientist,92.1,74.4,0
S4056,6.02,Information Technology,2,1,1,0,1,11.1,5.6,47.9,2,6,0,93.1,1,Mid-size,Analyst,60.27,93.1,0
S4057,6.47,Electronics and Communication Engineering,2,0,1,0,0,66.5,6.0,62.7,2,5,0,69.6,1,Startup,Web Developer,51.36,69.6,0
S4058,7.26,Electrical and Electronics Engineering,3,0,0,1,0,67.4,5.0,40.4,3,6,0,84.6,1,Startup,Web Developer,44.66,84.6,0
S4059,5.09,Mechanical Engineering,3,1,1,0,1,6.8,5.2,64.4,1,3,0,68.2,1,Mid-size,Analyst,48.19,68.2,0
S4060,8.0,Information Technology,3,1,1,0,0,38.7,5.7,83.8,2,6,0,83.9,1,MNC,Data Scientist,73.05,83.9,0
S4061,7.11,Electrical and Electronics Engineering,2,1,1,0,0,37.2,9.5,48.0,2,6,0,100.0,1,Mid-size,Web Developer,70.38,100.7,1
S4062,9.78,Mechanical Engineering,3,1,0,0,0,3.4,8.4,79.0,2,2,1,66.7,1,Startup,Web Developer,48.1,66.7,0
S4063,6.45,Mechanical Engineering,3,1,0,1,1,62.3,8.4,97.5,1,4,0,87.1,1,MNC,Data Scientist,70.79,87.1,0
S4064,5.47,Electrical and Electronics Engineering,1,1,1,0,0,16.0,5.1,58.7,0,2,3,47.5,0,Not placed,Not placed,,47.5,0
S4065,7.16,Mechanical Engineering,3,1,1,0,0,27.8,9.8,82.1,1,4,1,78.3,1,MNC,Web Developer,90.05,78.3,0
S4066,6.22,Mechanical Engineering,3,0,1,0,0,21.5,8.2,44.9,1,6,0,71.6,1,Startup,Data Scientist,39.31,71.6,0
S4067,6.64,Civil Engineering,1,0,1,0,1,3.2,7.1,53.1,3,4,3,94.8,1,Mid-size,Data Scientist,60.34,94.8,0
S4068,6.73,Electronics and Communication Engineering,1,0,0,0,0,38.1,4.9,63.7,0,6,0,46.3,1,Startup,Data Scientist,41.55,46.3,0
S4069,9.64,Computer Science and Engineering,2,1,1,0,0,25.1,9.3,88.4,0,4,0,64.6,1,Mid-size,Web Developer,61.09,64.6,0
S4070,6.25,Information Technology,1,0,1,1,0,19.8,5.3,77.0,0,4,0,53.2,1,MNC,Software Engineer,77.34,53.2,0
S4071,7.31,Electronics and Communication Engineering,2,1,1,0,0,35.4,5.7,64.5,0,1,0,43.7,0,Not placed,Not placed,,43.7,0
S4072,9.31,Information Technology,2,0,1,0,0,38.0,7.5,95.8,0,6,0,59.2,1,Startup,Web Developer,42.62,59.2,0
S4073,5.59,Information Technology,3,1,0,1,0,19.0,9.1,63.4,2,2,1,81.5,0,Not placed,Not placed,,81.5,0
S4074,9.41,Electrical and Electronics Engineering,1,1,1,1,0,67.8,9.7,80.3,1,3,0,82.9,1,MNC,Data Scientist,80.41,82.9,0
S4075,7.3,Information Technology,1,1,1,0,0,89.7,7.5,95.2,3,3,0,84.3,1,Mid-size,Data Scientist,72.89,84.3,0
S4076,6.29,Computer Science and Engineering,3,0,1,0,1,3.3,6.4,61.5,0,2,0,48.2,0,Not placed,Not placed,,48.2,0
S4077,7.07,Civil Engineering,1,1,0,1,0,84.7,7.7,65.4,0,6,0,76.9,1,Mid-size,Web Developer,55.05,76.9,0
S4078,8.7,Civil Engineering,1,1,0,0,1,49.2,9.1,47.0,2,3,0,85.0,1,MNC,Web Developer,93.27,85.0,0
S4079,7.72,Electronics and Communication Engineering,1,0,0,0,1,40.2,9.9,79.2,3,5,3,96.5,1,Startup,Software Engineer,44.77,96.5,0
S4080,9.4,Civil Engineering,3,0,1,0,0,64.4,5.0,99.3,0,6,0,57.8,1,Startup,Software Engineer,44.3,57.8,0
S4081,5.47,Electrical and Electronics Engineering,3,0,1,0,0,52.7,7.0,68.4,0,5,1,51.5,1,Startup,Data Scientist,42.06,51.5,0
S4082,9.51,Computer Science and Engineering,1,0,0,0,1,75.3,9.5,57.9,0,3,0,55.7,1,Startup,Analyst,42.43,55.7,0
S4083,7.34,Information Technology,1,0,1,1,1,15.8,4.9,73.8,2,4,0,86.0,1,Mid-size,Data Scientist,68.0,86.0,0
S4084,10.0,Computer Science and Engineering,1,1,1,1,0,95.5,6.3,54.6,1,6,3,86.1,1,Top Tech,Web Developer,107.78,86.1,0
S4085,8.3,Information Technology,1,1,0,1,0,62.1,9.2,93.5,2,1,0,68.8,1,MNC,Web Developer,95.09,68.8,0
S4086,9.59,Civil Engineering,1,1,1,0,1,54.5,5.2,47.8,0,2,0,51.4,1,MNC,Analyst,68.72,51.4,0
S4087,6.13,Electrical and Electronics Engineering,2,1,1,0,1,34.9,6.7,47.5,2,6,1,96.6,1,MNC,Analyst,75.12,96.6,0
S4088,9.13,Electrical and Electronics Engineering,3,0,1,0,0,10.8,6.5,78.3,0,4,3,53.6,0,Not placed,Not placed,,53.6,0
S4089,9.44,Civil Engineering,1,0,0,0,0,53.0,9.5,98.2,0,5,0,56.5,1,Startup,Analyst,47.18,56.5,0
S4090,7.78,Computer Science and Engineering,1,1,0,0,0,74.4,5.7,92.4,1,3,0,53.6,1,Startup,Software Engineer,41.19,53.6,0
S4091,7.32,Civil Engineering,1,1,1,0,0,14.4,8.4,98.2,2,1,1,74.0,1,MNC,Data Scientist,81.8,74.0,0
S4092,6.78,Mechanical Engineering,1,1,1,0,0,73.5,7.1,54.0,0,4,0,65.1,1,MNC,Software Engineer,71.06,65.1,0
S4093,6.76,Electrical and Electronics Engineering,2,0,1,1,0,37.9,7.8,79.1,1,6,0,88.3,1,MNC,Web Developer,84.55,88.3,0
S4094,6.06,Mechanical Engineering,3,1,1,0,0,11.9,9.1,89.1,1,2,0,68.7,1,Mid-size,Analyst,64.56,68.7,0
S4095,5.54,Mechanical Engineering,3,1,0,0,0,57.3,6.1,70.5,3,1,1,59.5,0,Not placed,Not placed,,59.5,0
S4096,5.53,Electronics and Communication Engineering,3,1,1,0,0,26.4,7.2,50.7,0,3,0,51.7,0,Not placed,Not placed,,51.7,0
S4097,8.47,Information Technology,2,1,0,1,1,16.6,9.2,96.0,0,6,0,85.4,1,MNC,Data Scientist,68.88,85.4,0
S4098,9.29,Electronics and Communication Engineering,1,0,1,0,0,79.5,8.2,60.1,0,1,1,43.1,1,Startup,Web Developer,43.83,43.1,0
S4099,6.28,Information Technology,3,0,1,0,0,62.8,8.5,41.7,1,4,1,60.9,0,Not placed,Not placed,,60.9,0
S4100,6.58,Information Technology,2,0,0,1,0,75.4,7.2,60.7,1,1,0,45.3,1,Startup,Software Engineer,38.89,45.3,0
S4101,9.16,Information Technology,2,0,1,0,0,54.4,8.6,93.0,2,2,0,62.3,1,Startup,Data Scientist,44.21,62.3,0
S4102,6.52,Civil Engineering,3,1,0,0,1,94.3,6.1,46.8,2,5,0,82.8,1,MNC,Software Engineer,84.53,82.8,0
S4103,5.62,Civil Engineering,2,1,0,0,1,83.9,4.9,50.1,1,1,1,47.1,1,MNC,Web Developer,72.67,47.1,0
S4104,5.46,Electronics and Communication Engineering,3,0,0,0,0,66.4,5.8,83.1,0,1,0,23.6,0,Not placed,Not placed,,23.6,0
S4105,9.61,Civil Engineering,2,1,0,0,1,36.6,6.2,76.7,0,3,0,48.7,1,MNC,Web Developer,73.14,48.7,0
S4106,6.09,Information Technology,1,1,1,0,0,21.3,7.3,83.8,0,1,1,48.2,0,Not placed,Not placed,,48.2,0
S4107,6.97,Electronics and Communication Engineering,3,1,0,0,0,29.2,4.5,62.6,0,6,1,54.5,0,Not placed,Not placed,,54.5,0
S4108,6.9,Electrical and Electronics Engineering,1,0,1,1,0,45.2,6.8,42.2,1,6,0,75.5,1,MNC,Analyst,71.9,75.5,0
S4109,5.5,Computer Science and Engineering,1,1,0,0,1,39.8,5.3,50.6,2,1,0,57.1,1,Mid-size,Software Engineer,50.65,57.1,0
S4110,8.14,Electronics and Communication Engineering,3,1,0,0,1,91.2,7.8,74.7,0,2,0,53.2,1,Mid-size,Analyst,68.25,53.2,0
S4111,9.19,Computer Science and Engineering,1,1,1,0,0,76.7,5.5,45.6,1,2,0,58.4,1,Mid-size,Analyst,67.49,58.4,0
S4112,8.25,Information Technology,3,1,0,1,1,15.7,5.9,96.5,0,2,0,55.9,1,MNC,Software Engineer,81.22,55.9,0
S4113,5.86,Computer Science and Engineering,1,0,0,0,0,58.1,9.8,57.8,2,4,3,64.4,0,Not placed,Not placed,,64.4,0
S4114,5.32,Mechanical Engineering,1,1,0,1,1,97.1,4.7,98.7,1,4,1,74.8,1,Top Tech,Analyst,87.72,74.8,0
S4115,7.85,Information Technology,3,1,0,0,1,14.1,5.5,69.3,1,2,0,60.1,0,Not placed,Not placed,,60.1,0
S4116,5.55,Information Technology,3,1,1,0,1,33.2,7.7,56.0,3,3,0,93.6,1,MNC,Software Engineer,74.54,93.6,0
S4117,6.77,Information Technology,2,1,1,1,1,41.7,8.8,86.6,0,2,0,73.0,1,Mid-size,Software Engineer,57.04,73.0,0
S4118,6.92,Mechanical Engineering,3,1,1,0,1,76.6,9.7,93.5,0,3,0,77.6,1,Mid-size,Software Engineer,73.36,77.6,0
S4119,8.82,Mechanical Engineering,2,0,1,0,0,66.6,5.0,52.0,0,6,2,55.7,0,Not placed,Not placed,,55.7,0
S4120,9.75,Computer Science and Engineering,1,1,1,0,0,40.7,7.5,99.5,3,2,0,87.4,1,MNC,Analyst,78.85,87.4,0
S4121,9.25,Computer Science and Engineering,2,0,0,1,1,46.6,5.4,53.8,2,6,2,87.4,1,MNC,Software Engineer,83.11,87.4,0
S4122,8.69,Electronics and Communication Engineering,2,1,0,0,0,51.3,7.7,90.7,0,6,1,66.8,1,Startup,Web Developer,44.21,66.8,0
S4123,9.86,Mechanical Engineering,1,1,1,0,0,68.8,9.6,43.6,2,1,2,76.3,1,MNC,Analyst,88.87,76.3,0
S4124,6.58,Electrical and Electronics Engineering,3,0,1,0,0,95.0,7.7,42.2,2,1,3,57.6,0,Not placed,Not placed,,57.6,0
S4125,8.51,Electronics and Communication Engineering,1,1,0,0,1,65.6,9.2,52.6,2,4,0,86.8,1,MNC,Software Engineer,76.76,86.8,0
S4126,5.92,Electronics and Communication Engineering,2,1,1,0,1,36.0,10.0,98.7,2,2,2,87.9,1,Mid-size,Software Engineer,62.09,87.9,0
S4127,7.92,Mechanical Engineering,1,1,1,0,0,47.2,9.6,43.7,0,4,0,70.0,1,Mid-size,Software Engineer,52.46,70.0,0
S4128,7.2,Mechanical Engineering,2,1,1,0,0,23.4,8.6,51.8,2,1,0,68.1,1,Mid-size,Web Developer,57.07,68.1,0
S4129,8.32,Mechanical Engineering,1,1,1,1,1,42.6,8.1,51.0,0,2,0,70.1,1,Mid-size,Analyst,60.14,70.1,0
S4130,8.75,Information Technology,1,1,1,1,1,0.4,7.1,75.7,3,6,0,100.0,1,Mid-size,Web Developer,64.3,125.8,1
S4131,6.78,Computer Science and Engineering,3,1,0,1,0,21.7,7.7,93.4,0,6,0,68.4,1,MNC,Software Engineer,73.03,68.4,0
S4132,5.93,Civil Engineering,1,0,0,0,0,8.7,6.4,82.7,0,1,2,24.5,0,Not placed,Not placed,,24.5,0
S4133,9.64,Information Technology,3,1,1,1,0,25.9,7.4,99.0,2,4,0,89.8,1,Mid-size,Data Scientist,66.32,89.8,0
S4134,5.73,Civil Engineering,1,1,0,0,0,49.2,7.5,40.2,1,2,0,54.2,1,Startup,Analyst,48.23,54.2,0
S4135,6.31,Electrical and Electronics Engineering,1,1,1,1,1,25.3,6.9,67.0,1,4,0,89.7,1,Mid-size,Analyst,55.22,89.7,0
S4136,6.5,Electronics and Communication Engineering,2,0,0,1,1,31.7,10.0,79.3,2,2,0,80.0,1,Mid-size,Web Developer,60.55,80.0,0
S4137,5.97,Computer Science and Engineering,3,1,0,0,0,3.6,8.2,68.8,2,4,0,75.2,1,Startup,Web Developer,45.33,75.2,0
S4138,5.53,Information Technology,1,1,0,1,1,35.8,9.1,81.5,1,1,1,77.2,1,MNC,Software Engineer,69.41,77.2,0
S4139,7.42,Information Technology,3,1,1,1,0,44.2,9.5,75.1,0,3,0,78.4,1,Mid-size,Web Developer,50.4,78.4,0
S4140,9.36,Computer Science and Engineering,1,1,0,0,0,5.3,9.7,61.7,1,5,0,78.2,1,Startup,Data Scientist,49.62,78.2,0
S4141,7.36,Electronics and Communication Engineering,3,0,0,0,0,53.2,8.4,91.8,0,2,0,34.1,1,Startup,Software Engineer,48.66,34.1,0
S4142,7.79,Electrical and Electronics Engineering,1,1,0,0,0,74.6,5.8,92.8,0,3,0,38.8,1,Startup,Web Developer,45.28,38.8,0
S4143,6.95,Electronics and Communication Engineering,1,0,0,0,0,37.1,6.3,98.3,0,5,0,39.6,1,Startup,Analyst,44.12,39.6,0
S4144,7.34,Information Technology,1,1,1,0,0,76.0,4.1,43.8,2,1,0,54.1,1,Mid-size,Analyst,65.02,54.1,0
S4145,9.6,Mechanical Engineering,2,1,1,0,0,6.8,9.8,79.6,0,2,0,62.3,1,Mid-size,Analyst,57.11,62.3,0
S4146,5.81,Computer Science and Engineering,1,0,1,1,1,38.8,4.2,66.9,1,4,0,72.3,1,Mid-size,Data Scientist,60.91,72.3,0
S4147,7.41,Civil Engineering,2,0,0,1,0,46.1,9.9,74.3,0,6,0,65.1,1,Startup,Analyst,51.35,65.1,0
S4148,6.86,Electrical and Electronics Engineering,2,0,0,1,0,84.3,9.5,67.9,3,5,0,95.7,1,Startup,Web Developer,52.52,95.7,0
S4149,7.44,Civil Engineering,1,0,1,0,1,32.0,5.8,78.5,0,6,0,70.4,1,MNC,Software Engineer,75.85,70.4,0
S4150,7.74,Mechanical Engineering,2,1,1,0,0,88.3,6.1,42.7,0,3,0,49.3,1,Mid-size,Software Engineer,66.47,49.3,0
S4151,8.36,Electronics and Communication Engineering,2,0,1,1,0,29.6,4.7,55.6,2,2,0,60.1,1,Mid-size,Web Developer,66.25,60.1,0
S4152,8.19,Electrical and Electronics Engineering,3,0,0,0,0,22.2,7.7,65.8,1,5,0,58.6,0,Not placed,Not placed,,58.6,0
S4153,9.94,Civil Engineering,1,1,0,0,0,50.6,5.7,82.0,1,1,0,39.9,1,Startup,Web Developer,41.46,39.9,0
S4154,7.64,Electronics and Communication Engineering,3,1,0,0,0,53.5,6.8,67.0,0,4,0,47.4,1,Startup,Analyst,41.77,47.4,0
S4155,6.02,Electronics and Communication Engineering,1,0,0,0,0,26.3,9.3,59.2,0,2,0,35.0,0,Not placed,Not placed,,35.0,0
S4156,6.44,Civil Engineering,2,0,0,0,1,52.4,6.1,95.8,2,3,0,62.8,1,Startup,Web Developer,47.61,62.8,0
S4157,8.25,Electronics and Communication Engineering,3,1,1,1,1,25.4,5.6,63.8,1,6,0,94.5,1,MNC,Software Engineer,77.07,94.5,0
S4158,9.62,Mechanical Engineering,3,0,1,1,1,87.3,8.3,51.6,1,2,0,79.5,1,Mid-size,Software Engineer,63.58,79.5,0
S4159,8.07,Civil Engineering,1,1,0,1,0,3.7,4.1,90.5,0,2,0,42.3,0,Not placed,Not placed,,42.3,0
S4160,6.61,Civil Engineering,3,0,0,0,1,69.8,8.4,61.7,0,6,0,69.8,1,Startup,Software Engineer,47.14,69.8,0
S4161,5.16,Information Technology,1,1,1,0,0,47.5,8.3,58.7,1,1,1,61.8,1,MNC,Analyst,75.41,61.8,0
S4162,9.5,Electrical and Electronics Engineering,1,1,1,0,0,62.8,8.5,74.3,0,6,0,71.4,1,MNC,Web Developer,86.11,71.4,0
S4163,5.44,Computer Science and Engineering,1,0,1,0,1,0.0,9.3,44.0,3,1,0,87.2,1,MNC,Web Developer,80.43,87.2,0
S4164,7.93,Electrical and Electronics Engineering,3,1,1,0,0,25.0,9.6,91.0,2,6,2,100.0,1,Mid-size,Software Engineer,69.32,101.7,1
S4165,9.06,Electronics and Communication Engineering,2,1,0,0,1,67.6,8.9,46.0,2,5,0,94.4,1,MNC,Web Developer,89.61,94.4,0
S4166,6.74,Civil Engineering,3,1,1,0,1,14.5,9.1,76.6,2,3,0,92.2,1,Mid-size,Web Developer,74.76,92.2,0
S4167,7.16,Computer Science and Engineering,1,0,0,0,1,82.0,7.6,98.7,1,6,0,68.0,1,Startup,Data Scientist,53.68,68.0,0
S4168,9.15,Civil Engineering,1,0,1,1,0,33.3,8.8,65.8,1,4,0,76.3,1,MNC,Web Developer,83.17,76.3,0
S4169,5.91,Electrical and Electronics Engineering,1,1,1,1,0,30.3,5.2,92.3,2,6,1,91.0,1,MNC,Web Developer,80.0,91.0,0
S4170,8.04,Electronics and Communication Engineering,1,1,1,0,1,87.0,9.8,40.8,2,2,0,88.5,1,Top Tech,Analyst,112.15,88.5,0
S4171,5.1,Electronics and Communication Engineering,3,1,1,0,0,5.6,5.1,92.2,1,1,1,53.0,0,Not placed,Not placed,,53.0,0
S4172,9.8,Electrical and Electronics Engineering,1,0,1,1,0,86.4,9.4,42.2,2,1,2,75.3,1,MNC,Web Developer,87.13,75.3,0
S4173,5.73,Computer Science and Engineering,2,1,0,1,0,8.8,9.4,94.1,1,5,2,87.7,1,Mid-size,Web Developer,57.45,87.7,0
S4174,5.08,Computer Science and Engineering,3,0,1,1,0,34.4,4.4,40.6,2,6,0,87.2,1,Mid-size,Data Scientist,70.17,87.2,0
S4175,9.47,Electrical and Electronics Engineering,1,1,1,0,1,89.6,9.0,87.0,1,5,0,93.8,1,Top Tech,Data Scientist,90.99,93.8,0
S4176,9.95,Electronics and Communication Engineering,3,1,1,0,1,92.6,4.5,75.8,1,6,0,84.0,1,MNC,Software Engineer,88.99,84.0,0
S4177,8.84,Mechanical Engineering,2,1,1,0,1,25.2,5.8,76.5,1,3,0,69.9,1,Mid-size,Software Engineer,64.66,69.9,0
S4178,6.74,Electronics and Communication Engineering,2,0,1,0,1,40.2,9.6,85.6,0,3,1,63.8,1,MNC,Web Developer,78.4,63.8,0
S4179,8.95,Information Technology,1,1,0,0,0,65.1,8.6,89.0,2,3,0,75.5,1,Startup,Data Scientist,50.31,75.5,0
S4180,6.12,Computer Science and Engineering,3,0,0,1,0,93.8,9.8,97.9,0,2,1,50.7,1,Startup,Web Developer,44.44,50.7,0
S4181,5.1,Electronics and Communication Engineering,2,1,0,1,1,40.9,9.1,60.1,0,1,0,64.0,1,Mid-size,Data Scientist,63.14,64.0,0
S4182,8.78,Computer Science and Engineering,1,1,1,1,1,63.7,7.8,80.5,1,1,0,82.9,1,MNC,Software Engineer,77.38,82.9,0
S4183,7.24,Electronics and Communication Engineering,2,1,0,0,1,49.5,6.4,98.4,2,6,0,88.6,1,MNC,Software Engineer,89.29,88.6,0
S4184,9.13,Electronics and Communication Engineering,3,0,1,1,0,35.8,9.3,44.1,2,3,0,82.8,1,Mid-size,Web Developer,54.72,82.8,0
S4185,6.34,Electrical and Electronics Engineering,3,1,0,0,1,89.4,5.1,41.3,2,5,1,77.0,1,MNC,Data Scientist,86.95,77.0,0
S4186,5.44,Civil Engineering,2,0,0,0,1,70.6,5.9,91.2,1,1,2,47.2,0,Not placed,Not placed,,47.2,0
S4187,8.18,Information Technology,1,0,0,0,0,67.5,5.3,50.8,1,4,0,50.0,1,Startup,Software Engineer,36.52,50.0,0
S4188,7.99,Electrical and Electronics Engineering,2,0,0,0,1,32.1,6.2,43.6,2,1,2,56.2,0,Not placed,Not placed,,56.2,0
S4189,6.71,Electronics and Communication Engineering,1,1,0,1,1,34.1,4.8,51.7,0,2,2,58.1,0,Not placed,Not placed,,58.1,0
S4190,8.55,Information Technology,2,0,0,0,1,23.7,9.2,84.1,1,5,0,73.5,1,Startup,Web Developer,40.08,73.5,0
S4191,7.49,Electrical and Electronics Engineering,2,1,1,0,1,58.7,9.8,83.2,1,6,0,100.0,1,MNC,Data Scientist,81.2,103.8,1
S4192,9.02,Civil Engineering,2,1,0,0,1,10.1,9.4,57.7,0,5,0,70.5,1,MNC,Analyst,78.06,70.5,0
S4193,8.53,Civil Engineering,3,0,1,0,0,54.7,8.2,99.5,1,2,0,52.9,1,Startup,Web Developer,43.76,52.9,0
S4194,9.46,Computer Science and Engineering,3,0,1,0,0,3.4,5.0,98.6,0,1,0,33.9,0,Not placed,Not placed,,33.9,0
S4195,9.52,Mechanical Engineering,1,1,0,1,1,82.0,6.0,78.3,2,4,0,91.6,1,Top Tech,Software Engineer,112.51,91.6,0
S4196,6.11,Civil Engineering,3,1,1,0,0,63.6,5.9,92.0,3,6,0,94.9,1,MNC,Data Scientist,77.95,94.9,0
S4197,9.64,Electronics and Communication Engineering,3,1,0,0,0,29.7,7.8,98.3,0,4,2,54.5,0,Not placed,Not placed,,54.5,0
S4198,6.69,Civil Engineering,3,1,1,0,0,79.6,6.6,45.9,0,4,0,58.4,1,MNC,Analyst,88.28,58.4,0
S4199,5.75,Computer Science and Engineering,1,0,1,0,0,92.5,9.4,64.1,1,2,1,61.1,1,Startup,Web Developer,42.32,61.1,0
S4200,5.4,Information Technology,2,1,0,1,1,99.6,6.1,73.7,2,3,0,84.4,1,MNC,Analyst,71.7,84.4,0
S4201,7.63,Computer Science and Engineering,3,0,0,0,0,25.8,6.0,87.8,2,5,0,64.3,0,Not placed,Not placed,,64.3,0
S4202,6.14,Electrical and Electronics Engineering,2,0,0,1,0,6.6,8.0,61.9,0,2,1,39.7,0,Not placed,Not placed,,39.7,0
S4203,5.81,Mechanical Engineering,3,1,1,0,0,79.5,8.4,64.5,2,4,0,87.7,1,MNC,Software Engineer,72.58,87.7,0
S4204,8.63,Electrical and Electronics Engineering,1,1,1,0,0,61.5,8.0,56.5,3,3,1,88.1,1,Mid-size,Web Developer,66.96,88.1,0
S4205,6.51,Civil Engineering,3,1,0,1,0,30.2,9.7,49.3,0,1,0,53.4,1,MNC,Software Engineer,72.81,53.4,0
S4206,9.35,Computer Science and Engineering,1,1,1,0,1,93.4,8.7,44.1,1,1,0,68.2,1,Top Tech,Data Scientist,123.71,68.2,0
S4207,8.42,Electrical and Electronics Engineering,3,0,0,1,1,96.5,10.0,43.8,1,2,0,69.4,1,MNC,Data Scientist,69.42,69.4,0
S4208,7.64,Mechanical Engineering,2,1,0,1,1,14.0,4.3,59.2,2,3,0,76.9,1,MNC,Data Scientist,75.9,76.9,0
S4209,8.33,Electronics and Communication Engineering,1,1,1,1,1,43.6,8.5,95.7,2,3,0,100.0,1,Mid-size,Data Scientist,63.38,105.1,1
S4210,9.77,Civil Engineering,3,1,0,0,0,56.6,6.3,93.1,0,2,1,34.0,0,Not placed,Not placed,,34.0,0
S4211,5.91,Computer Science and Engineering,2,1,0,0,0,18.3,7.6,44.9,3,4,2,78.2,0,Not placed,Not placed,,78.2,0
S4212,6.79,Electronics and Communication Engineering,1,1,0,0,1,15.2,8.6,96.2,1,2,1,65.9,1,Mid-size,Analyst,64.51,65.9,0
S4213,6.86,Electronics and Communication Engineering,3,1,1,0,0,96.8,6.5,85.8,1,5,0,77.6,1,MNC,Software Engineer,91.47,77.6,0
S4214,5.54,Civil Engineering,2,1,0,1,0,71.1,5.8,55.4,0,1,1,41.0,0,Not placed,Not placed,,41.0,0
S4215,9.56,Civil Engineering,2,0,1,0,0,5.8,9.3,98.7,1,1,2,51.8,0,Not placed,Not placed,,51.8,0
S4216,9.19,Electrical and Electronics Engineering,2,1,0,1,0,84.4,9.7,72.8,0,5,1,77.0,1,MNC,Analyst,80.03,77.0,0
S4217,8.37,Electronics and Communication Engineering,3,0,1,0,0,12.4,7.3,76.4,1,4,0,64.3,1,Startup,Web Developer,47.01,64.3,0
S4218,7.75,Mechanical Engineering,2,1,0,0,1,33.7,9.9,76.5,2,2,0,84.6,1,MNC,Software Engineer,87.31,84.6,0
S4219,5.09,Information Technology,2,1,1,1,0,29.2,9.9,57.3,1,5,0,96.7,1,MNC,Web Developer,89.78,96.7,0
S4220,7.95,Electronics and Communication Engineering,1,0,0,0,0,2.0,9.7,83.8,0,1,0,37.4,0,Not placed,Not placed,,37.4,0
S4221,9.84,Mechanical Engineering,3,0,1,1,1,66.1,7.4,45.5,0,4,0,68.4,1,Mid-size,Data Scientist,69.28,68.4,0
S4222,7.19,Mechanical Engineering,2,1,0,0,0,47.2,4.6,80.4,2,4,1,67.6,1,Startup,Web Developer,45.79,67.6,0
S4223,7.44,Electronics and Communication Engineering,3,1,0,0,0,97.2,5.0,91.9,0,2,0,34.3,1,Startup,Web Developer,36.49,34.3,0
S4224,8.82,Civil Engineering,2,0,0,0,0,6.6,4.3,94.8,3,3,1,60.9,1,Startup,Software Engineer,47.96,60.9,0
S4225,7.83,Computer Science and Engineering,1,1,0,0,1,76.2,7.9,41.5,3,2,0,87.7,1,MNC,Software Engineer,75.71,87.7,0
S4226,5.2,Civil Engineering,1,1,1,1,1,54.9,6.9,71.8,0,6,0,88.8,1,Mid-size,Web Developer,70.01,88.8,0
S4227,5.45,Computer Science and Engineering,2,0,1,1,0,70.1,6.1,85.9,1,1,0,49.5,1,Mid-size,Software Engineer,67.36,49.5,0
S4228,7.46,Civil Engineering,2,0,0,0,0,32.1,7.5,75.6,3,5,0,81.6,1,Startup,Software Engineer,48.34,81.6,0
S4229,5.67,Civil Engineering,2,1,0,1,0,14.1,4.5,66.4,0,5,0,56.4,1,Mid-size,Web Developer,45.75,56.4,0
S4230,9.59,Information Technology,1,1,1,0,0,7.1,9.0,97.2,0,5,2,75.4,1,MNC,Web Developer,83.52,75.4,0
S4231,8.7,Mechanical Engineering,2,1,1,1,0,90.1,8.8,90.4,0,4,0,77.4,1,MNC,Software Engineer,80.49,77.4,0
S4232,7.76,Information Technology,2,0,0,1,0,23.7,5.8,56.1,0,6,0,59.2,1,Startup,Software Engineer,38.0,59.2,0
S4233,6.79,Electronics and Communication Engineering,2,1,0,1,1,42.9,7.0,50.6,1,5,0,90.9,1,Mid-size,Web Developer,65.13,90.9,0
S4234,6.76,Civil Engineering,3,1,1,1,1,61.1,4.3,79.8,0,6,0,80.7,1,Mid-size,Web Developer,61.64,80.7,0
S4235,6.85,Computer Science and Engineering,2,0,0,0,1,85.2,4.1,69.2,0,4,0,41.8,1,Startup,Data Scientist,46.7,41.8,0
S4236,8.43,Mechanical Engineering,2,0,0,0,1,95.1,5.4,85.9,1,6,0,66.5,1,Startup,Analyst,51.5,66.5,0
S4237,7.85,Civil Engineering,2,1,0,0,1,19.5,6.8,66.1,1,5,0,77.0,1,Mid-size,Analyst,56.58,77.0,0
S4238,8.07,Electrical and Electronics Engineering,3,0,0,0,0,3.0,5.5,57.4,0,4,1,36.2,0,Not placed,Not placed,,36.2,0
S4239,5.14,Information Technology,1,1,1,0,1,97.5,5.7,82.8,0,4,0,64.1,1,Top Tech,Web Developer,112.8,64.1,0
S4240,9.95,Computer Science and Engineering,1,1,1,0,1,26.1,6.1,86.0,3,3,0,95.4,1,MNC,Software Engineer,93.32,95.4,0
S4241,9.15,Information Technology,2,0,1,0,0,88.0,7.4,70.1,2,3,1,63.2,1,Startup,Analyst,42.03,63.2,0
S4242,5.9,Electronics and Communication Engineering,1,0,1,0,0,27.0,4.6,64.9,1,6,0,66.0,1,Startup,Web Developer,44.32,66.0,0
S4243,6.55,Information Technology,3,1,1,0,1,7.1,7.1,52.0,1,2,0,66.7,1,MNC,Web Developer,79.62,66.7,0
S4244,9.83,Information Technology,3,1,1,0,1,35.6,8.7,82.6,1,1,2,73.1,1,MNC,Web Developer,81.52,73.1,0
S4245,6.66,Computer Science and Engineering,3,0,1,0,0,27.6,9.8,76.7,0,5,3,61.6,0,Not placed,Not placed,,61.6,0
S4246,5.6,Electrical and Electronics Engineering,1,0,1,0,0,23.1,10.0,56.2,1,3,0,67.7,1,Startup,Web Developer,42.8,67.7,0
S4247,9.85,Civil Engineering,1,1,0,0,1,54.8,4.0,63.0,3,4,1,83.3,1,Mid-size,Web Developer,51.0,83.3,0
S4248,6.41,Electronics and Communication Engineering,3,1,1,1,0,13.9,4.8,47.6,2,3,1,82.8,0,Not placed,Not placed,,82.8,0
S4249,9.51,Information Technology,2,1,1,0,1,40.5,7.5,98.2,0,6,0,80.3,1,MNC,Data Scientist,72.71,80.3,0
S4250,6.27,Computer Science and Engineering,3,0,0,0,0,6.3,6.6,90.8,0,5,0,44.3,0,Not placed,Not placed,,44.3,0
S4251,8.26,Information Technology,3,0,0,1,1,80.4,4.8,71.2,2,3,0,68.2,1,MNC,Software Engineer,83.06,68.2,0
S4252,5.6,Civil Engineering,3,0,0,0,0,39.0,5.4,52.9,1,4,3,49.7,0,Not placed,Not placed,,49.7,0
S4253,8.18,Electrical and Electronics Engineering,3,1,1,0,0,80.5,5.3,75.2,2,6,1,90.5,1,Mid-size,Analyst,58.7,90.5,0
S4254,5.29,Mechanical Engineering,1,1,1,0,1,1.6,6.3,93.7,0,1,0,49.9,1,MNC,Analyst,60.59,49.9,0
S4255,8.69,Information Technology,1,1,1,0,0,30.1,5.7,56.7,0,3,2,52.8,1,Mid-size,Software Engineer,48.17,52.8,0
S4256,6.73,Computer Science and Engineering,2,1,1,0,0,55.5,5.8,80.5,1,6,0,77.6,1,MNC,Software Engineer,81.54,77.6,0
S4257,6.1,Civil Engineering,3,1,1,1,0,37.6,4.2,79.4,0,4,0,67.2,1,MNC,Data Scientist,73.52,67.2,0
S4258,6.44,Computer Science and Engineering,3,0,1,1,0,26.6,8.4,86.5,1,1,0,58.9,1,MNC,Software Engineer,67.97,58.9,0
S4259,5.09,Mechanical Engineering,2,1,1,0,0,43.4,9.6,76.2,2,4,0,84.6,1,Mid-size,Software Engineer,68.93,84.6,0
S4260,9.56,Civil Engineering,3,0,1,0,0,68.2,7.1,61.5,0,1,0,34.6,0,Not placed,Not placed,,34.6,0
S4261,9.28,Information Technology,2,1,0,0,0,62.5,8.1,52.0,0,1,0,39.3,1,Startup,Analyst,52.5,39.3,0
S4262,5.8,Information Technology,1,0,0,1,0,90.2,4.3,55.5,0,4,0,38.1,1,Startup,Data Scientist,39.67,38.1,0
S4263,5.91,Electronics and Communication Engineering,1,1,1,0,0,64.6,8.0,65.1,1,5,0,82.1,1,MNC,Data Scientist,84.25,82.1,0
S4264,8.27,Civil Engineering,2,0,1,0,0,7.5,4.1,42.9,0,4,0,37.8,0,Not placed,Not placed,,37.8,0
S4265,7.8,Electronics and Communication Engineering,3,1,0,1,1,31.4,6.8,71.0,2,4,0,90.8,1,MNC,Software Engineer,83.81,90.8,0
S4266,7.38,Electronics and Communication Engineering,1,0,1,0,1,65.2,5.5,69.5,0,1,0,39.1,1,MNC,Data Scientist,75.92,39.1,0
S4267,9.96,Civil Engineering,1,1,0,1,1,12.7,7.0,66.5,2,5,0,95.7,1,MNC,Software Engineer,73.6,95.7,0
S4268,8.36,Computer Science and Engineering,2,1,1,0,0,74.6,7.2,68.8,1,6,1,85.2,1,Mid-size,Software Engineer,70.27,85.2,0
S4269,6.05,Computer Science and Engineering,1,1,1,1,0,23.6,9.2,74.6,1,1,3,69.5,1,MNC,Analyst,85.51,69.5,0
S4270,5.81,Electronics and Communication Engineering,1,1,0,1,0,17.9,8.8,43.3,0,5,0,73.3,1,Mid-size,Software Engineer,51.38,73.3,0
S4271,7.82,Computer Science and Engineering,2,1,0,0,1,91.1,5.4,87.6,0,1,0,44.9,1,MNC,Analyst,66.01,44.9,0
S4272,9.93,Information Technology,2,1,1,0,0,34.3,6.5,50.6,0,6,0,70.7,1,MNC,Software Engineer,81.2,70.7,0
S4273,9.81,Electrical and Electronics Engineering,1,1,1,0,1,38.6,9.5,78.8,0,2,1,65.9,1,MNC,Web Developer,83.87,65.9,0
S4274,7.01,Computer Science and Engineering,2,1,1,0,0,41.0,6.2,83.7,0,4,0,59.3,1,MNC,Software Engineer,86.63,59.3,0
S4275,8.98,Information Technology,3,0,0,0,1,71.0,8.1,67.0,2,4,0,72.2,1,Startup,Web Developer,44.41,72.2,0
S4276,6.7,Electrical and Electronics Engineering,2,0,0,0,1,97.5,9.1,53.1,0,2,0,49.3,1,Startup,Web Developer,44.48,49.3,0
S4277,8.38,Information Technology,1,0,0,0,0,23.3,5.3,59.7,0,1,1,25.6,0,Not placed,Not placed,,25.6,0
S4278,7.3,Electronics and Communication Engineering,1,1,1,0,1,97.8,9.6,84.9,0,5,0,86.9,1,Top Tech,Data Scientist,117.15,86.9,0
S4279,8.78,Civil Engineering,3,1,0,1,0,58.1,4.3,49.4,1,4,2,64.4,0,Not placed,Not placed,,64.4,0
S4280,6.83,Civil Engineering,3,0,0,1,1,81.4,9.0,43.7,0,3,1,65.0,1,Mid-size,Software Engineer,56.07,65.0,0
S4281,5.91,Computer Science and Engineering,2,0,0,0,0,6.7,6.0,58.1,2,3,1,56.2,0,Not placed,Not placed,,56.2,0
S4282,5.49,Electronics and Communication Engineering,2,0,0,0,0,85.3,4.9,81.9,1,6,0,54.8,1,Startup,Software Engineer,36.26,54.8,0
S4283,5.24,Information Technology,3,1,0,0,1,46.2,7.2,52.2,0,6,0,67.1,1,MNC,Analyst,78.08,67.1,0
S4284,6.44,Computer Science and Engineering,1,0,1,0,1,74.1,8.7,49.9,0,6,0,79.8,1,MNC,Software Engineer,85.66,79.8,0
S4285,5.57,Mechanical Engineering,1,0,1,1,0,77.1,5.1,99.4,2,2,1,68.6,1,MNC,Data Scientist,77.55,68.6,0
S4286,5.34,Information Technology,2,1,1,0,1,27.2,6.0,51.5,0,6,0,75.9,1,Mid-size,Software Engineer,52.01,75.9,0
S4287,6.73,Information Technology,1,0,1,1,1,42.0,7.4,76.9,1,4,1,77.9,1,Mid-size,Analyst,69.37,77.9,0
S4288,9.79,Information Technology,1,1,1,0,1,81.0,9.6,56.9,1,4,0,91.0,1,Top Tech,Software Engineer,113.12,91.0,0
S4289,6.95,Civil Engineering,3,0,1,0,0,30.8,6.5,94.9,3,1,0,61.9,1,Startup,Data Scientist,43.99,61.9,0
S4290,9.7,Electronics and Communication Engineering,2,0,1,1,1,17.3,8.0,89.0,1,5,0,92.4,1,MNC,Web Developer,67.31,92.4,0
S4291,9.28,Information Technology,1,0,1,0,1,25.7,4.1,42.4,2,1,1,55.4,1,Mid-size,Analyst,49.72,55.4,0
S4292,9.13,Civil Engineering,3,1,1,0,1,9.5,9.3,89.4,1,2,0,76.2,1,Mid-size,Analyst,55.47,76.2,0
S4293,8.53,Electrical and Electronics Engineering,3,0,0,0,0,97.3,7.7,44.5,1,5,0,56.0,1,Startup,Web Developer,44.87,56.0,0
S4294,8.8,Electrical and Electronics Engineering,3,1,1,1,1,85.7,9.1,79.9,3,2,0,100.0,1,Mid-size,Web Developer,62.98,104.2,1
S4295,6.25,Information Technology,2,0,0,0,0,10.7,8.5,41.4,1,1,0,36.6,0,Not placed,Not placed,,36.6,0
S4296,7.7,Information Technology,1,1,0,1,0,85.4,5.0,44.1,0,6,1,64.8,1,Mid-size,Analyst,66.81,64.8,0
S4297,6.58,Electrical and Electronics Engineering,1,0,0,1,0,1.2,4.3,67.5,1,5,1,59.9,0,Not placed,Not placed,,59.9,0
S4298,6.81,Mechanical Engineering,3,1,0,0,1,60.2,9.8,73.7,2,1,0,69.9,1,MNC,Analyst,92.97,69.9,0
S4299,6.01,Information Technology,1,1,1,0,0,15.3,8.7,93.5,1,2,0,65.6,1,MNC,Web Developer,71.99,65.6,0
S4300,7.99,Electrical and Electronics Engineering,2,0,1,0,0,45.9,9.7,41.2,2,5,0,86.4,1,Startup,Web Developer,51.96,86.4,0
S4301,5.19,Mechanical Engineering,3,1,1,0,1,20.3,9.2,91.9,1,1,0,74.4,1,MNC,Analyst,86.8,74.4,0
S4302,5.42,Electronics and Communication Engineering,3,0,1,0,0,42.5,5.3,52.3,1,4,1,57.7,0,Not placed,Not placed,,57.7,0
S4303,7.96,Computer Science and Engineering,3,1,1,0,0,87.0,5.2,97.5,2,5,0,75.9,1,Mid-size,Web Developer,62.92,75.9,0
S4304,5.79,Electrical and Electronics Engineering,1,0,1,0,0,57.1,8.5,55.1,1,2,2,57.4,0,Not placed,Not placed,,57.4,0
S4305,7.68,Mechanical Engineering,2,0,1,1,0,96.6,9.7,52.4,0,3,0,60.7,1,Mid-size,Analyst,59.84,60.7,0
S4306,5.46,Civil Engineering,1,0,1,0,1,56.3,4.5,47.9,0,2,0,41.2,1,MNC,Web Developer,61.99,41.2,0
S4307,5.33,Information Technology,1,1,0,0,0,53.0,7.7,82.1,0,2,0,47.3,1,Startup,Analyst,40.65,47.3,0
S4308,6.67,Mechanical Engineering,2,1,0,0,0,73.2,5.0,94.0,1,2,0,40.1,1,Startup,Analyst,50.58,40.1,0
S4309,5.49,Mechanical Engineering,3,1,1,1,0,10.2,5.8,81.4,2,3,0,78.0,1,MNC,Analyst,85.59,78.0,0
S4310,6.65,Electrical and Electronics Engineering,1,1,0,1,1,28.1,6.2,98.0,1,4,0,80.8,1,MNC,Software Engineer,87.39,80.8,0
S4311,8.08,Information Technology,2,0,1,1,0,18.2,4.5,70.3,1,3,0,61.7,1,MNC,Web Developer,69.17,61.7,0
S4312,5.28,Information Technology,2,1,1,1,0,66.6,9.5,82.7,0,4,0,81.6,1,Mid-size,Data Scientist,70.04,81.6,0
S4313,9.66,Computer Science and Engineering,1,0,1,0,0,73.6,5.8,53.2,0,3,0,41.3,1,Startup,Analyst,37.98,41.3,0
S4314,7.66,Electronics and Communication Engineering,1,0,1,0,1,81.9,4.8,82.6,2,3,0,64.7,1,Mid-size,Analyst,50.7,64.7,0
S4315,9.1,Computer Science and Engineering,1,1,1,1,0,67.4,7.9,46.7,0,4,0,78.5,1,MNC,Analyst,90.48,78.5,0
S4316,5.9,Civil Engineering,1,1,0,1,1,68.8,7.9,82.9,1,1,0,70.1,1,Mid-size,Analyst,72.17,70.1,0
S4317,9.23,Information Technology,2,1,1,1,0,68.7,9.6,65.1,3,1,3,95.0,1,MNC,Analyst,92.62,95.0,0
S4318,9.91,Information Technology,3,0,1,0,1,31.8,5.5,61.9,2,3,0,76.0,1,MNC,Software Engineer,70.54,76.0,0
S4319,6.0,Electrical and Electronics Engineering,2,1,0,1,0,64.4,4.3,49.4,1,2,0,48.5,1,MNC,Data Scientist,74.32,48.5,0
S4320,9.37,Mechanical Engineering,1,1,0,0,0,88.9,9.3,43.2,1,3,0,63.2,1,Startup,Software Engineer,53.71,63.2,0
S4321,7.19,Mechanical Engineering,2,1,1,1,1,21.5,8.5,48.7,2,1,0,86.0,1,MNC,Software Engineer,85.32,86.0,0
S4322,9.87,Mechanical Engineering,3,1,1,1,1,43.4,8.8,62.0,2,5,0,100.0,1,Mid-size,Web Developer,70.83,113.9,1
S4323,7.75,Civil Engineering,2,1,1,1,0,50.4,4.5,44.9,0,3,0,55.1,1,MNC,Analyst,65.24,55.1,0
S4324,7.71,Electronics and Communication Engineering,1,1,1,0,0,63.4,9.4,77.6,0,3,0,62.7,1,Mid-size,Data Scientist,50.23,62.7,0
S4325,9.09,Computer Science and Engineering,2,1,0,1,1,85.2,6.2,72.1,1,2,2,72.7,1,MNC,Web Developer,82.94,72.7,0
S4326,7.45,Computer Science and Engineering,2,0,1,1,0,26.7,7.8,48.3,3,1,1,75.8,1,MNC,Web Developer,91.29,75.8,0
S4327,8.05,Computer Science and Engineering,1,1,1,0,0,83.3,4.3,93.1,0,4,1,48.5,1,Mid-size,Web Developer,52.04,48.5,0
S4328,8.94,Information Technology,3,0,0,0,0,91.4,7.6,76.1,0,2,0,36.5,0,Not placed,Not placed,,36.5,0
S4329,6.77,Electronics and Communication Engineering,3,1,0,0,0,36.9,7.6,96.9,0,3,0,50.7,0,Not placed,Not placed,,50.7,0
S4330,9.57,Electrical and Electronics Engineering,1,0,1,0,0,28.1,9.1,40.4,2,6,0,90.5,1,Startup,Software Engineer,46.7,90.5,0
S4331,7.79,Electronics and Communication Engineering,1,1,1,0,0,68.4,8.3,84.9,1,2,3,61.9,1,MNC,Software Engineer,87.66,61.9,0
S4332,6.66,Electrical and Electronics Engineering,2,0,1,0,1,13.2,6.7,87.7,3,2,0,80.9,1,Mid-size,Data Scientist,51.11,80.9,0
S4333,6.99,Electrical and Electronics Engineering,1,1,0,0,0,84.3,6.5,59.8,1,1,0,39.8,1,Startup,Software Engineer,43.95,39.8,0
S4334,5.65,Electronics and Communication Engineering,3,1,1,0,0,31.7,7.9,50.7,3,3,1,86.1,1,Mid-size,Software Engineer,56.89,86.1,0
S4335,6.05,Computer Science and Engineering,2,1,0,0,0,36.9,5.2,60.3,2,3,1,63.2,0,Not placed,Not placed,,63.2,0
S4336,7.13,Computer Science and Engineering,2,0,0,1,1,81.5,9.3,75.4,3,4,1,96.1,1,Mid-size,Analyst,55.58,96.1,0
S4337,7.86,Electronics and Communication Engineering,2,1,1,0,0,26.4,5.8,40.6,1,1,1,51.0,0,Not placed,Not placed,,51.0,0
S4338,9.1,Electronics and Communication Engineering,2,1,0,0,1,15.3,8.2,82.6,0,6,0,78.1,1,MNC,Software Engineer,83.25,78.1,0
S4339,6.29,Mechanical Engineering,2,1,1,0,1,60.0,8.0,96.8,0,3,0,69.6,1,MNC,Web Developer,89.17,69.6,0
S4340,5.41,Mechanical Engineering,1,0,1,0,0,5.7,5.5,48.1,1,1,0,37.7,1,Startup,Web Developer,40.41,37.7,0
S4341,6.95,Electronics and Communication Engineering,3,1,0,1,0,75.5,8.2,54.1,3,4,0,92.4,1,MNC,Web Developer,81.67,92.4,0
S4342,7.84,Electrical and Electronics Engineering,3,0,1,0,1,12.3,8.5,49.7,0,2,0,60.2,1,MNC,Software Engineer,67.93,60.2,0
S4343,9.77,Electronics and Communication Engineering,3,1,0,0,1,45.3,6.3,77.3,1,4,1,68.2,1,MNC,Software Engineer,85.97,68.2,0
S4344,7.97,Computer Science and Engineering,1,1,0,1,0,84.1,6.1,87.6,0,5,0,59.9,1,MNC,Software Engineer,84.99,59.9,0
S4345,9.63,Computer Science and Engineering,1,0,0,0,1,40.3,9.6,40.9,1,3,0,60.5,1,Startup,Software Engineer,47.28,60.5,0
S4346,6.1,Electronics and Communication Engineering,3,1,1,1,0,27.1,8.4,70.8,2,3,3,87.7,0,Not placed,Not placed,,87.7,0
S4347,9.18,Civil Engineering,2,1,1,1,1,76.0,6.1,49.0,1,2,1,79.1,1,MNC,Data Scientist,77.56,79.1,0
S4348,6.17,Information Technology,1,1,1,0,0,91.1,8.5,42.3,1,6,1,89.5,1,MNC,Data Scientist,82.0,89.5,0
S4349,5.22,Civil Engineering,2,1,1,1,1,33.3,4.6,92.3,2,1,0,82.4,1,Mid-size,Software Engineer,53.83,82.4,0
S4350,8.41,Civil Engineering,1,1,1,0,1,62.7,7.5,65.7,0,3,0,72.4,1,Mid-size,Analyst,68.63,72.4,0
S4351,7.23,Computer Science and Engineering,1,1,1,0,0,18.2,7.4,79.3,0,2,0,52.6,1,Mid-size,Software Engineer,62.49,52.6,0
S4352,9.91,Electronics and Communication Engineering,1,1,1,0,1,24.7,4.1,51.2,0,3,0,54.5,1,MNC,Analyst,70.4,54.5,0
S4353,5.44,Electronics and Communication Engineering,3,1,0,0,0,87.4,8.7,97.5,1,6,2,77.6,0,Not placed,Not placed,,77.6,0
S4354,7.5,Mechanical Engineering,2,1,0,0,1,65.7,6.8,91.0,2,3,2,74.9,1,Mid-size,Analyst,66.14,74.9,0
S4355,8.66,Civil Engineering,1,1,0,1,0,84.2,8.7,43.2,2,5,0,95.7,1,MNC,Data Scientist,83.93,95.7,0
S4356,7.13,Mechanical Engineering,2,0,0,0,0,15.5,7.5,43.7,2,2,2,52.4,0,Not placed,Not placed,,52.4,0
S4357,8.97,Computer Science and Engineering,1,1,0,1,1,4.6,9.2,66.3,0,1,1,59.8,1,MNC,Analyst,77.44,59.8,0
S4358,6.04,Information Technology,3,1,1,0,1,33.9,5.5,64.6,1,3,0,74.7,1,MNC,Web Developer,84.53,74.7,0
S4359,9.84,Civil Engineering,2,1,0,0,0,29.0,5.2,85.1,0,3,3,39.0,0,Not placed,Not placed,,39.0,0
S4360,9.98,Civil Engineering,1,1,1,0,0,52.1,8.7,44.6,1,1,2,59.1,1,MNC,Data Scientist,80.1,59.1,0
S4361,6.22,Mechanical Engineering,2,0,1,1,0,70.1,8.1,72.7,0,5,0,65.4,1,MNC,Web Developer,75.11,65.4,0
S4362,7.86,Electronics and Communication Engineering,2,0,0,0,1,84.7,8.7,87.4,0,3,0,54.3,1,Startup,Web Developer,42.54,54.3,0
S4363,5.27,Information Technology,1,1,0,0,1,9.0,4.2,86.6,1,6,0,71.8,1,MNC,Analyst,64.93,71.8,0
S4364,6.41,Electronics and Communication Engineering,3,1,1,0,0,61.3,6.1,55.4,0,3,0,49.2,1,MNC,Software Engineer,76.46,49.2,0
S4365,7.58,Electronics and Communication Engineering,3,1,1,0,0,87.1,7.2,93.4,1,5,1,79.5,1,MNC,Data Scientist,90.9,79.5,0
S4366,8.44,Civil Engineering,3,1,0,0,1,10.3,4.9,62.7,3,4,0,83.8,1,MNC,Data Scientist,89.9,83.8,0
S4367,9.03,Civil Engineering,1,1,0,0,1,59.5,8.0,83.0,3,6,0,100.0,1,Mid-size,Software Engineer,75.35,100.9,1
S4368,9.68,Electrical and Electronics Engineering,1,0,1,1,0,78.9,6.4,100.0,0,6,0,68.4,1,MNC,Data Scientist,79.37,68.4,0
S4369,6.79,Computer Science and Engineering,3,1,1,0,1,63.1,7.6,40.7,1,4,1,81.6,1,Mid-size,Data Scientist,75.96,81.6,0
S4370,8.62,Electrical and Electronics Engineering,2,0,0,1,1,62.2,9.4,88.9,0,3,1,67.6,1,MNC,Data Scientist,82.29,67.6,0
S4371,9.69,Electrical and Electronics Engineering,1,1,1,0,1,89.5,4.9,86.5,3,2,0,81.7,1,Top Tech,Analyst,103.96,81.7,0
S4372,6.59,Information Technology,3,0,0,0,1,76.0,6.3,61.0,1,4,0,62.3,0,Not placed,Not placed,,62.3,0
S4373,9.68,Mechanical Engineering,3,0,1,0,1,78.7,5.6,41.7,2,4,0,77.7,1,MNC,Analyst,98.67,77.7,0
S4374,8.85,Electronics and Communication Engineering,3,0,1,0,1,45.7,4.2,94.2,3,6,2,91.5,1,MNC,Web Developer,94.28,91.5,0
S4375,9.56,Civil Engineering,1,0,1,1,1,12.1,9.9,52.8,2,1,1,86.5,1,Mid-size,Software Engineer,63.73,86.5,0
S4376,9.48,Information Technology,1,1,0,1,0,84.8,8.7,89.8,0,2,0,55.6,1,Mid-size,Analyst,55.66,55.6,0
S4377,9.44,Electrical and Electronics Engineering,2,0,0,1,0,87.4,9.4,99.4,0,4,0,59.5,1,Startup,Data Scientist,40.07,59.5,0
S4378,7.47,Electrical and Electronics Engineering,1,1,0,0,0,34.7,8.6,70.6,2,1,0,59.8,1,Startup,Software Engineer,39.44,59.8,0
S4379,9.59,Electronics and Communication Engineering,2,0,1,1,0,70.5,4.5,49.6,1,2,0,54.7,1,Mid-size,Data Scientist,64.46,54.7,0
S4380,6.79,Civil Engineering,2,1,1,0,0,11.2,7.8,51.6,0,1,0,44.8,1,Mid-size,Software Engineer,53.53,44.8,0
S4381,5.04,Information Technology,2,1,0,0,1,33.0,7.4,90.6,2,2,3,68.9,0,Not placed,Not placed,,68.9,0
S4382,6.6,Computer Science and Engineering,3,0,1,0,0,84.4,7.0,46.6,0,6,2,61.1,0,Not placed,Not placed,,61.1,0
S4383,6.23,Computer Science and Engineering,1,0,1,1,0,17.3,5.0,88.2,2,6,2,85.4,1,Mid-size,Software Engineer,52.36,85.4,0
S4384,7.63,Electrical and Electronics Engineering,1,1,1,0,0,62.1,7.8,98.4,1,3,0,69.6,1,MNC,Analyst,81.69,69.6,0
S4385,6.23,Computer Science and Engineering,2,1,0,0,0,27.8,9.0,73.9,2,2,1,70.7,1,Startup,Web Developer,42.98,70.7,0
S4386,5.25,Electronics and Communication Engineering,2,1,1,1,0,47.4,7.3,87.7,1,5,0,88.4,1,MNC,Software Engineer,71.11,88.4,0
S4387,9.42,Mechanical Engineering,1,0,1,1,0,39.0,6.2,42.0,1,4,0,67.3,1,MNC,Analyst,77.3,67.3,0
S4388,6.96,Electrical and Electronics Engineering,1,0,1,0,0,50.6,4.1,91.8,0,3,0,35.2,1,Startup,Data Scientist,43.86,35.2,0
S4389,9.59,Electrical and Electronics Engineering,3,1,1,0,1,33.5,4.4,65.1,1,4,1,68.6,1,Mid-size,Web Developer,51.31,68.6,0
S4390,7.95,Mechanical Engineering,2,1,1,0,1,36.4,6.6,74.6,3,6,0,100.0,1,MNC,Software Engineer,82.03,109.5,1
S4391,9.56,Electrical and Electronics Engineering,2,1,0,0,0,17.6,6.3,91.2,2,4,0,67.2,1,Startup,Analyst,37.93,67.2,0
S4392,8.05,Computer Science and Engineering,1,1,1,0,0,18.4,9.9,99.9,0,5,0,70.0,1,MNC,Web Developer,74.43,70.0,0
S4393,7.82,Civil Engineering,2,0,1,1,1,16.6,4.6,63.2,0,5,0,64.8,1,MNC,Data Scientist,82.07,64.8,0
S4394,7.29,Electronics and Communication Engineering,1,1,1,1,1,77.4,4.0,70.3,1,6,0,89.1,1,Top Tech,Web Developer,94.2,89.1,0
S4395,5.28,Information Technology,3,0,1,0,1,11.3,4.9,40.1,0,1,0,40.5,0,Not placed,Not placed,,40.5,0
S4396,9.07,Electronics and Communication Engineering,3,1,1,1,1,39.5,5.3,56.3,1,3,0,84.0,1,MNC,Web Developer,77.7,84.0,0
S4397,6.45,Mechanical Engineering,2,0,1,0,0,1.8,7.1,85.1,2,5,2,75.6,0,Not placed,Not placed,,75.6,0
S4398,5.73,Computer Science and Engineering,3,1,0,0,0,10.5,5.2,99.8,1,2,0,41.3,0,Not placed,Not placed,,41.3,0
S4399,6.78,Computer Science and Engineering,3,0,1,1,1,72.5,4.0,46.4,1,1,0,59.8,1,MNC,Data Scientist,79.58,59.8,0
S4400,5.12,Computer Science and Engineering,1,1,0,0,0,33.7,6.7,70.8,3,1,1,69.3,1,Startup,Software Engineer,51.23,69.3,0
S4401,7.0,Computer Science and Engineering,1,0,0,0,1,65.4,5.8,93.5,1,4,0,53.8,1,Startup,Analyst,50.45,53.8,0
S4402,6.01,Information Technology,1,0,1,1,0,52.5,9.3,86.2,2,5,0,93.3,1,Mid-size,Software Engineer,66.65,93.3,0
S4403,9.23,Electronics and Communication Engineering,1,1,1,0,0,95.2,9.6,86.5,1,4,0,83.7,1,MNC,Web Developer,76.96,83.7,0
S4404,6.7,Electrical and Electronics Engineering,2,0,0,1,0,56.3,4.3,93.1,3,5,0,73.7,1,Startup,Software Engineer,47.77,73.7,0
S4405,9.77,Information Technology,3,1,0,0,0,6.9,9.5,93.7,1,1,0,52.4,1,Startup,Analyst,36.31,52.4,0
S4406,7.08,Electrical and Electronics Engineering,1,0,1,0,0,29.5,5.2,66.7,2,5,0,74.2,1,Startup,Data Scientist,49.24,74.2,0
S4407,5.8,Information Technology,2,0,1,0,0,13.7,5.4,57.1,1,5,1,65.4,0,Not placed,Not placed,,65.4,0
S4408,9.57,Civil Engineering,2,1,0,0,1,98.3,9.4,66.5,3,4,0,93.5,1,MNC,Analyst,85.41,93.5,0
S4409,5.23,Civil Engineering,1,1,1,0,0,39.0,7.1,66.2,0,4,0,59.9,1,MNC,Software Engineer,74.15,59.9,0
S4410,5.94,Information Technology,3,1,0,0,1,69.7,6.6,87.3,2,2,1,66.2,1,Mid-size,Web Developer,69.34,66.2,0
S4411,7.81,Civil Engineering,2,0,0,0,1,7.4,4.4,66.6,1,4,1,53.6,0,Not placed,Not placed,,53.6,0
S4412,9.19,Civil Engineering,1,1,1,0,1,12.7,8.6,57.7,0,2,0,64.8,1,MNC,Data Scientist,75.42,64.8,0
S4413,7.76,Electronics and Communication Engineering,3,0,0,0,1,81.9,8.8,89.4,1,4,2,64.4,1,Startup,Software Engineer,40.55,64.4,0
S4414,7.88,Information Technology,1,0,0,1,0,62.0,9.0,86.3,2,4,3,79.3,1,Startup,Analyst,52.95,79.3,0
S4415,7.72,Electrical and Electronics Engineering,1,1,1,1,1,32.8,8.1,48.8,2,6,1,100.0,1,MNC,Software Engineer,77.25,112.2,1
S4416,9.08,Civil Engineering,2,1,0,1,0,62.4,6.1,73.4,1,4,0,70.3,1,Mid-size,Web Developer,66.55,70.3,0
S4417,5.79,Electronics and Communication Engineering,1,1,1,0,0,78.6,9.8,42.8,2,3,0,81.3,1,MNC,Data Scientist,69.88,81.3,0
S4418,7.23,Electronics and Communication Engineering,1,1,0,0,0,86.0,7.5,80.2,2,1,0,53.5,1,Startup,Data Scientist,40.5,53.5,0
S4419,5.95,Civil Engineering,1,1,1,1,1,7.9,8.4,43.8,1,5,0,100.0,1,Mid-size,Analyst,53.68,102.0,1
S4420,8.33,Electrical and Electronics Engineering,3,1,1,1,0,26.2,4.1,88.4,0,3,0,54.1,1,MNC,Software Engineer,84.45,54.1,0
S4421,9.26,Electrical and Electronics Engineering,1,1,0,1,0,72.6,6.9,69.0,0,6,0,71.5,1,MNC,Web Developer,88.17,71.5,0
S4422,6.03,Computer Science and Engineering,1,0,1,0,0,69.2,9.4,51.9,1,5,0,77.5,1,Startup,Software Engineer,42.66,77.5,0
S4423,8.93,Mechanical Engineering,3,1,1,0,1,37.8,8.6,49.3,2,2,0,81.8,1,MNC,Analyst,85.13,81.8,0
S4424,9.52,Information Technology,3,0,0,1,1,72.1,4.6,77.3,1,5,0,69.3,1,MNC,Data Scientist,89.92,69.3,0
S4425,5.66,Information Technology,1,1,0,1,0,61.7,7.4,50.7,1,3,2,67.0,1,Mid-size,Software Engineer,68.4,67.0,0
S4426,8.53,Electronics and Communication Engineering,3,0,1,0,1,59.1,8.4,50.8,1,3,3,65.4,1,MNC,Analyst,68.36,65.4,0
S4427,8.5,Electrical and Electronics Engineering,2,1,1,1,0,63.4,7.8,79.3,1,2,0,76.6,1,Mid-size,Analyst,67.77,76.6,0
S4428,9.68,Mechanical Engineering,2,1,0,0,0,57.8,5.7,46.3,1,5,1,66.3,1,Startup,Web Developer,40.91,66.3,0
S4429,6.84,Electronics and Communication Engineering,2,0,1,0,1,42.9,9.0,82.1,0,2,0,58.5,1,Mid-size,Web Developer,50.68,58.5,0
S4430,5.33,Computer Science and Engineering,2,1,1,0,1,93.2,5.6,54.6,0,6,1,78.6,1,Mid-size,Analyst,52.93,78.6,0
S4431,5.52,Civil Engineering,2,0,1,1,1,88.6,5.9,90.7,0,3,0,60.1,1,Mid-size,Web Developer,66.68,60.1,0
S4432,5.6,Computer Science and Engineering,2,1,0,0,0,25.6,7.2,54.6,1,6,0,70.7,1,Startup,Software Engineer,46.36,70.7,0
S4433,8.11,Information Technology,2,1,1,1,1,92.9,8.6,73.1,0,5,0,92.0,1,MNC,Data Scientist,79.29,92.0,0
S4434,7.77,Civil Engineering,1,0,1,0,0,55.0,5.4,43.4,0,3,0,43.3,1,Startup,Analyst,35.12,43.3,0
S4435,6.84,Electrical and Electronics Engineering,1,1,0,0,0,83.7,5.3,53.6,1,2,1,47.2,1,Startup,Data Scientist,40.89,47.2,0
S4436,8.85,Mechanical Engineering,3,0,0,1,1,12.0,7.7,54.4,0,3,1,57.1,0,Not placed,Not placed,,57.1,0
S4437,8.69,Civil Engineering,2,1,0,0,1,32.1,5.7,64.7,1,2,0,57.6,1,Mid-size,Analyst,70.25,57.6,0
S4438,9.69,Information Technology,3,1,1,0,0,66.4,6.5,63.1,1,4,2,73.2,1,MNC,Software Engineer,90.74,73.2,0
S4439,9.48,Information Technology,2,0,1,0,1,87.8,5.0,43.5,1,2,1,56.5,1,MNC,Software Engineer,83.4,56.5,0
S4440,9.4,Electronics and Communication Engineering,3,1,1,1,0,27.3,8.8,51.1,0,6,0,84.3,1,Mid-size,Web Developer,53.77,84.3,0
S4441,9.51,Mechanical Engineering,1,1,1,0,0,0.3,9.5,87.1,0,6,0,75.7,1,MNC,Analyst,79.87,75.7,0
S4442,5.65,Civil Engineering,2,1,0,0,1,57.5,6.1,72.0,2,5,0,85.3,1,MNC,Analyst,78.66,85.3,0
S4443,9.07,Electrical and Electronics Engineering,3,1,1,0,1,63.4,5.7,88.4,1,4,0,81.5,1,Mid-size,Web Developer,52.73,81.5,0
S4444,6.16,Electronics and Communication Engineering,2,0,1,1,1,1.1,5.7,61.7,1,6,0,83.6,1,Mid-size,Data Scientist,57.54,83.6,0
S4445,7.18,Computer Science and Engineering,3,1,1,1,0,12.6,8.6,62.3,1,2,0,71.3,1,MNC,Analyst,72.32,71.3,0
S4446,9.97,Mechanical Engineering,1,1,1,0,1,73.7,7.7,94.5,1,4,0,81.1,1,Mid-size,Web Developer,71.12,81.1,0
S4447,9.54,Electrical and Electronics Engineering,3,0,0,0,0,96.2,4.5,48.7,3,3,0,56.5,1,Startup,Analyst,47.04,56.5,0
S4448,9.52,Electronics and Communication Engineering,1,1,0,0,0,26.5,8.9,85.5,0,2,1,47.3,1,Startup,Software Engineer,44.32,47.3,0
S4449,8.88,Electrical and Electronics Engineering,3,1,0,0,0,76.6,7.4,80.4,0,4,1,54.3,1,Startup,Data Scientist,39.88,54.3,0
S4450,7.48,Electrical and Electronics Engineering,3,0,1,0,0,90.3,6.0,75.0,0,3,1,40.0,0,Not placed,Not placed,,40.0,0
S4451,7.18,Information Technology,3,1,1,0,1,9.7,8.0,76.4,2,5,0,100.0,1,MNC,Analyst,71.51,101.9,1
S4452,5.7,Mechanical Engineering,3,1,0,0,0,39.5,4.7,60.0,2,4,0,60.5,1,Startup,Data Scientist,41.8,60.5,0
S4453,7.81,Electronics and Communication Engineering,2,1,0,1,0,0.8,5.4,99.6,0,6,0,67.0,1,Mid-size,Analyst,53.01,67.0,0
S4454,7.73,Computer Science and Engineering,2,1,0,0,1,26.1,6.7,77.9,3,2,0,83.0,1,MNC,Software Engineer,67.75,83.0,0
S4455,7.64,Electrical and Electronics Engineering,1,1,0,1,1,28.1,8.6,50.8,1,2,2,71.5,1,Mid-size,Data Scientist,61.55,71.5,0
S4456,9.06,Electronics and Communication Engineering,3,1,0,0,0,12.3,9.2,45.6,0,5,0,66.2,1,Startup,Software Engineer,35.18,66.2,0
S4457,7.15,Computer Science and Engineering,2,1,0,1,0,7.3,9.5,49.7,1,6,1,91.8,1,MNC,Analyst,83.71,91.8,0
S4458,6.03,Computer Science and Engineering,2,1,0,1,0,3.5,6.7,47.2,3,4,0,91.7,1,MNC,Analyst,75.45,91.7,0
S4459,6.43,Civil Engineering,1,1,0,0,1,46.0,4.1,64.4,0,3,0,43.9,1,Mid-size,Software Engineer,55.32,43.9,0
S4460,9.08,Electronics and Communication Engineering,1,1,1,1,1,42.6,8.0,85.8,0,4,0,82.4,1,MNC,Analyst,77.26,82.4,0
S4461,7.21,Electronics and Communication Engineering,3,1,1,0,1,33.1,8.3,93.0,2,2,2,88.4,1,MNC,Data Scientist,92.42,88.4,0
S4462,7.38,Computer Science and Engineering,3,1,1,1,0,60.7,9.4,89.9,1,3,0,82.7,1,MNC,Analyst,87.61,82.7,0
S4463,9.86,Information Technology,3,1,1,0,1,99.5,7.8,67.1,1,1,0,64.3,1,MNC,Data Scientist,82.59,64.3,0
S4464,7.49,Electrical and Electronics Engineering,3,1,1,0,1,64.0,7.2,79.9,2,4,0,89.9,1,MNC,Software Engineer,79.8,89.9,0
S4465,9.22,Electronics and Communication Engineering,1,1,0,1,0,59.9,8.2,51.5,0,3,0,59.0,1,Mid-size,Software Engineer,70.43,59.0,0
S4466,7.23,Electrical and Electronics Engineering,2,1,1,0,1,43.8,6.2,91.6,1,3,0,70.6,1,Mid-size,Data Scientist,64.54,70.6,0
S4467,6.51,Civil Engineering,3,0,0,1,0,25.5,4.9,99.2,3,1,0,62.4,1,Startup,Web Developer,49.04,62.4,0
S4468,6.59,Electrical and Electronics Engineering,2,1,1,0,1,41.1,7.9,72.9,0,2,0,67.4,1,MNC,Software Engineer,80.97,67.4,0
S4469,7.71,Electronics and Communication Engineering,2,1,1,0,0,39.8,7.4,44.5,3,3,0,88.6,1,MNC,Analyst,72.1,88.6,0
S4470,6.32,Information Technology,3,1,1,0,0,67.0,5.5,77.7,3,3,0,77.7,1,MNC,Web Developer,79.56,77.7,0
S4471,7.17,Civil Engineering,2,0,1,1,0,21.8,5.9,57.2,0,4,1,54.8,1,MNC,Data Scientist,65.58,54.8,0
S4472,6.32,Civil Engineering,1,1,1,1,0,31.9,4.0,57.9,0,3,1,56.8,1,MNC,Analyst,72.23,56.8,0
S4473,9.53,Information Technology,2,1,1,0,0,82.1,6.4,42.4,1,4,0,69.0,1,Mid-size,Data Scientist,68.04,69.0,0
S4474,6.01,Electronics and Communication Engineering,2,1,1,1,1,5.8,9.0,60.2,1,4,0,98.2,1,Mid-size,Software Engineer,70.24,98.2,0
S4475,8.62,Electronics and Communication Engineering,3,0,1,0,0,25.2,8.4,57.6,1,1,0,50.6,0,Not placed,Not placed,,50.6,0
S4476,9.38,Civil Engineering,2,0,1,0,1,25.7,5.3,69.4,0,1,0,44.7,1,Mid-size,Data Scientist,61.78,44.7,0
S4477,7.4,Electrical and Electronics Engineering,2,1,1,1,0,30.5,7.1,47.2,1,2,0,70.4,1,MNC,Software Engineer,83.6,70.4,0
S4478,6.57,Information Technology,3,1,1,0,0,4.8,6.8,99.5,2,1,0,63.7,1,Mid-size,Web Developer,53.61,63.7,0
S4479,6.9,Civil Engineering,2,1,0,0,0,2.2,8.9,91.4,2,6,0,82.4,1,Startup,Analyst,48.7,82.4,0
S4480,7.99,Electrical and Electronics Engineering,2,0,1,0,1,27.4,8.5,80.3,1,6,0,82.5,1,Mid-size,Web Developer,66.15,82.5,0
S4481,7.06,Electrical and Electronics Engineering,2,1,1,0,1,44.8,6.8,59.5,1,5,0,85.7,1,Mid-size,Web Developer,51.29,85.7,0
S4482,7.83,Electrical and Electronics Engineering,1,1,0,1,1,73.2,5.8,84.8,0,2,1,60.2,1,MNC,Software Engineer,70.5,60.2,0
S4483,5.24,Electrical and Electronics Engineering,1,1,0,0,0,48.1,7.6,81.7,1,4,1,61.5,1,Startup,Data Scientist,45.87,61.5,0
S4484,7.92,Mechanical Engineering,2,1,1,0,1,24.9,8.5,92.8,2,6,0,100.0,1,MNC,Data Scientist,84.0,102.5,1
S4485,9.13,Mechanical Engineering,3,1,1,0,0,72.5,5.4,81.4,1,4,0,61.3,1,MNC,Analyst,66.55,61.3,0
S4486,5.98,Information Technology,3,0,1,0,1,30.2,5.3,84.4,2,6,0,87.6,1,MNC,Analyst,72.66,87.6,0
S4487,8.64,Computer Science and Engineering,2,1,1,0,0,12.8,4.4,86.7,1,5,0,68.1,1,Mid-size,Data Scientist,56.73,68.1,0
S4488,9.16,Electrical and Electronics Engineering,3,0,1,0,0,90.2,5.4,44.7,0,3,1,36.5,0,Not placed,Not placed,,36.5,0
S4489,7.05,Computer Science and Engineering,2,0,1,0,0,98.0,7.9,70.9,0,6,0,64.5,1,Startup,Web Developer,48.03,64.5,0
S4490,8.21,Computer Science and Engineering,1,1,1,0,0,1.1,4.5,51.4,0,6,0,61.7,1,MNC,Software Engineer,75.27,61.7,0
S4491,7.51,Electronics and Communication Engineering,3,0,0,0,0,77.1,4.6,49.6,1,3,1,41.2,0,Not placed,Not placed,,41.2,0
S4492,5.28,Computer Science and Engineering,2,0,0,0,0,66.8,5.4,80.7,1,5,1,54.4,0,Not placed,Not placed,,54.4,0
S4493,8.27,Mechanical Engineering,1,1,0,0,0,29.9,9.7,73.5,1,2,1,59.2,1,Startup,Analyst,43.77,59.2,0
S4494,8.0,Mechanical Engineering,2,1,1,0,0,39.2,4.7,49.7,1,5,0,71.6,1,MNC,Analyst,73.66,71.6,0
S4495,6.89,Computer Science and Engineering,1,1,0,1,0,90.7,6.7,65.6,2,4,0,83.0,1,MNC,Software Engineer,87.08,83.0,0
S4496,8.49,Civil Engineering,1,1,1,0,0,54.7,5.0,90.8,2,3,0,68.1,1,Mid-size,Data Scientist,59.77,68.1,0
S4497,8.27,Mechanical Engineering,3,0,1,0,1,93.4,8.0,78.9,0,6,1,72.6,1,Mid-size,Web Developer,62.66,72.6,0
S4498,5.35,Information Technology,1,1,0,1,0,55.6,6.3,94.2,1,2,0,61.7,1,MNC,Data Scientist,76.41,61.7,0
S4499,9.83,Electronics and Communication Engineering,3,1,1,0,0,38.6,9.3,72.7,2,4,0,83.2,1,Mid-size,Analyst,54.42,83.2,0
S4500,7.77,Civil Engineering,1,0,0,1,1,94.7,5.9,52.9,1,2,0,57.9,1,Mid-size,Web Developer,68.75,57.9,0
S4501,8.47,Mechanical Engineering,3,1,0,0,0,73.9,5.3,76.2,2,5,0,71.7,1,Startup,Data Scientist,41.32,71.7,0
S4502,5.39,Computer Science and Engineering,1,1,0,1,0,47.5,9.6,92.3,2,2,0,80.5,1,Mid-size,Software Engineer,51.38,80.5,0
S4503,5.15,Information Technology,3,0,0,1,0,45.3,8.9,95.1,3,3,0,82.6,1,Startup,Software Engineer,42.31,82.6,0
S4504,9.78,Mechanical Engineering,1,1,0,0,0,97.9,5.5,58.8,0,5,0,53.1,1,Startup,Data Scientist,50.6,53.1,0
S4505,8.54,Information Technology,1,1,1,0,1,33.6,9.5,89.5,0,6,0,93.3,1,MNC,Web Developer,74.88,93.3,0
S4506,7.96,Computer Science and Engineering,3,0,1,0,1,30.2,6.7,63.3,1,4,1,65.5,1,MNC,Web Developer,75.76,65.5,0
S4507,7.1,Electrical and Electronics Engineering,1,1,0,1,1,30.0,8.7,85.1,2,5,0,97.5,1,MNC,Software Engineer,95.03,97.5,0
S4508,7.5,Electronics and Communication Engineering,2,0,0,0,1,69.5,7.9,56.5,3,2,0,70.6,1,Startup,Web Developer,43.95,70.6,0
S4509,9.71,Information Technology,1,1,1,0,0,74.7,9.9,44.7,2,6,0,100.0,1,MNC,Analyst,85.53,102.8,1
S4510,7.13,Mechanical Engineering,3,1,0,0,1,77.8,4.1,66.8,0,6,0,61.2,1,MNC,Web Developer,80.74,61.2,0
S4511,6.23,Civil Engineering,3,1,1,1,0,63.8,8.2,98.5,0,4,1,70.1,1,MNC,Software Engineer,80.03,70.1,0
S4512,5.37,Electrical and Electronics Engineering,1,0,0,0,0,45.0,6.4,90.6,1,5,0,57.0,1,Startup,Software Engineer,37.51,57.0,0
S4513,5.58,Information Technology,1,0,0,0,0,2.7,8.2,52.4,2,6,0,71.4,1,Startup,Data Scientist,35.64,71.4,0
S4514,6.37,Information Technology,3,1,0,0,1,99.3,4.1,69.6,2,2,0,59.3,1,Mid-size,Data Scientist,63.94,59.3,0
S4515,9.61,Electrical and Electronics Engineering,2,0,1,0,0,44.6,8.2,49.6,0,1,0,37.9,0,Not placed,Not placed,,37.9,0
S4516,9.78,Electronics and Communication Engineering,2,1,0,0,0,62.5,6.8,83.9,1,4,0,57.7,1,Startup,Software Engineer,51.79,57.7,0
S4517,7.82,Mechanical Engineering,2,1,1,0,1,7.4,7.6,75.4,0,2,3,66.7,0,Not placed,Not placed,,66.7,0
S4518,7.72,Electronics and Communication Engineering,3,1,1,0,1,21.1,5.5,95.8,0,1,0,54.1,1,Mid-size,Analyst,55.69,54.1,0
S4519,6.57,Electrical and Electronics Engineering,2,1,0,0,1,42.6,8.7,95.5,0,1,1,46.4,1,MNC,Software Engineer,68.26,46.4,0
S4520,8.7,Electrical and Electronics Engineering,2,1,0,0,0,13.9,5.9,67.5,0,5,0,55.8,1,Startup,Web Developer,44.58,55.8,0
S4521,5.74,Information Technology,1,1,0,0,1,89.9,6.1,85.7,0,3,1,58.2,1,Mid-size,Analyst,52.13,58.2,0
S4522,5.43,Electrical and Electronics Engineering,1,0,1,0,0,18.4,6.9,52.2,1,5,0,66.6,1,Startup,Web Developer,43.4,66.6,0
S4523,5.86,Computer Science and Engineering,3,1,0,0,1,48.4,4.9,65.6,1,2,0,53.2,0,Not placed,Not placed,,53.2,0
S4524,8.51,Electronics and Communication Engineering,1,1,1,0,1,26.8,7.6,97.8,1,1,0,63.2,1,MNC,Web Developer,89.87,63.2,0
S4525,8.74,Computer Science and Engineering,2,0,1,0,1,76.2,4.2,71.3,3,2,0,75.3,1,MNC,Data Scientist,92.25,75.3,0
S4526,7.38,Electrical and Electronics Engineering,3,1,0,0,0,8.5,10.0,58.8,3,6,0,99.1,1,Startup,Web Developer,52.89,99.1,0
S4527,7.18,Electronics and Communication Engineering,1,1,1,0,0,91.3,9.6,55.9,1,4,1,81.4,1,Mid-size,Data Scientist,67.35,81.4,0
S4528,5.37,Electronics and Communication Engineering,3,1,1,0,1,90.4,7.2,45.3,0,6,0,85.2,1,MNC,Data Scientist,90.35,85.2,0
S4529,9.92,Electronics and Communication Engineering,3,0,1,0,0,46.5,8.6,51.0,1,3,1,61.5,0,Not placed,Not placed,,61.5,0
S4530,5.45,Mechanical Engineering,2,1,0,0,0,21.3,5.3,86.6,0,1,1,32.0,0,Not placed,Not placed,,32.0,0
S4531,5.93,Mechanical Engineering,1,0,1,0,0,38.5,8.1,60.1,1,3,0,63.5,1,Startup,Data Scientist,44.24,63.5,0
S4532,9.48,Civil Engineering,1,0,1,0,1,15.0,8.6,69.5,3,6,0,100.0,1,MNC,Analyst,88.17,105.8,1
S4533,6.02,Civil Engineering,3,1,0,0,1,42.6,8.5,73.2,0,4,0,61.5,1,MNC,Analyst,86.37,61.5,0
S4534,7.56,Electrical and Electronics Engineering,3,1,1,0,1,0.1,4.0,77.5,0,5,0,68.4,1,MNC,Data Scientist,64.23,68.4,0
S4535,5.83,Electronics and Communication Engineering,3,0,1,0,1,23.2,7.9,49.5,2,6,1,92.6,1,MNC,Analyst,73.19,92.6,0
S4536,5.13,Electrical and Electronics Engineering,1,1,0,0,1,69.8,7.6,77.7,1,1,0,56.3,1,MNC,Web Developer,92.12,56.3,0
S4537,5.22,Electrical and Electronics Engineering,2,1,0,0,1,73.0,7.0,98.1,1,4,0,67.7,1,MNC,Data Scientist,67.64,67.7,0
S4538,5.47,Mechanical Engineering,3,0,1,0,1,99.4,6.6,96.6,0,3,3,54.9,1,MNC,Analyst,91.53,54.9,0
S4539,9.39,Information Technology,3,1,1,1,0,30.4,5.1,80.6,0,2,1,53.0,0,Not placed,Not placed,,53.0,0
S4540,7.34,Electronics and Communication Engineering,3,1,1,0,0,48.7,7.3,79.0,1,1,0,55.0,1,MNC,Analyst,65.72,55.0,0
S4541,5.15,Mechanical Engineering,3,1,1,0,1,12.6,6.7,72.3,2,4,0,90.6,1,Mid-size,Web Developer,62.18,90.6,0
S4542,6.09,Computer Science and Engineering,1,1,1,1,0,74.3,7.0,42.9,1,5,0,87.5,1,MNC,Software Engineer,88.85,87.5,0
S4543,7.92,Civil Engineering,1,0,1,1,0,42.2,8.8,62.2,1,3,0,68.2,1,Mid-size,Data Scientist,63.43,68.2,0
S4544,5.95,Computer Science and Engineering,3,0,0,0,0,24.2,8.0,89.8,1,4,0,49.3,0,Not placed,Not placed,,49.3,0
S4545,7.24,Computer Science and Engineering,2,1,0,1,1,34.3,8.8,99.4,0,3,0,71.7,1,MNC,Web Developer,89.44,71.7,0
S4546,8.74,Electronics and Communication Engineering,1,0,0,0,0,61.0,4.6,97.6,1,3,0,35.9,1,Startup,Data Scientist,44.0,35.9,0
S4547,5.02,Computer Science and Engineering,1,1,1,0,1,81.9,5.3,94.3,2,3,3,82.9,1,Top Tech,Web Developer,103.03,82.9,0
S4548,5.15,Electrical and Electronics Engineering,1,1,0,0,0,14.0,4.9,93.2,1,1,1,37.9,1,Startup,Software Engineer,37.14,37.9,0
S4549,5.28,Mechanical Engineering,2,0,1,0,0,4.3,7.6,59.7,1,1,0,45.7,1,Startup,Software Engineer,38.41,45.7,0
S4550,5.93,Computer Science and Engineering,3,1,0,1,0,54.8,9.6,86.4,2,2,0,76.0,1,MNC,Software Engineer,79.99,76.0,0
S4551,7.87,Electrical and Electronics Engineering,2,1,0,0,0,2.7,7.6,83.1,1,3,0,61.6,1,Startup,Software Engineer,36.56,61.6,0
S4552,6.03,Information Technology,2,1,0,0,1,44.5,5.3,66.3,1,2,0,58.7,1,MNC,Software Engineer,65.94,58.7,0
S4553,7.36,Civil Engineering,2,1,0,1,1,64.1,9.5,73.2,1,5,0,90.6,1,MNC,Web Developer,75.18,90.6,0
S4554,5.48,Information Technology,3,1,0,0,0,52.0,5.8,88.9,1,3,1,54.9,1,Startup,Data Scientist,44.4,54.9,0
S4555,5.26,Information Technology,2,1,1,0,0,39.4,7.0,42.9,2,1,0,65.5,1,Mid-size,Web Developer,53.1,65.5,0
S4556,9.71,Electrical and Electronics Engineering,3,0,0,0,0,96.1,6.3,63.2,0,2,0,28.5,0,Not placed,Not placed,,28.5,0
S4557,6.34,Electronics and Communication Engineering,1,0,1,0,1,66.9,4.4,87.7,0,2,0,41.6,1,MNC,Data Scientist,85.23,41.6,0
S4558,7.17,Civil Engineering,1,0,1,0,1,3.3,5.6,77.3,1,1,0,51.9,1,Mid-size,Web Developer,49.98,51.9,0
S4559,9.3,Mechanical Engineering,1,1,0,0,1,74.1,6.9,52.1,0,3,0,55.3,1,Mid-size,Software Engineer,73.78,55.3,0
S4560,5.88,Mechanical Engineering,1,0,1,1,0,16.7,9.8,96.6,0,5,1,77.7,1,Mid-size,Software Engineer,56.32,77.7,0
S4561,8.49,Information Technology,1,0,0,0,0,20.2,5.0,49.6,0,6,0,48.4,1,Startup,Data Scientist,36.42,48.4,0
S4562,9.83,Computer Science and Engineering,2,0,1,0,1,74.2,9.6,92.7,1,5,0,87.0,1,Mid-size,Web Developer,56.01,87.0,0
S4563,8.88,Mechanical Engineering,3,0,0,0,1,20.4,4.4,50.0,0,6,2,50.5,0,Not placed,Not placed,,50.5,0
S4564,7.07,Computer Science and Engineering,2,1,1,1,1,14.1,5.8,74.4,0,3,1,71.9,1,MNC,Data Scientist,65.66,71.9,0
S4565,6.17,Civil Engineering,3,1,1,0,1,67.9,6.4,60.2,1,3,0,78.3,1,MNC,Web Developer,88.39,78.3,0
S4566,9.6,Information Technology,1,1,0,0,1,86.1,6.3,44.6,1,4,0,71.2,1,Mid-size,Web Developer,62.22,71.2,0
S4567,9.0,Mechanical Engineering,2,0,1,0,0,53.2,7.5,55.1,3,3,2,80.9,1,Startup,Analyst,48.02,80.9,0
S4568,7.38,Mechanical Engineering,3,0,1,1,0,11.5,4.0,45.5,0,4,0,54.3,1,Mid-size,Data Scientist,47.59,54.3,0
S4569,9.98,Computer Science and Engineering,2,0,1,1,1,32.1,4.6,78.8,3,3,1,89.8,1,MNC,Web Developer,85.8,89.8,0
S4570,7.19,Civil Engineering,2,1,0,1,0,58.1,6.3,43.2,2,5,0,79.1,1,Mid-size,Software Engineer,62.29,79.1,0
S4571,7.05,Mechanical Engineering,1,1,0,1,0,36.7,9.6,55.6,1,4,0,74.7,1,Mid-size,Data Scientist,59.38,74.7,0
S4572,8.58,Mechanical Engineering,2,0,1,1,0,56.2,5.3,64.1,1,1,1,50.6,1,MNC,Software Engineer,78.75,50.6,0
S4573,5.85,Computer Science and Engineering,2,0,1,0,0,51.0,7.8,40.1,1,4,0,61.8,1,Startup,Data Scientist,44.99,61.8,0
S4574,9.11,Computer Science and Engineering,3,0,1,0,0,90.5,6.2,69.4,1,5,2,66.2,1,Startup,Analyst,50.67,66.2,0
S4575,5.14,Computer Science and Engineering,1,1,1,0,0,48.1,9.1,73.2,3,2,0,89.5,1,Mid-size,Analyst,56.19,89.5,0
S4576,8.07,Electronics and Communication Engineering,2,0,1,0,0,38.7,4.6,93.3,1,3,1,51.7,0,Not placed,Not placed,,51.7,0
S4577,5.3,Civil Engineering,2,1,0,0,0,47.6,8.6,71.3,0,5,0,64.0,1,Startup,Software Engineer,38.03,64.0,0
S4578,8.63,Information Technology,2,0,0,1,0,3.8,7.4,82.0,1,6,0,73.9,1,Startup,Software Engineer,43.0,73.9,0
S4579,5.15,Mechanical Engineering,3,0,0,0,0,19.9,6.9,77.1,1,4,0,55.5,0,Not placed,Not placed,,55.5,0
S4580,7.84,Information Technology,3,1,1,0,0,14.9,7.2,72.5,1,1,0,59.2,0,Not placed,Not placed,,59.2,0
S4581,5.05,Mechanical Engineering,3,1,1,0,0,31.7,6.8,94.1,0,4,3,63.5,0,Not placed,Not placed,,63.5,0
S4582,8.3,Electronics and Communication Engineering,2,1,0,1,1,75.6,5.3,48.2,0,4,0,69.5,1,Mid-size,Software Engineer,67.6,69.5,0
S4583,7.51,Mechanical Engineering,3,1,0,0,0,70.2,8.7,68.3,1,4,1,64.9,1,Startup,Software Engineer,42.92,64.9,0
S4584,8.65,Mechanical Engineering,2,0,0,0,0,29.3,6.7,57.4,0,1,0,26.9,0,Not placed,Not placed,,26.9,0
S4585,9.71,Electronics and Communication Engineering,3,0,1,0,1,89.6,8.6,75.7,0,2,0,52.2,1,Mid-size,Software Engineer,71.13,52.2,0
S4586,9.31,Computer Science and Engineering,2,1,1,0,1,0.8,9.0,57.8,1,1,0,67.1,1,Mid-size,Web Developer,61.73,67.1,0
S4587,5.66,Electronics and Communication Engineering,1,1,0,1,0,33.6,6.5,89.7,1,6,0,74.5,1,MNC,Analyst,70.17,74.5,0
S4588,8.19,Computer Science and Engineering,1,1,0,0,1,41.1,5.5,68.9,1,2,1,61.0,1,MNC,Data Scientist,68.39,61.0,0
S4589,8.33,Mechanical Engineering,3,1,1,1,1,20.1,6.7,95.4,1,6,2,100.0,1,MNC,Analyst,90.83,102.4,1
S4590,6.61,Civil Engineering,1,1,1,0,0,39.7,8.0,86.0,1,4,0,74.5,1,MNC,Data Scientist,86.27,74.5,0
S4591,7.46,Electrical and Electronics Engineering,1,0,1,0,0,12.8,10.0,86.3,1,4,0,71.1,1,Startup,Software Engineer,41.18,71.1,0
S4592,9.14,Electronics and Communication Engineering,1,1,0,1,1,27.5,4.5,64.2,2,6,0,88.8,1,MNC,Web Developer,79.44,88.8,0
S4593,5.46,Mechanical Engineering,3,0,1,0,0,7.4,9.4,58.3,2,4,1,81.0,0,Not placed,Not placed,,81.0,0
S4594,8.05,Mechanical Engineering,1,1,1,0,1,23.3,6.7,71.6,0,1,1,52.8,1,Mid-size,Web Developer,66.41,52.8,0
S4595,5.27,Information Technology,2,1,1,0,1,1.5,7.8,89.9,1,1,0,64.4,1,MNC,Software Engineer,85.94,64.4,0
S4596,9.47,Computer Science and Engineering,1,0,0,1,0,59.0,7.4,78.7,1,6,0,74.3,1,Startup,Web Developer,45.89,74.3,0
S4597,8.04,Mechanical Engineering,1,1,0,1,1,36.9,8.7,97.3,2,1,0,80.5,1,MNC,Analyst,79.53,80.5,0
S4598,9.55,Electrical and Electronics Engineering,2,1,1,0,0,99.4,8.5,54.3,0,2,0,56.9,1,Mid-size,Analyst,52.99,56.9,0
S4599,6.56,Information Technology,1,1,1,0,0,13.0,5.4,46.0,0,3,2,53.9,0,Not placed,Not placed,,53.9,0
S4600,7.27,Computer Science and Engineering,1,0,1,1,0,94.7,9.6,79.6,3,6,0,100.0,1,MNC,Data Scientist,82.86,107.2,1
S4601,7.01,Mechanical Engineering,3,0,1,1,0,25.1,5.3,52.1,3,2,0,71.6,1,Mid-size,Web Developer,66.29,71.6,0
S4602,7.88,Civil Engineering,3,1,1,1,0,14.3,8.9,48.8,0,5,0,78.9,1,MNC,Software Engineer,85.7,78.9,0
S4603,7.85,Mechanical Engineering,2,1,1,0,0,60.0,8.9,99.8,2,3,0,77.0,1,MNC,Software Engineer,88.83,77.0,0
S4604,6.14,Electrical and Electronics Engineering,2,1,1,0,0,54.4,5.9,99.5,1,2,0,55.7,1,MNC,Data Scientist,78.5,55.7,0
S4605,7.68,Electrical and Electronics Engineering,3,0,0,0,1,82.6,4.7,44.0,1,6,0,59.9,1,Startup,Web Developer,45.65,59.9,0
S4606,6.25,Mechanical Engineering,1,1,0,0,0,81.6,5.8,95.3,1,1,0,44.4,1,Startup,Software Engineer,41.25,44.4,0
S4607,7.1,Electrical and Electronics Engineering,1,0,1,0,0,30.1,4.3,44.8,0,1,2,28.6,0,Not placed,Not placed,,28.6,0
S4608,5.77,Mechanical Engineering,2,1,1,0,1,55.6,7.5,50.3,1,4,2,81.3,1,MNC,Analyst,93.88,81.3,0
S4609,5.22,Information Technology,2,0,1,0,0,67.5,7.5,66.1,1,6,1,76.9,1,Startup,Web Developer,43.38,76.9,0
S4610,9.29,Computer Science and Engineering,1,0,1,0,0,8.4,4.9,86.5,0,1,0,34.3,1,Startup,Data Scientist,42.31,34.3,0
S4611,7.09,Computer Science and Engineering,3,1,1,1,1,18.6,6.4,70.8,1,1,0,75.9,1,MNC,Software Engineer,88.94,75.9,0
S4612,7.11,Information Technology,2,1,0,0,0,83.9,8.5,81.0,0,6,1,68.7,1,Startup,Software Engineer,43.86,68.7,0
S4613,7.19,Computer Science and Engineering,3,1,1,1,0,68.9,6.5,69.7,0,2,2,64.5,0,Not placed,Not placed,,64.5,0
S4614,8.87,Information Technology,1,1,1,1,1,2.0,9.7,89.4,2,4,0,100.0,1,MNC,Software Engineer,78.06,112.3,1
S4615,9.75,Computer Science and Engineering,1,1,1,0,1,6.9,5.3,67.0,1,4,0,77.5,1,MNC,Web Developer,85.07,77.5,0
S4616,5.3,Information Technology,2,1,0,0,0,21.9,5.2,62.3,0,2,0,31.9,1,Startup,Software Engineer,34.99,31.9,0
S4617,8.11,Electronics and Communication Engineering,2,1,0,0,0,56.3,8.5,95.5,1,2,0,60.3,1,Startup,Data Scientist,45.62,60.3,0
S4618,7.4,Electronics and Communication Engineering,1,1,0,0,0,44.6,4.3,71.2,0,2,0,32.2,1,Startup,Web Developer,35.91,32.2,0
S4619,7.35,Electrical and Electronics Engineering,3,0,1,0,0,98.4,8.1,75.7,0,3,0,54.0,1,Startup,Software Engineer,44.99,54.0,0
S4620,5.66,Civil Engineering,1,1,0,0,0,4.5,4.7,53.1,3,1,0,54.4,1,Startup,Software Engineer,41.46,54.4,0
S4621,7.87,Electronics and Communication Engineering,3,0,1,0,0,98.4,6.3,99.2,0,6,0,57.5,1,Startup,Data Scientist,49.36,57.5,0
S4622,9.04,Electrical and Electronics Engineering,3,1,0,0,0,15.4,8.5,74.9,0,5,0,55.8,0,Not placed,Not placed,,55.8,0
S4623,9.46,Civil Engineering,2,1,1,0,0,59.4,4.6,88.5,1,3,1,54.5,1,MNC,Data Scientist,69.75,54.5,0
S4624,6.37,Electrical and Electronics Engineering,3,1,1,0,1,91.1,8.4,75.2,0,3,0,65.2,1,MNC,Analyst,92.98,65.2,0
S4625,8.42,Electronics and Communication Engineering,3,1,0,0,1,53.8,6.4,62.1,1,5,0,76.0,1,Mid-size,Analyst,57.46,76.0,0
S4626,8.92,Civil Engineering,1,1,0,1,0,82.2,7.3,92.9,1,1,0,55.2,1,Mid-size,Analyst,61.78,55.2,0
S4627,5.77,Electronics and Communication Engineering,3,1,1,0,1,52.1,7.3,93.3,3,3,0,97.0,1,MNC,Software Engineer,87.34,97.0,0
S4628,7.06,Computer Science and Engineering,2,1,1,1,0,70.3,5.9,60.0,2,6,0,100.0,1,Mid-size,Web Developer,59.82,101.8,1
S4629,9.19,Civil Engineering,3,1,1,0,1,3.5,6.1,79.4,1,3,0,74.9,1,MNC,Web Developer,73.78,74.9,0
S4630,6.34,Electronics and Communication Engineering,1,1,1,0,0,67.5,6.5,75.7,0,4,0,58.7,1,Mid-size,Data Scientist,56.08,58.7,0
S4631,9.86,Information Technology,3,1,0,1,0,28.9,8.1,66.9,2,4,1,79.7,1,MNC,Data Scientist,91.95,79.7,0
S4632,7.21,Electronics and Communication Engineering,3,1,1,0,1,52.7,9.0,50.9,0,3,0,69.4,1,Mid-size,Data Scientist,51.69,69.4,0
S4633,5.21,Computer Science and Engineering,2,1,1,0,0,87.1,7.9,70.3,0,4,0,59.6,1,Mid-size,Data Scientist,68.01,59.6,0
S4634,9.6,Computer Science and Engineering,1,1,1,1,1,45.7,7.2,81.1,3,2,1,100.0,1,MNC,Web Developer,85.73,105.7,1
S4635,8.46,Civil Engineering,2,1,1,0,0,68.0,7.1,52.2,0,6,0,66.3,1,MNC,Software Engineer,85.19,66.3,0
S4636,9.09,Computer Science and Engineering,2,0,1,1,0,69.0,9.0,57.5,2,1,0,69.3,1,MNC,Software Engineer,77.11,69.3,0
S4637,9.06,Electronics and Communication Engineering,2,0,1,1,0,56.6,7.0,75.7,3,4,0,91.1,1,MNC,Web Developer,76.93,91.1,0
S4638,9.35,Electronics and Communication Engineering,1,0,0,1,1,99.1,8.2,47.5,1,4,0,75.6,1,MNC,Software Engineer,83.54,75.6,0
S4639,6.06,Electronics and Communication Engineering,3,0,1,0,0,83.1,4.6,68.1,1,6,0,65.8,1,Startup,Web Developer,42.37,65.8,0
S4640,9.46,Electrical and Electronics Engineering,1,0,0,0,0,15.4,9.9,63.3,0,2,0,36.5,1,Startup,Web Developer,44.95,36.5,0
S4641,9.47,Electrical and Electronics Engineering,2,1,0,1,1,82.6,6.5,87.9,1,1,1,67.5,1,MNC,Software Engineer,92.41,67.5,0
S4642,5.84,Information Technology,1,1,1,0,1,79.0,9.5,45.1,0,2,1,72.4,1,MNC,Web Developer,89.1,72.4,0
S4643,9.19,Information Technology,3,1,1,1,0,4.8,4.4,53.0,3,3,0,83.8,1,Mid-size,Web Developer,57.43,83.8,0
S4644,9.93,Mechanical Engineering,1,0,1,0,1,17.9,9.0,97.5,1,4,1,72.4,1,MNC,Analyst,74.23,72.4,0
S4645,5.53,Computer Science and Engineering,3,0,1,0,0,75.8,8.9,46.6,2,1,3,64.5,0,Not placed,Not placed,,64.5,0
S4646,9.56,Electronics and Communication Engineering,1,0,0,0,0,23.2,5.8,80.5,0,5,2,39.4,0,Not placed,Not placed,,39.4,0
S4647,5.21,Mechanical Engineering,2,1,1,0,1,12.0,8.5,64.5,0,4,0,72.6,1,MNC,Analyst,79.29,72.6,0
S4648,5.02,Mechanical Engineering,1,0,1,0,0,44.7,4.6,55.0,2,5,0,73.5,1,Startup,Software Engineer,42.66,73.5,0
S4649,8.33,Electronics and Communication Engineering,3,1,1,1,1,27.5,7.1,79.8,2,2,0,91.0,1,MNC,Web Developer,75.58,91.0,0
S4650,8.66,Electrical and Electronics Engineering,3,0,1,1,0,27.5,6.8,90.7,2,2,0,71.7,1,Mid-size,Software Engineer,68.94,71.7,0
S4651,7.24,Computer Science and Engineering,3,1,1,1,0,5.7,8.0,60.8,0,5,0,79.7,1,MNC,Web Developer,87.9,79.7,0
S4652,8.21,Civil Engineering,3,1,1,0,1,72.5,7.5,81.6,1,1,0,65.3,1,Mid-size,Analyst,54.48,65.3,0
S4653,6.8,Mechanical Engineering,2,1,1,0,1,74.0,9.7,54.9,2,5,0,100.0,1,MNC,Web Developer,97.09,100.7,1
S4654,5.43,Mechanical Engineering,3,1,1,0,0,70.2,8.2,65.5,0,3,1,58.9,0,Not placed,Not placed,,58.9,0
S4655,5.17,Mechanical Engineering,3,1,0,0,0,70.6,6.3,63.2,2,6,0,78.1,1,Startup,Analyst,45.46,78.1,0
S4656,7.91,Information Technology,2,0,1,0,1,75.5,6.1,53.6,1,3,1,59.6,1,MNC,Web Developer,68.12,59.6,0
S4657,9.72,Civil Engineering,1,1,0,1,0,98.0,9.8,86.4,1,2,0,68.9,1,Mid-size,Data Scientist,56.82,68.9,0
S4658,7.31,Computer Science and Engineering,2,0,0,1,0,72.8,5.9,63.6,3,4,1,80.2,1,Startup,Analyst,49.07,80.2,0
S4659,9.82,Computer Science and Engineering,1,1,1,0,1,52.0,9.7,82.8,0,3,0,77.0,1,MNC,Analyst,87.74,77.0,0
S4660,5.63,Electronics and Communication Engineering,3,1,1,0,1,11.9,4.4,69.2,0,4,0,65.0,1,Mid-size,Web Developer,55.92,65.0,0
S4661,8.72,Computer Science and Engineering,3,0,1,1,0,50.8,5.4,90.1,1,3,2,64.1,1,MNC,Analyst,82.02,64.1,0
S4662,8.97,Electronics and Communication Engineering,2,1,1,0,1,87.1,4.3,65.2,3,5,0,100.0,1,Mid-size,Analyst,75.92,100.2,1
S4663,6.27,Civil Engineering,3,1,0,1,0,87.2,6.4,50.0,2,3,1,73.1,1,MNC,Software Engineer,70.38,73.1,0
S4664,8.49,Computer Science and Engineering,2,0,1,0,0,40.8,6.9,41.1,1,1,0,50.6,1,Startup,Analyst,37.26,50.6,0
S4665,7.74,Electronics and Communication Engineering,1,1,1,0,1,34.8,5.1,42.0,0,1,0,50.3,1,Mid-size,Web Developer,67.53,50.3,0
S4666,5.29,Electrical and Electronics Engineering,1,1,0,0,0,24.3,4.0,55.0,0,5,0,48.4,1,Startup,Web Developer,36.67,48.4,0
S4667,6.36,Computer Science and Engineering,2,1,0,0,0,83.4,4.7,59.8,0,3,1,40.7,0,Not placed,Not placed,,40.7,0
S4668,7.14,Computer Science and Engineering,2,1,1,0,1,67.0,9.0,43.1,1,6,0,92.5,1,MNC,Web Developer,77.78,92.5,0
S4669,9.09,Civil Engineering,3,1,1,0,0,9.8,8.0,59.8,0,3,0,62.0,1,Mid-size,Data Scientist,52.73,62.0,0
S4670,7.81,Electrical and Electronics Engineering,1,0,1,0,1,42.6,9.7,72.0,2,4,2,87.9,1,MNC,Software Engineer,92.75,87.9,0
S4671,9.92,Electronics and Communication Engineering,3,1,0,0,0,3.9,8.2,71.0,2,6,0,85.3,1,Startup,Analyst,48.26,85.3,0
S4672,9.98,Computer Science and Engineering,2,1,1,0,1,59.6,4.6,64.0,0,6,0,78.0,1,Mid-size,Data Scientist,59.82,78.0,0
S4673,5.3,Electronics and Communication Engineering,2,1,0,0,0,60.4,5.4,75.7,3,6,1,89.4,1,Startup,Analyst,43.5,89.4,0
S4674,6.32,Electrical and Electronics Engineering,1,1,0,1,1,50.4,5.6,42.0,2,4,0,82.4,1,MNC,Data Scientist,81.92,82.4,0
S4675,7.89,Civil Engineering,1,1,0,0,0,13.2,4.2,43.2,0,1,1,23.3,0,Not placed,Not placed,,23.3,0
S4676,7.38,Information Technology,3,1,0,0,0,76.9,5.5,80.9,0,5,0,50.7,0,Not placed,Not placed,,50.7,0
S4677,6.26,Civil Engineering,1,0,1,0,0,66.8,6.2,53.9,1,5,0,63.9,1,Startup,Data Scientist,44.14,63.9,0
S4678,9.67,Computer Science and Engineering,3,1,0,0,1,97.4,5.5,93.9,2,4,0,75.4,1,Mid-size,Software Engineer,70.73,75.4,0
S4679,9.19,Information Technology,3,0,1,0,1,42.7,8.1,57.1,1,6,0,88.0,1,MNC,Web Developer,91.77,88.0,0
S4680,5.92,Mechanical Engineering,2,1,1,0,0,8.7,9.8,60.8,0,2,1,61.6,0,Not placed,Not placed,,61.6,0
S4681,5.49,Computer Science and Engineering,3,1,1,1,0,2.3,4.2,91.3,0,4,0,59.4,1,Mid-size,Data Scientist,46.94,59.4,0
S4682,6.63,Computer Science and Engineering,3,1,0,0,0,16.5,6.7,72.1,0,6,0,60.8,0,Not placed,Not placed,,60.8,0
S4683,7.81,Electronics and Communication Engineering,2,1,0,1,0,55.3,7.5,69.9,0,5,1,68.9,1,MNC,Software Engineer,69.82,68.9,0
S4684,7.39,Civil Engineering,2,1,0,0,1,34.2,9.2,97.9,2,4,0,83.5,1,MNC,Software Engineer,73.75,83.5,0
S4685,8.68,Mechanical Engineering,1,1,1,0,0,84.2,8.9,84.2,0,6,1,80.6,1,MNC,Analyst,72.95,80.6,0
S4686,8.99,Computer Science and Engineering,1,1,0,1,0,67.7,7.2,56.6,2,2,0,73.7,1,Mid-size,Web Developer,70.99,73.7,0
S4687,7.2,Computer Science and Engineering,3,1,0,0,0,87.0,5.7,40.1,1,3,3,54.3,0,Not placed,Not placed,,54.3,0
S4688,9.76,Computer Science and Engineering,1,1,1,0,0,73.4,6.1,60.3,2,3,0,68.6,1,MNC,Data Scientist,86.46,68.6,0
S4689,9.7,Electronics and Communication Engineering,3,0,1,0,0,94.8,6.5,49.0,1,2,0,51.1,1,Startup,Analyst,41.68,51.1,0
S4690,9.21,Civil Engineering,2,0,0,0,1,69.3,6.5,41.3,1,5,0,64.5,1,Startup,Software Engineer,41.21,64.5,0
S4691,8.66,Civil Engineering,2,1,1,0,0,45.9,4.4,93.0,1,2,1,57.9,1,Mid-size,Analyst,47.42,57.9,0
S4692,5.69,Information Technology,1,1,1,0,0,91.2,7.0,50.5,1,5,0,78.0,1,MNC,Analyst,81.13,78.0,0
S4693,5.39,Mechanical Engineering,2,1,1,1,0,37.9,4.1,61.9,1,5,0,73.7,1,MNC,Analyst,76.19,73.7,0
S4694,6.41,Electrical and Electronics Engineering,3,0,0,0,0,84.8,6.2,89.5,2,4,0,63.5,1,Startup,Analyst,43.77,63.5,0
S4695,7.69,Electrical and Electronics Engineering,2,0,1,0,0,82.5,7.2,62.4,2,2,1,58.2,1,Startup,Software Engineer,47.31,58.2,0
S4696,9.66,Information Technology,2,1,0,0,0,51.8,7.0,65.0,0,5,0,51.3,1,Startup,Software Engineer,48.25,51.3,0
S4697,9.15,Electronics and Communication Engineering,1,1,0,0,0,86.2,5.4,42.0,1,6,0,61.8,1,Startup,Software Engineer,52.99,61.8,0
S4698,5.6,Computer Science and Engineering,3,1,0,1,1,50.8,6.5,59.0,0,2,0,56.6,1,MNC,Data Scientist,71.38,56.6,0
S4699,6.23,Electronics and Communication Engineering,3,1,1,1,0,20.7,4.1,55.1,2,1,1,64.3,1,MNC,Analyst,88.08,64.3,0
S4700,8.9,Information Technology,2,0,0,0,1,88.5,7.5,57.4,1,6,0,72.3,1,Startup,Software Engineer,46.23,72.3,0
S4701,5.33,Civil Engineering,3,1,1,0,0,84.0,4.9,55.2,2,6,0,80.0,1,Mid-size,Data Scientist,64.84,80.0,0
S4702,8.88,Electrical and Electronics Engineering,3,1,1,0,0,62.2,8.0,45.1,2,5,0,86.8,1,MNC,Software Engineer,92.14,86.8,0
S4703,8.08,Computer Science and Engineering,1,1,0,0,0,95.7,6.9,74.2,2,4,2,75.4,1,Startup,Web Developer,40.59,75.4,0
S4704,6.73,Mechanical Engineering,3,1,1,1,0,44.7,6.3,85.9,0,1,0,55.0,0,Not placed,Not placed,,55.0,0
S4705,5.88,Computer Science and Engineering,3,1,0,0,0,46.5,7.8,44.4,2,2,1,66.3,0,Not placed,Not placed,,66.3,0
S4706,8.31,Computer Science and Engineering,3,0,1,0,1,61.5,7.9,93.3,3,3,0,86.0,1,Mid-size,Web Developer,72.95,86.0,0
S4707,5.93,Civil Engineering,3,1,0,0,0,53.0,4.7,84.3,1,1,2,43.2,0,Not placed,Not placed,,43.2,0
S4708,6.59,Mechanical Engineering,2,1,0,0,0,44.8,6.8,93.1,1,2,0,46.7,1,Startup,Analyst,42.2,46.7,0
S4709,6.94,Electronics and Communication Engineering,1,1,0,0,0,4.3,5.2,59.5,0,5,0,47.5,1,Startup,Analyst,43.87,47.5,0
S4710,7.26,Information Technology,2,0,0,0,0,44.6,4.8,70.2,1,1,1,34.0,0,Not placed,Not placed,,34.0,0
S4711,9.54,Information Technology,2,0,0,0,1,39.0,6.9,55.7,2,4,0,67.9,1,Startup,Data Scientist,51.12,67.9,0
S4712,8.59,Electrical and Electronics Engineering,2,1,1,0,0,33.8,8.0,75.7,0,3,0,61.2,1,Mid-size,Software Engineer,48.45,61.2,0
S4713,8.17,Civil Engineering,1,0,1,1,0,51.3,4.1,56.8,0,5,1,60.1,1,Mid-size,Web Developer,54.3,60.1,0
S4714,5.65,Civil Engineering,2,0,0,1,1,45.1,6.6,95.6,1,4,1,71.3,1,Mid-size,Analyst,62.77,71.3,0
S4715,9.23,Computer Science and Engineering,2,0,1,1,1,99.8,7.3,69.1,1,1,2,69.3,1,Mid-size,Software Engineer,66.62,69.3,0
S4716,9.0,Electronics and Communication Engineering,3,1,1,0,1,41.6,6.2,53.8,1,4,0,78.8,1,Mid-size,Web Developer,71.87,78.8,0
S4717,10.0,Mechanical Engineering,1,1,0,1,0,60.8,9.6,52.8,2,2,0,74.9,1,MNC,Web Developer,81.9,74.9,0
S4718,5.98,Electrical and Electronics Engineering,1,1,0,0,0,88.8,4.1,40.4,3,4,0,76.1,1,Startup,Data Scientist,48.36,76.1,0
S4719,5.75,Mechanical Engineering,1,1,1,0,1,0.7,7.9,75.6,3,4,2,100.0,1,Mid-size,Web Developer,56.74,104.9,1
S4720,8.28,Civil Engineering,3,1,1,1,0,13.7,5.1,44.9,1,2,2,67.3,1,MNC,Data Scientist,74.08,67.3,0
S4721,6.31,Mechanical Engineering,2,1,1,0,0,40.9,8.3,49.5,3,4,0,98.1,1,MNC,Analyst,72.96,98.1,0
S4722,5.82,Electronics and Communication Engineering,2,1,1,1,1,57.6,9.0,88.7,2,5,1,100.0,1,Mid-size,Software Engineer,72.01,113.4,1
S4723,7.35,Computer Science and Engineering,2,1,1,0,1,40.9,6.4,86.9,0,2,2,63.2,0,Not placed,Not placed,,63.2,0
S4724,5.64,Electrical and Electronics Engineering,3,1,1,1,0,51.2,8.3,56.6,2,1,0,83.5,1,MNC,Data Scientist,74.96,83.5,0
S4725,8.26,Mechanical Engineering,2,1,0,1,0,28.3,8.2,63.6,0,4,0,67.8,1,Mid-size,Data Scientist,63.11,67.8,0
S4726,6.88,Information Technology,2,1,1,0,0,9.7,5.4,54.7,1,1,1,48.2,0,Not placed,Not placed,,48.2,0
S4727,9.57,Computer Science and Engineering,1,1,1,0,1,58.8,6.1,89.6,2,5,0,94.7,1,MNC,Software Engineer,77.14,94.7,0
S4728,8.94,Electrical and Electronics Engineering,2,0,1,0,0,94.1,5.6,73.9,1,3,2,48.5,1,Startup,Web Developer,53.17,48.5,0
S4729,5.05,Civil Engineering,1,1,0,0,0,95.7,5.1,43.0,1,2,0,49.3,1,Startup,Data Scientist,43.79,49.3,0
S4730,5.41,Computer Science and Engineering,2,1,1,0,0,9.3,5.4,85.7,3,5,0,95.3,1,Mid-size,Software Engineer,50.89,95.3,0
S4731,8.65,Civil Engineering,1,0,0,0,0,8.1,9.3,83.8,1,1,0,40.0,1,Startup,Software Engineer,36.77,40.0,0
S4732,5.21,Information Technology,3,0,1,0,0,51.4,8.4,84.2,3,4,0,83.1,1,Startup,Web Developer,38.74,83.1,0
S4733,7.39,Electrical and Electronics Engineering,2,1,1,0,1,37.7,5.6,57.3,1,4,0,80.3,1,Mid-size,Data Scientist,59.17,80.3,0
S4734,5.49,Electrical and Electronics Engineering,3,0,1,0,0,50.8,5.0,57.6,1,4,0,54.8,0,Not placed,Not placed,,54.8,0
S4735,5.41,Mechanical Engineering,1,1,0,0,0,19.9,4.2,91.4,1,5,0,62.5,1,Startup,Analyst,42.39,62.5,0
S4736,7.2,Computer Science and Engineering,2,0,0,0,0,54.7,5.5,98.4,0,5,0,36.9,0,Not placed,Not placed,,36.9,0
S4737,9.64,Electronics and Communication Engineering,3,1,0,0,0,58.4,7.8,62.7,0,2,0,43.5,1,Startup,Software Engineer,40.59,43.5,0
S4738,8.7,Civil Engineering,1,1,1,1,1,86.2,5.8,53.5,2,5,0,100.0,1,Top Tech,Software Engineer,125.23,101.5,1
S4739,8.96,Civil Engineering,2,1,1,1,0,48.8,7.5,43.8,2,3,0,89.1,1,MNC,Web Developer,95.19,89.1,0
S4740,6.44,Electrical and Electronics Engineering,3,1,0,0,1,18.3,9.6,99.3,0,1,3,58.4,0,Not placed,Not placed,,58.4,0
S4741,6.56,Electrical and Electronics Engineering,3,0,1,0,0,18.6,5.5,41.4,0,3,0,38.8,0,Not placed,Not placed,,38.8,0
S4742,5.5,Electrical and Electronics Engineering,2,1,1,1,1,46.4,4.9,57.3,0,1,0,59.7,1,Mid-size,Web Developer,50.43,59.7,0
S4743,6.32,Civil Engineering,1,1,0,0,0,49.0,6.8,46.8,1,1,0,46.7,1,Startup,Data Scientist,38.54,46.7,0
S4744,5.12,Civil Engineering,3,0,1,1,0,11.3,4.0,56.9,3,4,0,82.5,1,MNC,Software Engineer,70.6,82.5,0
S4745,5.9,Information Technology,1,1,0,0,0,29.2,4.4,61.7,0,2,0,32.7,0,Not placed,Not placed,,32.7,0
S4746,5.12,Mechanical Engineering,3,0,1,0,1,5.1,4.0,86.9,1,5,1,66.5,1,MNC,Analyst,78.94,66.5,0
S4747,9.0,Civil Engineering,3,0,0,1,0,71.3,10.0,50.6,1,4,0,71.3,1,Startup,Web Developer,49.49,71.3,0
S4748,6.67,Electrical and Electronics Engineering,2,1,0,0,0,12.8,8.1,70.5,1,5,0,65.9,1,Startup,Web Developer,37.03,65.9,0
S4749,8.05,Information Technology,3,1,1,0,1,50.6,7.1,83.2,2,4,1,89.1,1,MNC,Analyst,68.44,89.1,0
S4750,5.52,Computer Science and Engineering,1,1,0,0,0,28.5,4.2,62.0,0,6,0,48.6,1,Startup,Analyst,42.24,48.6,0
S4751,9.53,Electrical and Electronics Engineering,2,1,1,0,0,68.7,8.9,72.7,0,4,0,71.4,1,MNC,Software Engineer,83.77,71.4,0
S4752,9.86,Mechanical Engineering,3,1,0,0,0,2.0,6.4,88.0,1,5,0,68.0,1,Startup,Web Developer,41.34,68.0,0
S4753,9.94,Electronics and Communication Engineering,2,1,1,1,0,37.4,8.1,57.2,0,5,0,81.3,1,Mid-size,Web Developer,71.55,81.3,0
S4754,8.21,Electronics and Communication Engineering,1,0,1,0,0,26.1,5.2,53.6,1,1,1,40.8,0,Not placed,Not placed,,40.8,0
S4755,7.13,Information Technology,1,0,1,0,0,16.9,5.4,82.7,1,1,0,38.2,0,Not placed,Not placed,,38.2,0
S4756,9.89,Civil Engineering,3,1,1,0,1,25.6,7.1,52.1,2,6,1,100.0,1,MNC,Data Scientist,81.21,100.1,1
S4757,7.12,Electrical and Electronics Engineering,3,1,0,1,0,87.7,5.8,98.7,1,6,0,77.1,1,Mid-size,Analyst,72.34,77.1,0
S4758,6.58,Mechanical Engineering,3,1,1,0,1,90.6,6.5,75.2,3,5,3,100.0,1,MNC,Analyst,91.8,106.9,1
S4759,7.99,Computer Science and Engineering,2,1,0,1,1,60.1,7.4,83.4,1,3,0,76.0,1,MNC,Analyst,83.57,76.0,0
S4760,9.05,Information Technology,1,0,1,1,0,69.0,9.5,80.3,0,3,0,61.7,1,Mid-size,Analyst,48.89,61.7,0
S4761,9.27,Electronics and Communication Engineering,2,1,1,0,0,16.1,6.3,87.2,0,4,0,58.3,1,MNC,Web Developer,71.0,58.3,0
S4762,8.43,Information Technology,1,0,1,0,1,31.8,5.9,94.2,0,2,0,47.4,1,MNC,Analyst,68.07,47.4,0
S4763,5.2,Electronics and Communication Engineering,3,1,1,0,0,26.0,9.4,70.8,1,2,1,63.8,1,Mid-size,Software Engineer,65.83,63.8,0
S4764,8.0,Information Technology,3,0,0,0,0,11.3,5.8,44.3,1,1,0,32.0,0,Not placed,Not placed,,32.0,0
S4765,5.51,Electronics and Communication Engineering,1,1,1,0,1,64.2,5.2,90.4,2,5,0,89.4,1,MNC,Software Engineer,72.76,89.4,0
S4766,6.49,Information Technology,3,1,0,0,0,56.6,7.1,89.1,1,2,0,49.4,0,Not placed,Not placed,,49.4,0
S4767,5.87,Mechanical Engineering,1,1,1,0,0,43.4,7.7,44.3,1,3,3,71.5,1,MNC,Software Engineer,85.85,71.5,0
S4768,5.63,Mechanical Engineering,1,0,1,0,0,17.7,8.8,94.6,2,2,0,68.1,1,Startup,Data Scientist,38.94,68.1,0
S4769,5.71,Computer Science and Engineering,2,1,0,1,0,80.7,7.8,59.3,1,4,0,75.8,1,MNC,Software Engineer,89.76,75.8,0
S4770,7.33,Electronics and Communication Engineering,1,1,1,0,0,9.4,6.9,65.7,2,1,0,63.6,1,Mid-size,Analyst,48.97,63.6,0
S4771,6.26,Mechanical Engineering,2,1,1,0,1,42.1,7.9,95.1,1,3,1,77.1,1,Mid-size,Web Developer,70.44,77.1,0
S4772,5.5,Mechanical Engineering,1,1,0,0,1,14.4,5.5,60.1,2,2,0,65.7,1,Mid-size,Web Developer,64.24,65.7,0
S4773,6.23,Electronics and Communication Engineering,1,1,1,0,0,21.8,5.5,97.0,2,4,0,77.8,1,MNC,Software Engineer,67.22,77.8,0
S4774,8.07,Electrical and Electronics Engineering,2,1,0,0,0,93.4,7.2,68.0,2,3,0,68.7,1,Startup,Web Developer,47.02,68.7,0
S4775,9.46,Electronics and Communication Engineering,1,0,0,0,1,52.0,4.4,57.7,1,5,1,57.3,1,Startup,Data Scientist,47.23,57.3,0
S4776,8.57,Electronics and Communication Engineering,3,1,0,0,1,81.2,9.8,91.6,0,4,0,70.8,1,Mid-size,Software Engineer,56.17,70.8,0
S4777,5.38,Electronics and Communication Engineering,1,1,0,1,0,58.0,4.1,84.2,0,2,1,46.3,1,MNC,Data Scientist,79.15,46.3,0
S4778,8.91,Civil Engineering,1,1,1,0,0,83.3,6.8,43.0,1,3,0,68.5,1,Mid-size,Analyst,65.5,68.5,0
S4779,7.5,Information Technology,3,1,0,1,0,94.3,8.0,49.8,2,4,0,86.4,1,MNC,Analyst,91.67,86.4,0
S4780,5.18,Electronics and Communication Engineering,2,0,1,0,0,97.7,5.5,67.8,1,2,0,51.4,1,Startup,Software Engineer,42.21,51.4,0
S4781,5.5,Civil Engineering,3,0,0,0,1,36.1,4.8,55.8,2,5,1,67.9,0,Not placed,Not placed,,67.9,0
S4782,9.37,Electronics and Communication Engineering,1,1,0,1,0,6.7,7.4,92.1,1,1,0,58.4,1,MNC,Web Developer,67.7,58.4,0
S4783,5.32,Computer Science and Engineering,3,0,1,0,0,49.6,7.8,78.9,1,5,0,70.6,1,Startup,Analyst,44.59,70.6,0
S4784,6.0,Information Technology,3,1,0,0,0,39.3,4.4,69.8,3,2,0,67.7,1,Startup,Software Engineer,41.25,67.7,0
S4785,7.59,Civil Engineering,3,1,1,0,0,7.4,4.8,79.0,3,6,0,95.5,1,Mid-size,Software Engineer,66.41,95.5,0
S4786,8.62,Information Technology,1,1,1,0,1,94.1,8.5,44.9,2,1,0,84.7,1,Top Tech,Web Developer,111.77,84.7,0
S4787,6.71,Information Technology,3,1,1,0,0,43.6,5.2,90.0,1,3,0,63.9,1,Mid-size,Data Scientist,59.96,63.9,0
S4788,9.06,Electronics and Communication Engineering,2,1,0,0,1,19.0,9.0,44.0,1,3,0,71.6,1,MNC,Data Scientist,87.03,71.6,0
S4789,9.87,Electrical and Electronics Engineering,1,0,0,0,0,20.5,6.8,78.6,0,5,3,41.1,0,Not placed,Not placed,,41.1,0
S4790,5.73,Civil Engineering,2,1,0,1,0,28.7,7.6,53.6,2,3,1,78.7,1,Mid-size,Analyst,58.1,78.7,0
S4791,6.41,Information Technology,1,0,0,0,0,29.8,6.2,74.6,0,3,3,32.3,0,Not placed,Not placed,,32.3,0
S4792,7.42,Civil Engineering,1,0,1,0,0,3.9,7.4,67.4,2,6,0,78.2,1,Startup,Data Scientist,45.91,78.2,0
S4793,9.78,Computer Science and Engineering,2,0,1,0,1,16.4,7.0,44.6,1,1,2,51.3,0,Not placed,Not placed,,51.3,0
S4794,7.51,Computer Science and Engineering,2,1,0,0,1,48.3,6.3,56.5,1,6,1,78.7,1,MNC,Data Scientist,79.7,78.7,0
S4795,9.74,Civil Engineering,1,1,1,0,0,51.3,5.2,74.6,1,1,0,53.3,1,MNC,Software Engineer,73.1,53.3,0
S4796,7.2,Electrical and Electronics Engineering,3,0,0,0,1,52.2,7.9,96.1,0,5,0,62.3,1,Startup,Analyst,39.26,62.3,0
S4797,8.27,Mechanical Engineering,2,0,1,0,0,28.1,8.5,95.5,3,4,0,89.6,1,Startup,Data Scientist,50.78,89.6,0
S4798,7.44,Civil Engineering,2,0,1,1,0,11.6,4.5,53.3,1,5,1,70.7,1,Mid-size,Web Developer,61.57,70.7,0
S4799,9.93,Mechanical Engineering,3,0,0,0,0,67.9,5.9,42.6,2,6,0,67.8,1,Startup,Data Scientist,43.94,67.8,0
S4800,5.4,Electronics and Communication Engineering,1,0,1,0,0,77.5,9.8,68.4,0,2,0,49.6,1,Startup,Analyst,38.35,49.6,0
S4801,7.53,Civil Engineering,2,0,1,0,0,65.6,5.7,60.4,0,5,0,55.3,1,Startup,Web Developer,44.22,55.3,0
S4802,7.88,Civil Engineering,2,1,0,0,0,41.2,6.9,49.6,0,3,0,44.5,1,Startup,Analyst,39.83,44.5,0
S4803,9.66,Mechanical Engineering,2,1,0,1,1,19.7,6.3,44.1,1,3,1,76.6,1,Mid-size,Analyst,51.95,76.6,0
S4804,8.52,Computer Science and Engineering,1,1,1,1,0,83.2,5.2,68.7,1,4,3,80.5,1,MNC,Software Engineer,77.21,80.5,0
S4805,5.23,Electronics and Communication Engineering,2,1,1,1,1,27.2,6.8,46.3,0,2,0,73.9,1,Mid-size,Web Developer,52.37,73.9,0
S4806,7.22,Electronics and Communication Engineering,1,1,1,0,0,37.5,5.9,70.6,1,1,1,55.4,1,MNC,Web Developer,79.41,55.4,0
S4807,9.26,Computer Science and Engineering,1,1,1,1,0,10.2,9.5,60.7,1,6,0,97.1,1,Mid-size,Web Developer,71.18,97.1,0
S4808,5.84,Electronics and Communication Engineering,3,1,0,0,1,28.7,5.2,72.5,1,5,0,75.4,1,Mid-size,Software Engineer,58.99,75.4,0
S4809,9.47,Electronics and Communication Engineering,3,1,1,0,0,55.3,5.8,55.9,0,5,0,60.3,1,Mid-size,Web Developer,64.65,60.3,0
S4810,6.9,Civil Engineering,1,0,0,0,0,47.7,9.4,80.1,2,4,0,64.6,1,Startup,Web Developer,42.56,64.6,0
S4811,9.81,Electrical and Electronics Engineering,3,1,0,1,0,60.0,8.5,96.4,2,3,1,77.3,1,MNC,Web Developer,85.52,77.3,0
S4812,9.87,Civil Engineering,1,0,0,0,1,3.7,9.9,99.3,0,5,2,59.7,1,Startup,Software Engineer,39.16,59.7,0
S4813,5.79,Electronics and Communication Engineering,2,0,1,1,0,74.6,5.5,94.2,3,5,0,89.4,1,Mid-size,Data Scientist,59.68,89.4,0
S4814,9.39,Electrical and Electronics Engineering,1,1,1,0,0,5.9,6.6,95.8,1,5,0,74.2,1,MNC,Analyst,87.28,74.2,0
S4815,5.79,Electronics and Communication Engineering,3,1,0,0,0,43.8,8.8,40.3,0,5,0,62.3,0,Not placed,Not placed,,62.3,0
S4816,9.87,Electronics and Communication Engineering,2,1,1,1,1,36.7,4.7,55.1,0,6,1,83.8,1,MNC,Web Developer,87.82,83.8,0
S4817,8.47,Electrical and Electronics Engineering,2,1,0,0,0,11.2,5.7,47.9,1,3,0,50.7,0,Not placed,Not placed,,50.7,0
S4818,7.29,Electrical and Electronics Engineering,2,1,1,0,0,69.0,4.8,96.3,0,2,1,42.6,1,MNC,Software Engineer,78.37,42.6,0
S4819,9.79,Electronics and Communication Engineering,2,0,0,0,1,99.4,5.0,58.4,2,3,1,63.8,1,Startup,Data Scientist,51.21,63.8,0
S4820,8.27,Electronics and Communication Engineering,3,1,1,0,0,2.9,6.7,83.3,3,6,2,98.8,1,MNC,Software Engineer,71.12,98.8,0
S4821,9.03,Electronics and Communication Engineering,2,0,0,0,0,61.1,5.5,96.1,0,6,1,49.4,1,Startup,Web Developer,42.02,49.4,0
S4822,7.29,Information Technology,3,0,1,0,0,41.2,6.6,84.3,0,5,0,50.0,0,Not placed,Not placed,,50.0,0
S4823,6.79,Information Technology,3,1,1,1,1,29.0,6.1,49.0,2,5,0,100.0,1,Mid-size,Data Scientist,59.55,101.3,1
S4824,6.59,Civil Engineering,1,1,1,0,0,37.1,5.0,84.3,1,5,0,65.2,1,MNC,Analyst,87.56,65.2,0
S4825,9.92,Information Technology,3,0,1,1,1,31.7,4.7,80.1,1,2,0,63.4,1,MNC,Software Engineer,70.98,63.4,0
S4826,8.43,Civil Engineering,1,1,1,0,0,32.0,8.4,73.3,2,6,0,93.4,1,Mid-size,Web Developer,64.61,93.4,0
S4827,5.27,Computer Science and Engineering,3,1,1,0,0,30.0,6.2,89.6,3,3,0,80.7,1,MNC,Analyst,76.63,80.7,0
S4828,7.17,Electronics and Communication Engineering,3,1,1,0,0,95.2,5.5,87.8,0,4,0,61.1,1,MNC,Software Engineer,71.61,61.1,0
S4829,6.64,Civil Engineering,1,1,0,0,0,89.2,9.7,59.4,1,6,0,78.8,1,Startup,Data Scientist,39.87,78.8,0
S4830,8.49,Electronics and Communication Engineering,3,1,1,0,0,49.0,4.9,59.8,1,3,0,59.1,1,MNC,Data Scientist,67.55,59.1,0
S4831,8.81,Information Technology,3,0,1,0,1,89.8,6.9,90.7,0,4,1,64.7,1,MNC,Web Developer,67.7,64.7,0
S4832,5.96,Civil Engineering,1,1,1,0,0,89.0,7.7,52.1,1,4,0,77.6,1,Mid-size,Analyst,62.7,77.6,0
S4833,7.59,Information Technology,2,1,1,0,0,21.5,6.3,66.1,2,1,0,62.2,1,MNC,Analyst,76.24,62.2,0
S4834,6.8,Electrical and Electronics Engineering,1,0,1,0,0,46.9,9.5,99.3,3,4,0,84.8,1,Startup,Data Scientist,48.41,84.8,0
S4835,5.44,Computer Science and Engineering,1,1,1,0,0,96.4,9.7,81.9,1,4,0,81.3,1,Mid-size,Software Engineer,68.73,81.3,0
S4836,7.2,Mechanical Engineering,1,1,0,0,1,95.2,4.8,48.1,1,1,0,53.6,1,MNC,Web Developer,80.98,53.6,0
S4837,6.41,Electrical and Electronics Engineering,1,1,0,0,0,79.7,9.6,40.3,2,4,1,75.6,1,Startup,Data Scientist,39.73,75.6,0
S4838,7.29,Electronics and Communication Engineering,2,1,0,0,1,32.7,5.0,75.5,0,1,1,45.0,0,Not placed,Not placed,,45.0,0
S4839,7.71,Computer Science and Engineering,1,0,0,0,0,33.3,6.1,88.8,1,5,1,57.0,1,Startup,Data Scientist,47.49,57.0,0
S4840,9.5,Computer Science and Engineering,2,1,1,0,1,71.0,8.9,84.3,0,6,1,82.3,1,Mid-size,Software Engineer,57.19,82.3,0
S4841,8.92,Electrical and Electronics Engineering,3,0,1,0,1,26.0,9.1,62.6,1,3,0,68.2,1,MNC,Web Developer,86.18,68.2,0
S4842,9.0,Information Technology,3,0,1,1,1,46.7,8.8,74.5,1,3,0,77.0,1,Mid-size,Analyst,61.84,77.0,0
S4843,7.14,Computer Science and Engineering,1,1,0,1,0,26.2,7.6,75.9,1,1,0,56.0,1,MNC,Software Engineer,80.64,56.0,0
S4844,5.28,Mechanical Engineering,3,1,0,0,0,24.7,4.9,57.4,0,2,0,31.9,0,Not placed,Not placed,,31.9,0
S4845,6.3,Civil Engineering,3,1,0,0,0,50.2,6.0,50.2,0,1,0,34.1,0,Not placed,Not placed,,34.1,0
S4846,7.3,Electrical and Electronics Engineering,1,1,1,0,1,0.0,7.3,97.8,2,6,2,100.0,1,MNC,Software Engineer,91.92,102.6,1
S4847,9.94,Civil Engineering,3,0,0,0,0,3.3,7.2,76.5,0,2,0,28.1,0,Not placed,Not placed,,28.1,0
S4848,7.11,Mechanical Engineering,1,0,1,0,0,50.1,6.4,82.9,3,1,0,59.4,1,Startup,Software Engineer,37.18,59.4,0
S4849,9.99,Civil Engineering,3,1,1,1,1,10.4,7.2,59.3,1,1,0,76.3,1,MNC,Web Developer,72.16,76.3,0
S4850,8.33,Information Technology,3,1,0,0,1,30.1,4.5,70.2,1,6,0,72.6,1,Mid-size,Analyst,65.09,72.6,0
S4851,7.41,Electronics and Communication Engineering,2,1,1,0,1,79.7,7.5,84.8,3,6,1,100.0,1,Mid-size,Software Engineer,67.67,114.5,1
S4852,6.96,Electronics and Communication Engineering,2,0,0,1,0,24.2,7.7,87.6,1,3,0,53.3,1,Startup,Web Developer,41.48,53.3,0
S4853,8.76,Information Technology,1,0,0,0,0,74.0,9.9,79.3,0,1,0,35.8,1,Startup,Analyst,37.09,35.8,0
S4854,9.09,Civil Engineering,3,1,0,0,0,88.2,4.9,71.5,1,3,0,51.6,1,Startup,Web Developer,41.79,51.6,0
S4855,9.11,Electrical and Electronics Engineering,2,0,1,0,0,56.7,8.9,67.5,1,5,0,75.4,1,Startup,Web Developer,41.76,75.4,0
S4856,5.21,Computer Science and Engineering,1,1,1,0,1,37.9,7.7,85.8,2,5,0,100.0,1,MNC,Web Developer,80.98,102.3,1
S4857,8.01,Mechanical Engineering,2,1,1,1,0,1.9,4.8,49.9,0,5,0,67.4,1,MNC,Web Developer,82.86,67.4,0
S4858,7.94,Electronics and Communication Engineering,3,1,1,1,0,0.8,4.2,93.5,0,3,0,56.0,1,MNC,Data Scientist,72.75,56.0,0
S4859,8.13,Electrical and Electronics Engineering,1,1,0,0,0,11.3,5.0,60.2,2,2,0,58.2,1,Startup,Web Developer,44.76,58.2,0
S4860,9.22,Civil Engineering,2,0,1,0,0,25.9,6.4,48.6,0,6,2,54.8,0,Not placed,Not placed,,54.8,0
S4861,6.26,Electronics and Communication Engineering,3,1,0,0,0,98.8,4.2,85.5,0,5,1,45.3,0,Not placed,Not placed,,45.3,0
S4862,5.11,Civil Engineering,1,1,1,0,1,58.3,6.3,70.4,0,1,1,50.7,1,MNC,Web Developer,73.31,50.7,0
S4863,5.23,Information Technology,3,0,1,1,0,17.3,5.2,54.2,1,3,0,58.3,1,MNC,Software Engineer,60.97,58.3,0
S4864,6.05,Electrical and Electronics Engineering,1,1,0,1,0,44.9,5.4,45.1,1,6,1,78.2,1,MNC,Web Developer,62.49,78.2,0
S4865,8.84,Electronics and Communication Engineering,2,1,1,0,0,6.8,9.0,50.8,3,2,1,82.1,1,Mid-size,Software Engineer,74.05,82.1,0
S4866,6.13,Civil Engineering,2,0,1,0,0,59.7,5.1,53.7,0,4,3,50.2,0,Not placed,Not placed,,50.2,0
S4867,6.2,Electronics and Communication Engineering,1,0,0,0,1,51.6,9.1,95.2,2,5,0,80.3,1,Startup,Software Engineer,42.06,80.3,0
S4868,6.95,Computer Science and Engineering,3,0,0,1,1,58.1,8.1,72.1,0,3,0,56.1,1,Mid-size,Data Scientist,67.65,56.1,0
S4869,7.0,Information Technology,2,1,0,1,1,25.0,6.9,74.6,1,2,2,71.8,0,Not placed,Not placed,,71.8,0
S4870,9.66,Mechanical Engineering,1,1,0,0,0,14.1,5.2,63.8,2,1,0,55.2,1,Startup,Software Engineer,50.03,55.2,0
S4871,8.57,Information Technology,2,1,0,0,0,52.3,6.6,94.4,2,1,0,59.3,1,Startup,Web Developer,52.19,59.3,0
S4872,9.45,Mechanical Engineering,3,0,0,0,0,46.5,6.9,67.8,2,2,1,54.0,1,Startup,Data Scientist,47.53,54.0,0
S4873,6.62,Computer Science and Engineering,2,0,0,0,0,90.7,8.2,53.6,0,4,0,42.4,1,Startup,Analyst,43.5,42.4,0
S4874,9.79,Electrical and Electronics Engineering,2,1,0,0,1,7.3,5.9,60.4,1,4,0,71.6,1,Mid-size,Analyst,64.4,71.6,0
S4875,6.77,Information Technology,1,1,1,0,0,5.6,4.7,81.4,0,2,0,44.9,1,MNC,Analyst,60.78,44.9,0
S4876,5.66,Civil Engineering,3,1,0,1,0,70.0,6.0,83.2,1,1,0,56.7,1,MNC,Web Developer,73.73,56.7,0
S4877,6.57,Computer Science and Engineering,2,0,0,1,0,84.5,5.7,76.2,3,2,0,67.9,1,Startup,Data Scientist,45.13,67.9,0
S4878,8.79,Mechanical Engineering,2,1,0,0,0,58.9,9.2,56.1,1,2,1,58.5,1,Startup,Web Developer,45.83,58.5,0
S4879,6.4,Electronics and Communication Engineering,3,0,1,1,0,54.1,6.5,57.6,2,4,2,74.7,1,Mid-size,Data Scientist,63.44,74.7,0
S4880,5.07,Electronics and Communication Engineering,2,1,0,1,0,87.5,6.4,48.2,0,1,0,40.3,1,Mid-size,Web Developer,64.86,40.3,0
S4881,8.95,Mechanical Engineering,3,1,1,0,0,72.6,7.9,63.5,0,2,1,49.3,1,MNC,Software Engineer,79.19,49.3,0
S4882,6.61,Computer Science and Engineering,2,1,1,0,0,23.1,8.6,46.5,2,4,0,81.4,1,MNC,Software Engineer,84.21,81.4,0
S4883,9.68,Electrical and Electronics Engineering,1,0,1,1,0,80.2,8.8,97.9,3,6,0,100.0,1,Mid-size,Software Engineer,70.62,111.4,1
S4884,7.11,Information Technology,3,1,1,0,1,58.9,8.4,43.7,3,3,3,100.0,1,MNC,Software Engineer,78.07,104.2,1
S4885,8.63,Information Technology,1,1,1,0,1,77.1,7.4,71.9,1,4,0,85.5,1,Top Tech,Web Developer,107.11,85.5,0
S4886,9.31,Computer Science and Engineering,1,0,0,0,0,67.2,8.3,48.9,1,4,0,59.4,1,Startup,Web Developer,47.1,59.4,0
S4887,8.63,Electrical and Electronics Engineering,1,0,1,0,1,73.0,9.6,62.6,2,4,0,89.7,1,MNC,Web Developer,79.15,89.7,0
S4888,5.02,Information Technology,3,0,1,0,0,42.6,4.1,88.1,1,6,1,62.0,0,Not placed,Not placed,,62.0,0
S4889,9.56,Mechanical Engineering,2,1,1,1,1,54.4,9.6,52.6,2,2,0,96.3,1,MNC,Web Developer,94.79,96.3,0
S4890,5.28,Computer Science and Engineering,2,1,1,1,0,77.8,7.9,84.5,0,6,0,83.2,1,MNC,Software Engineer,76.19,83.2,0
S4891,7.84,Electrical and Electronics Engineering,2,1,1,0,1,73.4,5.8,50.0,0,2,2,55.0,1,MNC,Analyst,76.62,55.0,0
S4892,6.57,Mechanical Engineering,2,0,0,1,1,31.2,4.1,72.4,0,4,0,48.4,0,Not placed,Not placed,,48.4,0
S4893,7.98,Mechanical Engineering,2,1,1,1,1,95.6,9.7,86.7,2,6,0,100.0,1,Mid-size,Data Scientist,59.15,114.9,1
S4894,6.9,Information Technology,2,1,0,0,0,87.0,5.2,88.9,2,5,1,72.9,1,Startup,Data Scientist,45.8,72.9,0
S4895,9.8,Mechanical Engineering,3,1,1,0,1,21.2,4.8,58.3,1,6,1,81.9,1,Mid-size,Analyst,59.88,81.9,0
S4896,8.83,Mechanical Engineering,3,1,1,0,1,26.2,6.9,52.7,1,3,0,71.2,1,Mid-size,Analyst,65.98,71.2,0
S4897,5.1,Electrical and Electronics Engineering,2,0,1,0,0,15.2,8.5,57.9,0,3,1,50.2,0,Not placed,Not placed,,50.2,0
S4898,5.31,Information Technology,2,1,1,0,1,78.3,8.8,72.2,0,5,0,78.7,1,MNC,Data Scientist,82.28,78.7,0
S4899,8.64,Information Technology,3,1,0,1,0,63.5,5.4,89.6,2,1,3,58.0,1,MNC,Web Developer,75.58,58.0,0
S4900,7.21,Computer Science and Engineering,2,1,1,0,1,78.8,4.6,97.6,0,4,0,65.4,1,Mid-size,Web Developer,61.29,65.4,0
S4901,7.93,Information Technology,1,1,1,1,1,84.1,7.2,90.9,2,4,0,100.0,1,Top Tech,Web Developer,116.64,105.8,1
S4902,7.4,Computer Science and Engineering,1,0,0,1,0,2.6,7.1,99.7,0,2,0,36.8,0,Not placed,Not placed,,36.8,0
S4903,8.32,Electronics and Communication Engineering,3,1,0,1,0,92.5,7.2,78.6,0,4,1,57.6,1,Mid-size,Data Scientist,51.25,57.6,0
S4904,7.27,Information Technology,3,1,0,0,1,85.4,7.1,83.7,1,4,1,69.9,1,MNC,Software Engineer,70.24,69.9,0
S4905,9.43,Mechanical Engineering,2,1,1,0,1,37.3,8.2,76.5,1,5,1,92.1,1,Mid-size,Analyst,71.41,92.1,0
S4906,7.71,Computer Science and Engineering,1,1,1,1,1,21.6,6.6,71.7,1,3,0,84.3,1,MNC,Web Developer,91.04,84.3,0
S4907,6.0,Mechanical Engineering,1,1,1,0,1,80.3,7.9,84.1,1,2,0,72.3,1,Top Tech,Software Engineer,105.03,72.3,0
S4908,5.93,Electronics and Communication Engineering,3,1,0,0,1,84.0,6.4,98.5,3,1,0,71.7,1,Mid-size,Data Scientist,60.42,71.7,0
S4909,6.65,Electronics and Communication Engineering,3,1,1,0,1,60.2,9.8,83.4,1,4,0,87.0,1,MNC,Software Engineer,92.59,87.0,0
S4910,6.31,Information Technology,2,0,1,1,1,74.9,6.4,99.7,0,4,3,68.7,0,Not placed,Not placed,,68.7,0
S4911,8.19,Electronics and Communication Engineering,2,1,1,1,0,53.1,9.0,44.5,0,5,0,85.6,1,Mid-size,Analyst,59.71,85.6,0
S4912,5.01,Electronics and Communication Engineering,3,0,1,0,0,92.7,9.0,56.2,0,1,0,45.0,1,Startup,Web Developer,37.12,45.0,0
S4913,5.64,Electronics and Communication Engineering,3,0,1,0,0,86.0,7.5,74.7,0,5,0,58.2,1,Startup,Data Scientist,46.88,58.2,0
S4914,5.78,Computer Science and Engineering,3,1,0,1,0,77.9,9.3,76.8,1,2,0,71.9,1,MNC,Data Scientist,88.25,71.9,0
S4915,7.8,Computer Science and Engineering,3,0,0,0,1,65.8,7.3,41.9,0,3,0,43.6,1,Startup,Data Scientist,44.1,43.6,0
S4916,5.68,Electronics and Communication Engineering,1,0,0,1,0,17.2,7.3,91.0,2,4,0,69.9,1,Startup,Analyst,50.35,69.9,0
S4917,7.9,Mechanical Engineering,1,1,1,0,0,72.6,8.5,95.5,2,3,1,76.4,1,MNC,Data Scientist,73.35,76.4,0
S4918,8.81,Mechanical Engineering,3,0,0,0,0,20.3,8.7,66.5,1,6,0,70.2,1,Startup,Web Developer,38.74,70.2,0
S4919,7.37,Electronics and Communication Engineering,3,1,1,0,1,25.5,7.7,91.3,0,1,0,62.2,1,Mid-size,Analyst,67.49,62.2,0
S4920,6.79,Civil Engineering,3,0,1,0,0,98.7,8.2,88.9,3,1,0,69.8,1,Startup,Web Developer,44.15,69.8,0
S4921,9.29,Information Technology,1,1,1,0,0,12.3,5.6,88.2,1,5,0,68.7,1,MNC,Software Engineer,81.02,68.7,0
S4922,5.93,Information Technology,1,1,1,0,1,26.8,7.8,52.1,0,4,0,72.4,1,Mid-size,Software Engineer,61.19,72.4,0
S4923,6.05,Mechanical Engineering,1,1,1,0,0,68.3,8.6,96.7,1,5,1,76.4,1,MNC,Data Scientist,88.04,76.4,0
S4924,8.02,Information Technology,2,1,0,0,0,31.5,4.7,58.6,0,6,0,54.3,1,Startup,Software Engineer,39.26,54.3,0
S4925,5.58,Electronics and Communication Engineering,1,0,0,0,0,81.2,6.3,77.9,1,1,0,34.0,0,Not placed,Not placed,,34.0,0
S4926,6.93,Computer Science and Engineering,1,1,1,0,1,17.5,4.2,70.4,1,4,0,74.8,1,MNC,Web Developer,79.08,74.8,0
S4927,7.83,Electrical and Electronics Engineering,3,1,1,1,0,14.7,8.0,72.4,2,5,0,98.9,1,MNC,Web Developer,75.62,98.9,0
S4928,7.26,Electronics and Communication Engineering,2,1,1,1,0,45.2,9.0,90.2,3,2,2,97.2,1,Mid-size,Software Engineer,66.16,97.2,0
S4929,6.2,Information Technology,3,1,1,0,1,47.4,6.0,94.9,3,1,0,84.5,1,MNC,Web Developer,84.26,84.5,0
S4930,9.57,Electrical and Electronics Engineering,2,1,0,1,0,49.7,9.1,75.1,0,2,0,60.9,1,MNC,Web Developer,81.66,60.9,0
S4931,8.15,Electronics and Communication Engineering,2,1,1,0,0,81.5,7.2,84.7,1,3,0,69.9,1,MNC,Analyst,72.29,69.9,0
S4932,9.42,Mechanical Engineering,1,1,0,0,0,85.4,6.8,54.2,0,2,0,36.5,1,Startup,Data Scientist,40.55,36.5,0
S4933,7.96,Information Technology,3,1,1,0,0,26.6,6.9,92.7,3,5,0,97.9,1,Mid-size,Analyst,68.68,97.9,0
S4934,5.36,Civil Engineering,1,0,0,0,0,65.7,6.7,86.5,2,5,0,61.8,1,Startup,Web Developer,40.57,61.8,0
S4935,8.0,Mechanical Engineering,2,1,0,1,0,98.5,9.1,68.3,1,6,0,90.2,1,MNC,Web Developer,82.93,90.2,0
S4936,9.63,Civil Engineering,2,1,0,1,1,91.3,6.6,61.6,3,6,1,100.0,1,MNC,Software Engineer,75.45,108.4,1
S4937,7.03,Mechanical Engineering,2,0,0,1,1,7.2,7.0,73.6,1,3,0,62.4,1,Mid-size,Analyst,59.14,62.4,0
S4938,8.32,Information Technology,1,0,1,0,1,21.6,9.7,87.9,0,1,0,51.8,1,MNC,Analyst,87.44,51.8,0
S4939,5.67,Electrical and Electronics Engineering,3,0,0,0,0,55.1,9.2,87.3,1,5,1,61.6,0,Not placed,Not placed,,61.6,0
S4940,6.24,Electronics and Communication Engineering,3,1,1,1,0,0.3,9.2,53.7,2,2,0,82.9,1,MNC,Web Developer,68.29,82.9,0
S4941,8.38,Information Technology,3,1,1,0,1,90.6,6.7,97.2,0,2,0,64.6,1,Mid-size,Data Scientist,67.51,64.6,0
S4942,9.03,Electrical and Electronics Engineering,2,1,0,1,1,59.0,6.2,64.9,0,5,0,74.0,1,MNC,Data Scientist,77.73,74.0,0
S4943,8.66,Civil Engineering,1,0,1,0,1,14.4,4.9,84.5,3,1,1,65.3,1,Mid-size,Data Scientist,52.53,65.3,0
S4944,8.17,Electrical and Electronics Engineering,2,0,0,0,0,16.4,9.7,84.7,1,5,0,63.6,1,Startup,Data Scientist,34.49,63.6,0
S4945,9.35,Computer Science and Engineering,3,1,1,0,0,10.2,9.4,63.0,1,6,0,92.7,1,MNC,Analyst,85.61,92.7,0
S4946,9.58,Electronics and Communication Engineering,1,1,1,0,0,52.9,5.9,64.4,0,4,2,55.7,1,Mid-size,Analyst,49.23,55.7,0
S4947,9.28,Electronics and Communication Engineering,3,1,0,0,0,22.7,4.9,65.6,0,1,0,28.1,0,Not placed,Not placed,,28.1,0
S4948,6.71,Computer Science and Engineering,3,1,0,0,1,45.0,4.4,84.2,1,6,0,77.2,1,Mid-size,Analyst,51.07,77.2,0
S4949,7.44,Computer Science and Engineering,3,0,0,1,0,59.2,9.5,70.8,1,4,3,66.6,0,Not placed,Not placed,,66.6,0
S4950,7.6,Electronics and Communication Engineering,3,1,0,0,0,90.0,7.9,57.3,1,5,2,64.5,1,Startup,Web Developer,52.63,64.5,0
S4951,9.98,Electrical and Electronics Engineering,1,1,1,1,0,91.7,7.6,70.6,2,6,0,98.3,1,Top Tech,Analyst,117.35,98.3,0
S4952,9.12,Electronics and Communication Engineering,3,0,1,0,1,46.4,7.7,69.9,1,1,2,60.4,0,Not placed,Not placed,,60.4,0
S4953,6.03,Computer Science and Engineering,3,1,0,1,0,66.7,9.4,90.3,0,5,0,68.5,1,MNC,Software Engineer,68.05,68.5,0
S4954,5.98,Civil Engineering,2,0,1,1,0,55.3,9.5,94.5,2,5,0,97.4,1,Mid-size,Web Developer,69.41,97.4,0
S4955,6.69,Electrical and Electronics Engineering,1,0,0,1,1,35.9,4.0,96.3,1,5,0,67.2,1,MNC,Web Developer,72.76,67.2,0
S4956,8.84,Civil Engineering,3,0,0,0,0,40.8,4.2,53.6,0,2,0,19.5,0,Not placed,Not placed,,19.5,0
S4957,7.72,Mechanical Engineering,1,0,0,1,0,93.6,4.0,40.0,2,5,2,70.9,1,Startup,Software Engineer,46.03,70.9,0
S4958,6.36,Electronics and Communication Engineering,1,0,1,0,0,58.0,5.2,64.8,0,3,0,40.0,1,Startup,Data Scientist,42.03,40.0,0
S4959,9.1,Civil Engineering,3,0,1,0,1,52.5,10.0,91.7,0,6,2,79.0,1,MNC,Data Scientist,76.23,79.0,0
S4960,7.93,Information Technology,1,1,1,0,1,3.8,8.1,48.5,1,4,1,83.3,1,MNC,Web Developer,71.93,83.3,0
S4961,5.54,Computer Science and Engineering,1,0,0,0,0,90.4,5.5,95.2,3,1,0,48.9,1,Startup,Web Developer,45.15,48.9,0
S4962,9.72,Civil Engineering,3,1,1,0,0,52.9,5.4,41.6,0,3,0,53.8,1,Mid-size,Software Engineer,55.87,53.8,0
S4963,5.82,Electronics and Communication Engineering,1,1,0,0,0,62.4,6.6,75.3,2,2,2,59.9,1,Startup,Analyst,47.03,59.9,0
S4964,6.51,Information Technology,3,0,0,1,0,46.1,8.1,82.6,1,3,0,63.4,1,Startup,Software Engineer,41.24,63.4,0
S4965,8.63,Electronics and Communication Engineering,3,0,1,0,0,24.6,8.2,74.0,1,2,0,57.1,0,Not placed,Not placed,,57.1,0
S4966,9.18,Electronics and Communication Engineering,3,0,1,0,0,13.6,10.0,60.1,1,1,0,54.8,0,Not placed,Not placed,,54.8,0
S4967,6.51,Information Technology,3,1,1,0,0,94.5,6.0,93.7,2,1,0,67.8,1,Mid-size,Analyst,73.27,67.8,0
S4968,5.7,Mechanical Engineering,1,0,1,0,0,69.5,8.7,57.1,0,3,0,53.1,1,Startup,Web Developer,40.34,53.1,0
S4969,7.81,Electrical and Electronics Engineering,3,0,0,0,1,21.7,5.1,83.3,3,6,0,89.8,1,Startup,Software Engineer,41.78,89.8,0
S4970,5.36,Computer Science and Engineering,1,1,0,1,1,59.9,8.2,89.3,2,6,2,100.0,1,MNC,Data Scientist,92.53,106.1,1
S4971,8.29,Civil Engineering,2,1,1,0,1,40.0,6.6,79.5,0,1,0,51.0,1,Mid-size,Software Engineer,56.26,51.0,0
S4972,9.68,Information Technology,2,0,0,0,0,10.4,6.7,91.8,2,5,2,66.2,0,Not placed,Not placed,,66.2,0
S4973,7.78,Computer Science and Engineering,2,0,0,0,1,1.8,8.7,89.6,0,3,0,53.1,0,Not placed,Not placed,,53.1,0
S4974,9.1,Mechanical Engineering,1,0,0,0,0,31.0,4.7,41.1,2,3,0,49.9,1,Startup,Web Developer,46.74,49.9,0
S4975,8.16,Information Technology,3,1,1,0,0,10.2,4.8,82.1,2,1,1,63.9,1,Mid-size,Software Engineer,60.73,63.9,0
S4976,7.88,Electronics and Communication Engineering,2,1,0,1,1,79.0,5.6,94.2,0,4,1,66.4,1,Mid-size,Analyst,61.48,66.4,0
S4977,5.72,Computer Science and Engineering,2,1,1,0,1,76.3,9.0,54.5,1,4,0,83.9,1,MNC,Web Developer,82.86,83.9,0
S4978,6.55,Mechanical Engineering,3,0,1,0,0,44.9,5.2,63.1,1,6,0,63.7,1,Startup,Software Engineer,42.08,63.7,0
S4979,6.91,Mechanical Engineering,2,1,1,0,0,26.8,8.3,55.7,1,4,1,73.8,1,MNC,Software Engineer,74.38,73.8,0
S4980,8.53,Computer Science and Engineering,1,1,1,0,1,88.6,4.4,82.5,2,3,0,83.1,1,Top Tech,Data Scientist,94.06,83.1,0
S4981,6.89,Civil Engineering,1,1,0,1,1,100.0,5.5,92.1,1,1,0,63.6,1,MNC,Data Scientist,79.77,63.6,0
S4982,5.91,Electronics and Communication Engineering,3,1,0,1,0,9.7,7.8,99.1,1,5,0,75.7,1,Mid-size,Software Engineer,65.48,75.7,0
S4983,8.85,Information Technology,1,0,0,0,1,18.6,7.9,79.5,1,4,0,60.5,1,Startup,Data Scientist,42.52,60.5,0
S4984,5.46,Civil Engineering,2,0,1,0,0,62.1,8.1,54.5,1,1,0,45.0,1,Startup,Web Developer,44.93,45.0,0
S4985,5.98,Computer Science and Engineering,3,1,0,0,0,75.1,7.0,93.6,0,5,2,52.8,0,Not placed,Not placed,,52.8,0
S4986,9.1,Information Technology,2,1,1,0,1,45.0,9.1,64.6,2,6,0,100.0,1,MNC,Data Scientist,93.08,108.9,1
S4987,8.27,Civil Engineering,3,1,1,0,1,99.3,5.0,82.9,1,6,1,80.6,1,Mid-size,Data Scientist,71.99,80.6,0
S4988,7.57,Electronics and Communication Engineering,1,1,1,0,0,34.8,4.9,71.8,1,5,1,74.2,1,Mid-size,Web Developer,71.0,74.2,0
S4989,9.74,Civil Engineering,2,0,1,1,0,67.9,8.2,77.8,2,2,0,77.4,1,MNC,Data Scientist,89.44,77.4,0
S4990,7.17,Electronics and Communication Engineering,1,1,0,0,1,60.3,4.8,99.3,3,2,0,76.7,1,MNC,Analyst,92.41,76.7,0
S4991,9.28,Electrical and Electronics Engineering,1,0,0,0,1,11.0,8.4,48.2,3,1,0,74.7,1,Startup,Data Scientist,44.06,74.7,0
S4992,9.14,Electronics and Communication Engineering,1,1,1,1,0,40.0,9.5,68.0,2,5,2,100.0,1,MNC,Data Scientist,72.76,101.1,1
S4993,5.53,Electronics and Communication Engineering,2,0,0,0,0,92.2,9.3,84.9,1,1,0,39.4,1,Startup,Web Developer,44.68,39.4,0
S4994,9.18,Electronics and Communication Engineering,1,0,0,0,1,48.6,5.5,41.9,1,2,1,48.4,1,Startup,Web Developer,49.73,48.4,0
S4995,6.22,Electronics and Communication Engineering,3,1,1,0,1,16.5,4.2,72.2,0,4,1,57.9,0,Not placed,Not placed,,57.9,0
S4996,6.5,Electronics and Communication Engineering,2,1,1,0,1,29.8,7.9,63.9,1,6,1,92.1,1,MNC,Web Developer,71.52,92.1,0
S4997,7.78,Civil Engineering,3,1,0,0,0,92.8,8.1,85.4,0,2,0,48.2,1,Startup,Data Scientist,46.06,48.2,0
S4998,7.02,Computer Science and Engineering,3,1,0,1,1,92.9,6.3,69.4,0,5,0,70.9,1,Mid-size,Web Developer,55.96,70.9,0
S4999,6.02,Information Technology,3,0,0,0,0,34.3,7.1,52.0,3,4,0,66.5,0,Not placed,Not placed,,66.5,0
S5000,9.26,Mechanical Engineering,1,1,0,1,0,47.3,7.1,73.8,1,2,0,66.2,1,MNC,Web Developer,70.33,66.2,0
S5001,9.15,Electronics and Communication Engineering,3,1,0,0,0,41.4,7.2,57.6,1,2,0,55.4,0,Not placed,Not placed,,55.4,0
S5002,7.42,Civil Engineering,2,1,0,0,1,42.2,8.3,48.9,0,5,0,70.2,1,MNC,Data Scientist,65.94,70.2,0
S5003,5.8,Electronics and Communication Engineering,3,0,0,0,1,63.1,9.8,75.4,2,1,0,65.7,1,Startup,Analyst,48.16,65.7,0
S5004,9.05,Computer Science and Engineering,3,0,1,0,1,3.2,6.3,97.8,1,6,0,76.4,1,Mid-size,Data Scientist,64.3,76.4,0
S5005,9.9,Electronics and Communication Engineering,1,0,1,0,0,48.5,5.4,80.6,1,6,0,65.8,1,Startup,Web Developer,42.28,65.8,0
S5006,8.36,Electronics and Communication Engineering,1,0,1,0,1,94.5,8.6,89.4,1,5,1,79.8,1,MNC,Software Engineer,72.52,79.8,0
S5007,7.78,Mechanical Engineering,3,1,1,0,1,40.6,7.2,72.0,1,5,0,83.7,1,Mid-size,Data Scientist,68.38,83.7,0
S5008,7.28,Electrical and Electronics Engineering,1,1,1,1,1,18.0,8.5,61.5,0,1,1,69.8,1,Mid-size,Web Developer,69.41,69.8,0
S5009,5.01,Mechanical Engineering,2,1,1,1,1,43.3,6.6,50.0,3,4,0,100.0,1,MNC,Analyst,75.59,110.4,1
S5010,7.82,Mechanical Engineering,2,1,0,1,0,20.4,6.5,95.4,1,5,2,73.8,1,Mid-size,Software Engineer,63.27,73.8,0
S5011,6.06,Electronics and Communication Engineering,3,1,1,0,0,92.9,4.0,65.0,0,6,2,57.4,0,Not placed,Not placed,,57.4,0
S5012,8.44,Computer Science and Engineering,3,0,1,0,1,39.1,6.3,68.3,3,1,1,69.2,1,MNC,Analyst,74.01,69.2,0
S5013,9.58,Computer Science and Engineering,1,1,0,0,0,5.1,6.1,57.6,3,1,0,67.6,1,Startup,Web Developer,44.92,67.6,0
S5014,9.63,Electrical and Electronics Engineering,2,0,0,0,1,32.7,9.5,55.4,0,4,1,56.9,0,Not placed,Not placed,,56.9,0
S5015,5.54,Electronics and Communication Engineering,3,0,1,0,0,95.2,7.3,71.9,1,3,0,58.2,1,Startup,Software Engineer,53.43,58.2,0
S5016,7.32,Information Technology,2,0,0,0,0,39.5,6.6,91.2,2,1,1,44.7,1,Startup,Analyst,47.14,44.7,0
S5017,9.5,Information Technology,2,1,0,1,0,93.4,9.1,95.0,1,2,1,67.5,1,MNC,Data Scientist,72.19,67.5,0
S5018,7.11,Computer Science and Engineering,2,1,0,0,1,68.0,4.5,42.0,0,3,1,53.1,0,Not placed,Not placed,,53.1,0
S5019,8.25,Mechanical Engineering,2,1,0,0,0,45.3,5.8,73.2,1,1,0,45.4,1,Startup,Web Developer,49.81,45.4,0
S5020,6.74,Civil Engineering,2,0,0,0,0,7.5,7.8,74.1,1,5,0,58.9,0,Not placed,Not placed,,58.9,0
S5021,8.62,Electrical and Electronics Engineering,1,1,1,1,0,66.7,7.9,89.4,2,3,2,87.8,1,MNC,Analyst,76.4,87.8,0
S5022,8.07,Civil Engineering,2,0,1,1,0,68.2,9.8,53.9,1,5,0,88.3,1,Mid-size,Analyst,66.18,88.3,0
S5023,7.82,Electrical and Electronics Engineering,3,1,0,0,0,69.6,7.2,77.3,0,3,0,46.5,1,Startup,Web Developer,51.23,46.5,0
S5024,9.84,Electronics and Communication Engineering,1,1,0,0,1,30.5,6.5,80.5,0,4,0,62.7,1,MNC,Data Scientist,79.6,62.7,0
S5025,5.68,Mechanical Engineering,1,1,0,0,1,50.0,8.2,88.1,2,1,0,67.6,1,MNC,Web Developer,74.77,67.6,0
S5026,6.03,Electrical and Electronics Engineering,2,1,1,0,0,19.4,5.8,56.8,2,5,2,78.0,1,Mid-size,Web Developer,68.51,78.0,0
S5027,7.44,Mechanical Engineering,1,1,0,0,1,59.5,6.9,46.0,0,2,3,46.6,0,Not placed,Not placed,,46.6,0
S5028,5.47,Information Technology,3,1,1,0,0,93.3,4.4,60.9,1,3,0,56.7,1,Mid-size,Data Scientist,57.2,56.7,0
S5029,9.97,Electronics and Communication Engineering,3,1,1,0,0,86.2,6.0,46.4,0,1,1,39.7,0,Not placed,Not placed,,39.7,0
S5030,5.38,Civil Engineering,3,1,1,0,0,16.6,6.3,94.4,0,3,0,49.3,0,Not placed,Not placed,,49.3,0
S5031,9.3,Information Technology,3,1,1,0,0,3.8,5.5,99.5,1,3,0,63.7,0,Not placed,Not placed,,63.7,0
S5032,5.07,Information Technology,1,1,1,1,0,98.8,6.8,86.0,1,4,0,82.4,1,MNC,Analyst,84.98,82.4,0
S5033,7.5,Computer Science and Engineering,1,0,0,1,1,78.3,4.2,62.9,1,1,2,50.7,1,MNC,Analyst,66.84,50.7,0
S5034,5.13,Information Technology,2,1,1,1,0,64.2,8.2,57.2,1,1,0,65.9,1,MNC,Web Developer,66.5,65.9,0
S5035,6.3,Electrical and Electronics Engineering,1,1,0,1,0,32.0,5.5,76.1,0,5,0,61.0,1,Mid-size,Web Developer,61.61,61.0,0
S5036,7.15,Computer Science and Engineering,3,1,1,1,1,36.8,8.2,59.2,2,5,2,100.0,1,Mid-size,Data Scientist,67.76,109.5,1
S5037,6.89,Information Technology,1,1,1,0,1,7.7,7.8,96.5,1,4,0,82.9,1,MNC,Analyst,83.84,82.9,0
S5038,5.57,Electronics and Communication Engineering,1,1,0,0,1,36.4,9.5,46.5,3,6,0,100.0,1,MNC,Data Scientist,83.81,103.6,1
S5039,7.86,Information Technology,1,1,0,1,1,53.4,5.0,91.9,0,6,1,79.3,1,Mid-size,Web Developer,56.85,79.3,0
S5040,9.88,Computer Science and Engineering,3,1,0,0,0,20.2,8.2,83.4,2,1,0,56.4,1,Startup,Data Scientist,44.45,56.4,0
S5041,7.8,Information Technology,3,1,1,1,1,72.8,7.7,62.0,1,1,0,78.1,1,MNC,Analyst,72.78,78.1,0
S5042,6.09,Computer Science and Engineering,2,0,1,0,0,46.1,5.3,73.7,2,2,0,53.4,1,Startup,Data Scientist,41.0,53.4,0
S5043,5.45,Electronics and Communication Engineering,1,0,1,0,1,71.7,7.4,67.0,1,3,1,72.1,1,MNC,Web Developer,85.24,72.1,0
S5044,5.95,Mechanical Engineering,3,1,1,0,0,40.1,5.1,43.6,2,5,0,83.5,1,Mid-size,Web Developer,67.33,83.5,0
S5045,9.73,Civil Engineering,1,1,0,0,1,1.7,5.0,94.5,0,5,0,63.2,1,Mid-size,Web Developer,53.98,63.2,0
S5046,8.04,Civil Engineering,2,1,1,1,0,2.6,5.7,49.3,0,6,0,73.6,1,MNC,Web Developer,62.54,73.6,0
S5047,9.3,Civil Engineering,1,0,0,0,0,72.7,4.0,86.8,2,3,0,45.5,1,Startup,Software Engineer,40.79,45.5,0
S5048,9.95,Electrical and Electronics Engineering,1,0,0,0,0,50.2,9.6,81.8,1,5,1,60.0,1,Startup,Analyst,42.98,60.0,0
S5049,5.35,Information Technology,2,1,0,1,1,34.0,5.4,79.0,3,1,0,85.6,1,Mid-size,Analyst,69.21,85.6,0
S5050,8.62,Electronics and Communication Engineering,3,1,0,0,0,43.7,6.4,51.0,0,1,0,39.0,0,Not placed,Not placed,,39.0,0
S5051,6.82,Civil Engineering,2,1,0,0,0,0.2,8.2,90.1,1,1,0,50.9,0,Not placed,Not placed,,50.9,0
S5052,5.47,Mechanical Engineering,2,1,1,0,0,23.3,6.3,52.3,2,3,0,76.9,1,Mid-size,Software Engineer,51.16,76.9,0
S5053,8.36,Electronics and Communication Engineering,2,0,0,0,1,52.4,6.1,96.3,3,4,0,75.0,1,Startup,Software Engineer,54.07,75.0,0
S5054,8.62,Information Technology,3,1,0,0,0,72.0,6.7,94.3,1,3,2,54.1,1,Startup,Data Scientist,39.13,54.1,0
S5055,7.97,Information Technology,2,1,1,1,1,31.0,9.8,95.1,1,5,0,100.0,1,Mid-size,Analyst,55.57,104.8,1
S5056,5.09,Electronics and Communication Engineering,3,1,1,1,0,50.0,8.5,46.2,2,2,1,89.9,1,Mid-size,Software Engineer,54.55,89.9,0
S5057,7.77,Mechanical Engineering,3,1,0,0,1,74.5,7.0,74.5,1,3,1,63.4,1,Mid-size,Web Developer,54.12,63.4,0
S5058,7.18,Computer Science and Engineering,3,1,1,0,0,1.9,6.6,56.1,1,1,0,57.0,0,Not placed,Not placed,,57.0,0
S5059,8.1,Information Technology,1,1,0,0,0,99.8,9.9,47.5,0,4,0,61.9,1,Startup,Web Developer,42.58,61.9,0
S5060,9.79,Information Technology,1,1,1,0,0,94.6,4.4,85.6,3,2,0,72.9,1,Mid-size,Data Scientist,75.79,72.9,0
S5061,7.12,Electronics and Communication Engineering,2,0,0,1,0,84.2,7.2,57.0,1,5,0,68.7,1,Startup,Software Engineer,41.75,68.7,0
S5062,9.19,Electronics and Communication Engineering,2,0,0,1,1,80.4,7.4,65.7,3,5,0,99.2,1,MNC,Data Scientist,91.37,99.2,0
S5063,9.1,Electrical and Electronics Engineering,1,0,1,0,0,44.9,6.9,46.2,1,6,0,72.6,1,Startup,Analyst,47.97,72.6,0
S5064,9.3,Electronics and Communication Engineering,2,1,0,1,1,80.7,4.3,93.8,1,5,0,80.0,1,MNC,Web Developer,75.59,80.0,0
S5065,5.8,Computer Science and Engineering,2,1,1,0,1,48.1,9.7,48.4,0,3,2,73.7,1,Mid-size,Web Developer,59.45,73.7,0
S5066,9.87,Information Technology,1,1,1,0,0,59.2,6.7,68.0,0,6,0,69.1,1,MNC,Web Developer,73.46,69.1,0
S5067,8.83,Civil Engineering,3,1,1,0,1,9.7,6.3,91.2,1,6,0,84.6,1,Mid-size,Software Engineer,56.11,84.6,0
S5068,5.27,Electrical and Electronics Engineering,1,1,1,0,0,0.6,5.5,65.7,1,2,0,56.8,1,MNC,Analyst,80.64,56.8,0
S5069,6.99,Civil Engineering,3,0,1,0,0,8.6,8.2,82.7,1,3,0,55.4,1,Startup,Software Engineer,43.68,55.4,0
S5070,9.72,Civil Engineering,2,0,1,0,0,84.2,6.8,42.0,0,5,0,54.0,1,Startup,Software Engineer,49.41,54.0,0
S5071,7.97,Information Technology,2,0,0,0,0,33.8,8.3,63.2,3,5,0,84.6,1,Startup,Data Scientist,40.99,84.6,0
S5072,8.76,Mechanical Engineering,3,1,1,0,0,49.5,5.2,53.7,1,4,0,62.1,1,MNC,Web Developer,89.48,62.1,0
S5073,7.07,Civil Engineering,2,1,0,1,0,15.3,4.5,54.5,0,5,0,53.9,1,Mid-size,Software Engineer,54.64,53.9,0
S5074,5.78,Electrical and Electronics Engineering,3,1,0,0,0,33.9,7.9,60.5,2,4,1,75.4,0,Not placed,Not placed,,75.4,0
S5075,5.25,Civil Engineering,2,1,0,0,0,65.8,8.2,44.5,0,4,2,54.4,0,Not placed,Not placed,,54.4,0
S5076,7.78,Electrical and Electronics Engineering,1,1,1,0,1,80.0,6.4,90.5,0,5,0,73.3,1,Top Tech,Analyst,107.01,73.3,0
S5077,7.43,Electrical and Electronics Engineering,2,1,1,1,1,35.8,6.6,94.2,0,6,0,85.9,1,Mid-size,Software Engineer,63.07,85.9,0
S5078,6.19,Mechanical Engineering,2,0,0,1,0,18.4,8.0,94.0,0,2,1,41.4,0,Not placed,Not placed,,41.4,0
S5079,9.24,Mechanical Engineering,2,0,1,0,1,55.2,7.2,82.1,2,6,0,87.7,1,MNC,Web Developer,89.27,87.7,0
S5080,9.73,Civil Engineering,2,0,1,0,1,34.2,4.4,83.8,2,3,0,66.7,1,MNC,Analyst,74.06,66.7,0
S5081,5.11,Computer Science and Engineering,1,1,1,1,0,65.5,6.8,89.6,0,1,0,53.6,1,MNC,Web Developer,71.51,53.6,0
S5082,9.97,Mechanical Engineering,2,0,0,1,0,46.5,5.3,79.9,1,2,0,50.5,1,Startup,Software Engineer,48.4,50.5,0
S5083,7.42,Information Technology,1,1,1,1,0,24.3,6.1,46.6,1,3,0,70.0,1,MNC,Analyst,77.08,70.0,0
S5084,5.16,Civil Engineering,3,0,0,0,0,84.9,4.2,79.6,0,3,0,29.7,0,Not placed,Not placed,,29.7,0
S5085,9.55,Electronics and Communication Engineering,1,1,1,1,0,3.5,4.1,75.2,1,1,2,60.0,1,MNC,Web Developer,70.3,60.0,0
S5086,5.93,Electrical and Electronics Engineering,1,1,0,0,0,92.0,6.8,89.4,1,5,0,68.5,1,Startup,Web Developer,45.06,68.5,0
S5087,7.75,Electronics and Communication Engineering,1,1,1,0,1,42.1,8.7,85.6,0,1,0,62.3,1,Mid-size,Software Engineer,54.23,62.3,0
S5088,6.15,Electrical and Electronics Engineering,2,1,1,0,0,22.9,8.2,98.8,1,5,2,84.2,1,MNC,Analyst,80.72,84.2,0
S5089,6.89,Computer Science and Engineering,3,0,1,0,0,85.4,8.0,51.7,0,3,0,49.4,1,Startup,Analyst,40.43,49.4,0
S5090,7.37,Electronics and Communication Engineering,2,1,0,0,1,65.0,5.6,48.3,3,3,0,83.7,1,Mid-size,Analyst,70.34,83.7,0
S5091,8.78,Civil Engineering,2,1,0,1,0,64.9,7.1,91.0,1,1,0,53.2,1,MNC,Software Engineer,71.07,53.2,0
S5092,8.36,Mechanical Engineering,2,0,0,0,0,95.9,6.4,59.7,1,6,0,60.3,1,Startup,Data Scientist,42.88,60.3,0
S5093,8.15,Electronics and Communication Engineering,2,1,1,1,0,64.8,9.5,54.2,0,1,0,61.4,1,MNC,Web Developer,89.33,61.4,0
S5094,9.53,Computer Science and Engineering,2,1,1,0,0,6.0,8.4,76.8,2,6,0,97.6,1,MNC,Analyst,68.54,97.6,0
S5095,5.98,Electronics and Communication Engineering,3,0,0,0,1,86.1,5.4,53.4,1,4,0,56.4,1,Startup,Software Engineer,48.04,56.4,0
S5096,5.13,Mechanical Engineering,1,1,1,1,0,82.7,8.8,97.7,1,6,0,99.3,1,MNC,Analyst,78.75,99.3,0
S5097,5.18,Civil Engineering,1,1,1,1,0,46.0,4.2,87.4,0,6,0,69.6,1,MNC,Web Developer,77.57,69.6,0
S5098,5.3,Information Technology,1,1,0,0,1,7.5,6.3,76.9,3,3,1,86.7,1,MNC,Software Engineer,71.39,86.7,0
S5099,5.6,Mechanical Engineering,1,1,1,1,0,62.0,9.1,43.0,1,4,2,83.9,1,MNC,Data Scientist,88.85,83.9,0
S5100,6.64,Civil Engineering,1,0,0,0,0,97.5,5.5,90.2,1,3,0,37.6,1,Startup,Web Developer,41.41,37.6,0
S5101,9.4,Electrical and Electronics Engineering,2,1,0,0,1,7.3,8.2,57.7,1,5,1,80.8,1,MNC,Analyst,78.26,80.8,0
S5102,5.63,Electrical and Electronics Engineering,3,1,1,0,0,24.5,8.0,96.1,2,6,0,91.2,1,MNC,Data Scientist,69.33,91.2,0
S5103,7.64,Civil Engineering,3,0,1,1,1,92.5,6.0,45.3,2,5,0,88.5,1,Mid-size,Web Developer,56.97,88.5,0
S5104,7.39,Computer Science and Engineering,1,1,0,1,1,78.8,6.2,99.1,1,1,0,66.1,1,Top Tech,Analyst,100.79,66.1,0
S5105,8.61,Electronics and Communication Engineering,1,0,0,0,0,81.6,9.0,70.7,1,6,0,69.1,1,Startup,Data Scientist,47.25,69.1,0
S5106,8.46,Mechanical Engineering,3,1,0,0,1,15.5,5.0,72.0,1,4,1,62.8,0,Not placed,Not placed,,62.8,0
S5107,8.21,Civil Engineering,1,1,0,1,0,65.5,9.9,78.1,0,3,0,67.0,1,MNC,Web Developer,79.34,67.0,0
S5108,8.68,Mechanical Engineering,3,1,0,1,1,4.5,4.2,73.1,1,6,0,84.4,1,Mid-size,Software Engineer,62.95,84.4,0
S5109,6.15,Electronics and Communication Engineering,3,0,0,0,0,0.9,8.5,42.4,0,3,0,36.9,0,Not placed,Not placed,,36.9,0
S5110,7.87,Civil Engineering,2,0,1,1,0,32.5,6.6,53.0,2,5,0,79.8,1,MNC,Web Developer,70.48,79.8,0
S5111,7.05,Electrical and Electronics Engineering,1,1,0,0,0,33.5,5.9,86.7,3,5,1,83.3,1,Startup,Data Scientist,45.92,83.3,0
S5112,7.28,Civil Engineering,2,0,0,1,1,91.9,5.2,69.5,0,4,0,52.7,1,MNC,Software Engineer,80.88,52.7,0
S5113,5.67,Electrical and Electronics Engineering,1,0,1,1,1,30.9,5.0,84.6,0,6,1,74.6,1,MNC,Data Scientist,68.4,74.6,0
S5114,8.89,Mechanical Engineering,2,0,0,0,1,32.0,7.0,76.2,2,5,0,72.1,1,Startup,Analyst,44.97,72.1,0
S5115,7.92,Mechanical Engineering,3,0,0,0,0,51.0,4.2,99.5,2,4,0,49.3,1,Startup,Data Scientist,49.22,49.3,0
S5116,9.46,Civil Engineering,1,1,1,0,0,72.1,6.5,49.7,0,4,0,59.4,1,Mid-size,Analyst,62.9,59.4,0
S5117,9.75,Mechanical Engineering,2,0,1,1,1,0.1,8.1,97.3,2,4,0,94.4,1,MNC,Data Scientist,94.14,94.4,0
S5118,9.95,Electrical and Electronics Engineering,2,1,1,0,1,61.0,5.9,77.0,0,1,0,56.6,1,MNC,Data Scientist,79.96,56.6,0
S5119,6.69,Electronics and Communication Engineering,3,1,1,1,0,41.7,4.3,90.2,2,5,0,89.3,1,MNC,Software Engineer,87.34,89.3,0
S5120,5.59,Mechanical Engineering,2,1,1,0,0,74.6,6.4,82.4,0,5,0,60.3,1,Mid-size,Data Scientist,67.44,60.3,0
S5121,8.27,Civil Engineering,2,1,0,0,0,66.5,5.7,80.7,1,2,0,47.2,1,Startup,Analyst,50.3,47.2,0
S5122,9.48,Computer Science and Engineering,2,1,1,0,0,7.0,9.0,54.5,0,5,0,73.6,1,Mid-size,Data Scientist,54.76,73.6,0
S5123,5.82,Computer Science and Engineering,2,1,1,0,0,82.6,7.0,57.0,1,6,0,81.3,1,Mid-size,Data Scientist,61.3,81.3,0
S5124,6.53,Electronics and Communication Engineering,2,0,0,0,0,69.4,9.8,52.6,0,3,0,45.9,0,Not placed,Not placed,,45.9,0
S5125,7.2,Electrical and Electronics Engineering,3,1,0,0,0,26.9,7.6,42.9,2,4,1,77.5,0,Not placed,Not placed,,77.5,0
S5126,6.04,Civil Engineering,2,1,0,0,0,56.6,6.5,57.2,2,3,0,62.7,1,Startup,Software Engineer,45.03,62.7,0
S5127,8.52,Information Technology,1,1,1,0,1,19.9,4.8,94.4,0,3,0,60.0,1,MNC,Software Engineer,73.72,60.0,0
S5128,5.47,Civil Engineering,2,1,0,0,0,9.2,6.1,80.0,0,1,0,32.1,0,Not placed,Not placed,,32.1,0
S5129,8.82,Information Technology,1,1,0,0,0,45.3,8.1,87.3,3,3,0,81.2,1,Startup,Analyst,48.31,81.2,0
S5130,5.35,Civil Engineering,3,0,0,0,0,26.5,7.2,97.0,3,6,0,78.3,1,Startup,Web Developer,38.83,78.3,0
S5131,7.6,Mechanical Engineering,2,1,0,0,0,47.7,7.4,48.1,2,3,0,64.3,1,Startup,Analyst,41.09,64.3,0
S5132,8.56,Mechanical Engineering,2,1,0,0,0,33.7,7.5,93.9,2,2,1,65.3,1,Startup,Web Developer,39.94,65.3,0
S5133,7.34,Mechanical Engineering,1,0,1,0,0,45.1,9.3,70.1,0,4,1,54.6,1,Startup,Analyst,38.94,54.6,0
S5134,6.77,Electronics and Communication Engineering,2,1,0,1,1,11.5,4.0,93.3,0,1,0,43.9,1,Mid-size,Analyst,48.71,43.9,0
S5135,6.04,Electrical and Electronics Engineering,1,0,1,0,0,76.3,9.0,95.0,1,3,1,58.7,1,Startup,Web Developer,51.04,58.7,0
S5136,6.83,Civil Engineering,2,0,1,1,0,94.5,4.4,74.1,3,3,0,82.9,1,MNC,Data Scientist,86.03,82.9,0
S5137,7.67,Mechanical Engineering,3,1,1,0,1,24.0,8.8,96.3,2,2,0,83.3,1,MNC,Data Scientist,75.95,83.3,0
S5138,5.86,Civil Engineering,2,1,1,0,1,43.6,6.8,93.3,2,4,2,92.0,1,MNC,Analyst,80.21,92.0,0
S5139,5.22,Electrical and Electronics Engineering,1,0,1,0,0,81.6,7.4,72.9,0,1,3,37.3,0,Not placed,Not placed,,37.3,0
S5140,9.19,Civil Engineering,3,1,1,0,0,64.0,9.1,69.6,0,2,0,56.7,1,MNC,Software Engineer,84.1,56.7,0
S5141,7.97,Civil Engineering,2,1,0,0,1,81.6,9.3,66.3,2,5,0,96.4,1,MNC,Analyst,79.94,96.4,0
S5142,5.57,Computer Science and Engineering,1,1,0,0,0,33.0,9.7,45.0,2,5,0,84.3,1,Startup,Analyst,45.93,84.3,0
S5143,7.78,Electronics and Communication Engineering,2,0,1,0,1,89.5,8.7,87.8,0,3,0,58.3,1,MNC,Analyst,90.47,58.3,0
S5144,5.34,Electrical and Electronics Engineering,3,1,0,1,0,56.2,6.2,76.4,1,3,0,64.1,1,Mid-size,Web Developer,52.13,64.1,0
S5145,6.92,Computer Science and Engineering,1,0,1,0,0,11.3,4.2,61.3,1,1,1,41.4,0,Not placed,Not placed,,41.4,0
S5146,5.86,Mechanical Engineering,3,1,1,0,0,79.9,8.4,80.4,1,2,1,67.0,1,MNC,Data Scientist,80.82,67.0,0
S5147,6.34,Mechanical Engineering,2,0,0,1,0,60.9,8.6,86.8,1,1,0,54.6,1,Startup,Web Developer,39.4,54.6,0
S5148,6.06,Electrical and Electronics Engineering,1,0,0,0,1,85.3,7.3,95.2,1,1,0,43.1,1,Startup,Analyst,46.63,43.1,0
S5149,7.73,Mechanical Engineering,3,0,0,0,0,65.1,5.1,86.4,1,4,1,44.7,0,Not placed,Not placed,,44.7,0
S5150,9.51,Electrical and Electronics Engineering,1,1,0,1,0,91.4,9.5,74.8,0,6,0,82.6,1,Mid-size,Web Developer,71.21,82.6,0
S5151,8.16,Mechanical Engineering,1,1,0,1,1,67.1,4.6,75.3,0,5,0,66.8,1,MNC,Web Developer,80.34,66.8,0
S5152,6.34,Mechanical Engineering,1,0,1,0,0,25.1,5.2,87.7,2,5,0,68.3,1,Startup,Software Engineer,35.65,68.3,0
S5153,7.82,Electrical and Electronics Engineering,1,0,1,0,0,95.0,5.5,49.7,1,1,0,42.0,1,Startup,Data Scientist,46.53,42.0,0
S5154,9.59,Computer Science and Engineering,3,1,1,1,0,88.0,5.4,51.4,1,5,0,80.7,1,MNC,Analyst,80.91,80.7,0
S5155,9.63,Information Technology,1,1,1,0,0,80.9,7.1,49.8,3,6,1,97.9,1,MNC,Web Developer,82.25,97.9,0
S5156,6.09,Mechanical Engineering,2,1,1,0,1,24.0,6.0,58.5,1,3,0,74.7,1,Mid-size,Analyst,59.35,74.7,0
S5157,5.6,Information Technology,2,0,1,0,0,69.6,5.3,42.6,1,5,2,58.6,0,Not placed,Not placed,,58.6,0
S5158,7.42,Mechanical Engineering,2,1,1,0,1,38.6,6.1,80.8,1,4,0,81.6,1,Mid-size,Analyst,51.06,81.6,0
S5159,6.46,Electronics and Communication Engineering,3,1,0,0,1,89.2,9.0,47.0,3,3,0,90.5,1,Mid-size,Software Engineer,77.63,90.5,0
S5160,7.89,Civil Engineering,3,1,1,0,0,15.9,6.4,68.0,2,2,1,66.2,0,Not placed,Not placed,,66.2,0
S5161,5.66,Civil Engineering,3,1,1,1,1,98.4,4.6,73.2,2,3,1,88.2,1,MNC,Analyst,72.16,88.2,0
S5162,7.36,Mechanical Engineering,3,1,0,1,1,66.2,5.7,53.0,1,2,0,69.3,1,MNC,Web Developer,92.02,69.3,0
S5163,6.17,Information Technology,2,1,1,0,0,96.9,6.8,65.5,0,6,1,66.7,1,MNC,Web Developer,84.1,66.7,0
S5164,6.8,Electrical and Electronics Engineering,2,0,0,0,0,51.4,9.5,88.6,0,1,0,30.2,1,Startup,Web Developer,42.31,30.2,0
S5165,7.16,Information Technology,1,1,1,0,0,25.2,8.9,73.6,2,6,0,100.0,1,Mid-size,Web Developer,69.49,100.2,1
S5166,5.05,Electronics and Communication Engineering,1,1,0,1,1,0.2,9.5,89.8,3,6,0,100.0,1,Mid-size,Analyst,72.07,120.9,1
S5167,6.11,Electrical and Electronics Engineering,3,1,0,0,0,43.2,6.6,87.0,1,5,0,65.0,1,Startup,Data Scientist,45.78,65.0,0
S5168,6.67,Civil Engineering,1,0,0,1,0,80.7,4.4,45.4,1,1,0,34.7,1,Startup,Web Developer,51.45,34.7,0
S5169,8.58,Mechanical Engineering,3,1,1,0,1,30.2,4.0,82.9,0,2,1,54.8,0,Not placed,Not placed,,54.8,0
S5170,5.52,Electrical and Electronics Engineering,2,0,1,1,1,62.6,4.3,53.3,0,6,0,76.4,1,MNC,Web Developer,90.97,76.4,0
S5171,8.41,Information Technology,3,0,1,0,0,68.6,5.1,45.5,1,2,0,46.1,0,Not placed,Not placed,,46.1,0
S5172,7.34,Computer Science and Engineering,3,1,1,0,1,91.4,7.7,85.9,1,1,0,69.2,1,Mid-size,Data Scientist,57.72,69.2,0
S5173,5.89,Information Technology,3,1,1,0,0,70.7,7.2,46.3,3,2,0,78.0,1,MNC,Software Engineer,91.03,78.0,0
S5174,8.86,Mechanical Engineering,3,1,1,0,0,76.0,7.1,89.2,3,5,0,99.5,1,Mid-size,Web Developer,79.77,99.5,0
S5175,6.52,Computer Science and Engineering,2,1,0,0,0,97.9,6.9,97.2,0,5,2,54.6,0,Not placed,Not placed,,54.6,0
S5176,7.62,Mechanical Engineering,1,1,1,1,0,44.2,5.5,74.7,3,3,0,96.4,1,Mid-size,Data Scientist,62.73,96.4,0
S5177,5.54,Mechanical Engineering,3,1,0,0,1,56.8,8.2,77.2,0,2,1,58.1,0,Not placed,Not placed,,58.1,0
S5178,5.83,Electrical and Electronics Engineering,3,1,1,0,1,83.4,4.1,41.2,1,2,1,59.3,1,Mid-size,Software Engineer,58.74,59.3,0
S5179,5.97,Electronics and Communication Engineering,1,1,1,0,1,0.4,6.4,84.6,2,5,0,94.7,1,Mid-size,Web Developer,63.25,94.7,0
S5180,5.01,Mechanical Engineering,3,0,1,0,0,50.5,5.9,77.5,2,3,0,63.6,1,Startup,Data Scientist,47.68,63.6,0
S5181,7.24,Information Technology,2,0,0,0,1,95.0,6.7,41.7,1,1,0,44.9,1,Startup,Analyst,53.77,44.9,0
S5182,5.08,Civil Engineering,1,0,1,0,0,7.9,8.0,51.1,0,1,3,40.1,0,Not placed,Not placed,,40.1,0
S5183,8.65,Information Technology,2,1,0,0,1,25.1,7.5,56.5,2,3,2,80.5,0,Not placed,Not placed,,80.5,0
S5184,6.03,Civil Engineering,1,1,1,0,1,31.8,9.5,81.9,2,5,0,99.6,1,MNC,Analyst,92.25,99.6,0
S5185,9.76,Information Technology,2,0,0,0,0,78.4,5.7,57.3,0,5,0,44.4,1,Startup,Software Engineer,47.38,44.4,0
S5186,6.77,Computer Science and Engineering,1,0,0,0,1,42.5,4.2,97.3,0,6,0,48.2,1,Startup,Web Developer,40.22,48.2,0
S5187,8.24,Electrical and Electronics Engineering,1,0,1,0,0,75.5,9.0,54.0,1,1,0,55.6,1,Startup,Web Developer,44.22,55.6,0
S5188,7.56,Information Technology,1,0,0,1,1,72.5,4.4,94.5,3,4,0,82.0,1,Mid-size,Web Developer,68.85,82.0,0
S5189,8.08,Mechanical Engineering,3,1,1,0,1,75.8,7.4,96.3,2,5,0,100.0,1,MNC,Software Engineer,77.86,100.5,1
S5190,5.97,Mechanical Engineering,2,1,0,0,0,84.6,8.1,92.3,0,1,0,41.5,1,Startup,Data Scientist,49.99,41.5,0
S5191,7.76,Information Technology,2,1,1,1,1,90.7,7.8,80.2,1,3,0,89.8,1,MNC,Software Engineer,90.01,89.8,0
S5192,9.74,Computer Science and Engineering,3,1,1,1,1,70.2,8.7,67.2,0,3,0,83.6,1,MNC,Software Engineer,72.04,83.6,0
S5193,6.88,Civil Engineering,3,1,0,0,0,24.1,8.4,99.1,0,5,0,65.2,0,Not placed,Not placed,,65.2,0
S5194,7.5,Electrical and Electronics Engineering,3,0,0,1,0,54.6,9.6,68.8,0,5,0,59.7,1,Startup,Web Developer,45.63,59.7,0
S5195,7.08,Electrical and Electronics Engineering,1,1,1,1,1,82.1,5.6,65.9,0,3,0,67.9,1,Top Tech,Web Developer,118.91,67.9,0
S5196,6.65,Electronics and Communication Engineering,3,0,0,0,1,18.3,4.1,47.8,2,1,0,51.5,0,Not placed,Not placed,,51.5,0
S5197,9.12,Mechanical Engineering,1,1,1,0,0,69.4,8.9,98.1,1,3,1,74.5,1,MNC,Software Engineer,72.02,74.5,0
S5198,9.15,Electrical and Electronics Engineering,2,1,0,0,0,82.4,7.7,75.4,0,4,0,48.3,1,Startup,Software Engineer,39.49,48.3,0
S5199,8.17,Electronics and Communication Engineering,2,1,1,1,1,21.4,8.2,78.3,0,3,0,81.1,1,MNC,Software Engineer,82.83,81.1,0
S5200,6.61,Electronics and Communication Engineering,2,0,1,1,0,70.8,8.9,64.4,2,4,0,86.1,1,MNC,Web Developer,83.66,86.1,0
S5201,6.3,Electrical and Electronics Engineering,1,1,1,0,1,91.0,5.9,43.0,1,2,0,65.0,1,Top Tech,Software Engineer,110.09,65.0,0
S5202,5.15,Information Technology,2,0,1,1,0,78.4,6.5,63.3,0,2,1,46.2,1,MNC,Software Engineer,71.03,46.2,0
S5203,7.02,Civil Engineering,1,1,0,0,0,34.9,8.2,99.8,1,5,0,66.8,1,Startup,Analyst,41.8,66.8,0
S5204,5.43,Electrical and Electronics Engineering,3,1,0,0,1,20.3,10.0,42.9,0,2,3,64.5,0,Not placed,Not placed,,64.5,0
S5205,9.86,Electronics and Communication Engineering,1,1,0,1,0,45.7,4.0,77.2,1,3,0,53.3,1,MNC,Data Scientist,82.7,53.3,0
S5206,5.69,Electrical and Electronics Engineering,1,1,1,0,0,43.9,9.8,98.0,2,2,0,78.1,1,Mid-size,Analyst,53.82,78.1,0
S5207,5.81,Computer Science and Engineering,2,1,1,1,1,15.9,9.0,60.1,2,1,2,89.6,1,MNC,Software Engineer,79.41,89.6,0
S5208,5.05,Electrical and Electronics Engineering,3,1,0,0,1,36.0,6.4,83.7,2,2,0,66.3,1,MNC,Web Developer,88.75,66.3,0
S5209,6.63,Information Technology,2,0,1,0,1,74.2,4.6,88.8,1,6,0,68.8,1,MNC,Analyst,74.32,68.8,0
S5210,9.48,Electronics and Communication Engineering,3,0,1,1,0,34.6,8.4,82.9,0,2,0,55.1,1,Mid-size,Web Developer,55.56,55.1,0
S5211,7.35,Electronics and Communication Engineering,2,0,0,0,1,75.2,7.4,78.3,1,5,0,63.2,1,Startup,Analyst,52.26,63.2,0
S5212,9.07,Mechanical Engineering,2,1,1,0,0,60.8,6.1,60.8,2,2,0,70.3,1,MNC,Software Engineer,76.86,70.3,0
S5213,5.77,Information Technology,1,1,1,1,1,93.7,6.2,87.7,1,1,2,72.3,1,Top Tech,Analyst,97.03,72.3,0
S5214,9.04,Computer Science and Engineering,1,1,1,1,1,38.4,5.1,46.8,2,2,0,87.3,1,Mid-size,Analyst,60.82,87.3,0
S5215,8.56,Mechanical Engineering,2,1,1,0,1,5.4,9.7,67.2,0,2,0,68.8,1,MNC,Analyst,68.38,68.8,0
S5216,6.28,Electronics and Communication Engineering,3,0,1,0,0,15.6,8.2,58.2,2,3,0,68.4,0,Not placed,Not placed,,68.4,0
S5217,9.15,Information Technology,3,1,0,1,1,64.7,6.1,64.8,0,4,0,63.3,1,MNC,Analyst,88.0,63.3,0
S5218,8.26,Electrical and Electronics Engineering,3,0,1,0,1,53.8,6.0,54.0,1,3,0,65.0,1,MNC,Web Developer,91.47,65.0,0
S5219,5.27,Civil Engineering,2,1,1,1,1,63.9,9.5,79.7,3,6,0,100.0,1,MNC,Data Scientist,79.33,132.1,1
S5220,8.44,Civil Engineering,3,0,0,0,0,27.7,4.3,43.7,2,1,0,38.6,0,Not placed,Not placed,,38.6,0
S5221,10.0,Information Technology,1,1,0,0,0,36.4,6.2,78.4,1,5,0,65.6,1,Startup,Analyst,47.94,65.6,0
S5222,5.31,Electrical and Electronics Engineering,2,1,0,0,1,27.8,6.7,76.9,1,1,0,57.2,1,MNC,Data Scientist,79.13,57.2,0
S5223,8.19,Computer Science and Engineering,1,0,1,1,1,51.1,6.2,59.8,2,1,0,70.0,1,Mid-size,Analyst,56.53,70.0,0
S5224,6.69,Information Technology,3,1,0,0,0,54.9,7.6,67.3,0,4,0,49.2,1,Startup,Software Engineer,42.0,49.2,0
S5225,8.8,Electronics and Communication Engineering,2,1,1,0,0,14.9,9.8,78.5,0,4,0,71.9,1,MNC,Web Developer,79.04,71.9,0
S5226,5.02,Electrical and Electronics Engineering,3,0,1,1,1,31.0,6.6,51.7,2,4,0,85.1,1,MNC,Data Scientist,88.7,85.1,0
S5227,7.2,Electronics and Communication Engineering,3,0,0,0,0,72.0,7.3,54.0,2,1,0,44.0,1,Startup,Data Scientist,45.33,44.0,0
S5228,5.6,Mechanical Engineering,3,0,0,0,0,35.9,8.3,64.5,0,2,0,32.4,0,Not placed,Not placed,,32.4,0
S5229,6.58,Electronics and Communication Engineering,3,1,0,0,0,14.4,7.9,72.7,0,1,1,37.6,0,Not placed,Not placed,,37.6,0
S5230,9.43,Electronics and Communication Engineering,2,1,1,1,0,88.5,9.2,43.6,1,2,0,79.1,1,MNC,Web Developer,88.98,79.1,0
S5231,9.08,Civil Engineering,1,1,1,1,1,16.2,8.9,97.2,2,3,0,100.0,1,Mid-size,Web Developer,53.84,106.1,1
S5232,7.83,Information Technology,2,0,0,0,0,61.1,5.3,57.5,2,6,0,63.8,1,Startup,Web Developer,50.94,63.8,0
S5233,5.9,Computer Science and Engineering,3,0,0,1,1,28.7,6.0,79.8,0,2,1,49.6,0,Not placed,Not placed,,49.6,0
S5234,8.98,Computer Science and Engineering,2,0,1,0,1,50.6,6.3,71.1,1,1,0,57.4,1,Mid-size,Data Scientist,58.06,57.4,0
S5235,9.0,Electronics and Communication Engineering,1,1,1,1,1,72.7,9.1,53.2,0,4,0,84.9,1,MNC,Data Scientist,89.93,84.9,0
S5236,6.91,Information Technology,2,0,0,1,1,91.6,4.7,58.1,1,4,0,67.6,1,MNC,Software Engineer,82.33,67.6,0
S5237,7.46,Civil Engineering,1,1,1,1,0,47.9,7.5,46.8,0,3,0,63.8,1,Mid-size,Analyst,68.03,63.8,0
S5238,6.61,Electrical and Electronics Engineering,2,0,0,0,1,37.8,7.2,56.7,1,6,0,68.8,1,Startup,Software Engineer,41.54,68.8,0
S5239,5.15,Civil Engineering,3,0,0,0,0,84.7,6.1,60.9,0,5,0,42.5,0,Not placed,Not placed,,42.5,0
S5240,5.79,Information Technology,3,1,0,1,0,99.3,6.5,44.3,0,3,1,51.2,1,MNC,Data Scientist,86.07,51.2,0
S5241,7.89,Electronics and Communication Engineering,3,1,1,0,1,47.4,7.8,91.2,0,5,1,76.1,1,MNC,Software Engineer,74.43,76.1,0
S5242,6.92,Electrical and Electronics Engineering,3,0,1,0,1,23.4,5.1,60.8,1,5,1,70.7,0,Not placed,Not placed,,70.7,0
S5243,8.58,Computer Science and Engineering,2,1,0,0,1,95.5,5.6,72.9,0,6,1,71.1,1,Mid-size,Software Engineer,62.23,71.1,0
S5244,5.19,Electronics and Communication Engineering,3,1,1,1,0,28.3,6.4,92.8,2,4,0,89.0,1,MNC,Software Engineer,65.85,89.0,0
S5245,6.91,Computer Science and Engineering,2,1,1,1,1,42.2,6.8,61.6,0,6,2,86.8,1,Mid-size,Data Scientist,71.32,86.8,0
S5246,8.3,Information Technology,2,0,1,0,1,95.3,7.3,96.6,0,3,0,55.5,1,MNC,Data Scientist,93.3,55.5,0
S5247,5.45,Civil Engineering,3,0,0,0,0,7.3,8.6,45.5,0,3,0,45.7,0,Not placed,Not placed,,45.7,0
S5248,9.18,Information Technology,1,0,1,1,0,95.6,6.6,60.7,2,2,1,73.7,1,MNC,Web Developer,94.97,73.7,0
S5249,5.53,Information Technology,1,0,1,0,0,64.5,6.7,98.1,0,1,0,30.6,1,Startup,Analyst,44.23,30.6,0
S5250,8.48,Mechanical Engineering,2,1,1,1,1,16.0,5.3,72.6,2,6,0,100.0,1,MNC,Software Engineer,86.52,105.6,1
S5251,9.79,Civil Engineering,1,1,1,0,0,47.8,4.2,93.0,0,2,0,45.7,1,MNC,Software Engineer,86.38,45.7,0
S5252,8.77,Information Technology,3,0,1,0,1,53.2,5.1,77.4,0,5,0,60.6,1,Mid-size,Analyst,61.54,60.6,0
S5253,8.65,Computer Science and Engineering,1,1,0,0,0,52.6,4.1,88.1,1,3,0,45.3,1,Startup,Data Scientist,43.42,45.3,0
S5254,5.12,Information Technology,3,1,1,0,1,5.2,7.3,57.1,0,4,0,72.8,1,Mid-size,Web Developer,53.7,72.8,0
S5255,9.98,Electrical and Electronics Engineering,1,1,1,0,1,17.6,4.7,53.3,2,6,0,94.4,1,Mid-size,Software Engineer,66.36,94.4,0
S5256,8.6,Electronics and Communication Engineering,3,1,1,0,0,20.9,5.7,89.9,1,6,0,79.4,1,MNC,Software Engineer,76.31,79.4,0
S5257,5.89,Information Technology,2,1,1,0,1,99.1,7.7,56.1,1,3,0,74.1,1,MNC,Software Engineer,87.89,74.1,0
S5258,7.35,Electrical and Electronics Engineering,1,1,0,1,0,57.4,7.1,46.2,0,2,1,55.3,1,MNC,Web Developer,66.48,55.3,0
S5259,6.72,Information Technology,1,1,0,0,1,66.8,8.0,48.0,1,2,0,66.2,1,MNC,Data Scientist,76.68,66.2,0
S5260,6.52,Mechanical Engineering,2,0,1,0,0,69.6,4.2,58.7,0,4,0,42.5,1,Startup,Analyst,42.61,42.5,0
S5261,6.12,Mechanical Engineering,1,0,1,0,0,35.8,9.9,48.6,1,5,1,70.0,1,Startup,Web Developer,48.22,70.0,0
S5262,9.51,Computer Science and Engineering,3,1,0,0,1,56.1,5.3,44.2,1,6,0,72.7,1,MNC,Web Developer,83.46,72.7,0
S5263,7.65,Civil Engineering,1,1,0,0,1,33.9,5.3,73.8,3,6,0,100.0,1,MNC,Web Developer,83.32,100.4,1
S5264,8.89,Computer Science and Engineering,2,1,0,0,0,15.0,5.4,60.0,1,3,1,56.1,1,Startup,Web Developer,41.21,56.1,0
S5265,7.61,Mechanical Engineering,2,1,0,0,0,66.1,7.9,40.0,2,5,3,79.2,1,Startup,Web Developer,42.45,79.2,0
S5266,6.8,Civil Engineering,1,1,1,0,0,44.4,8.3,56.4,2,5,0,94.2,1,MNC,Analyst,86.48,94.2,0
S5267,6.38,Mechanical Engineering,2,0,1,0,1,41.3,9.6,93.4,0,1,0,50.5,1,MNC,Analyst,70.21,50.5,0
S5268,6.26,Civil Engineering,2,1,1,0,1,72.9,9.4,68.5,0,3,1,73.6,1,Mid-size,Analyst,60.77,73.6,0
S5269,7.53,Mechanical Engineering,1,1,0,1,1,43.1,8.6,74.9,0,4,0,71.6,1,Mid-size,Analyst,56.95,71.6,0
S5270,5.36,Electronics and Communication Engineering,3,1,0,0,0,34.4,9.6,70.8,0,5,0,63.1,0,Not placed,Not placed,,63.1,0
S5271,8.04,Mechanical Engineering,3,0,1,0,1,97.3,9.3,83.2,1,2,0,64.9,1,MNC,Analyst,81.92,64.9,0
S5272,8.23,Civil Engineering,2,1,1,0,1,22.1,9.2,94.7,0,2,0,67.2,1,Mid-size,Software Engineer,47.4,67.2,0
S5273,8.77,Information Technology,2,1,1,1,0,3.2,5.1,82.8,0,5,1,70.0,1,Mid-size,Software Engineer,55.4,70.0,0
S5274,7.64,Electronics and Communication Engineering,3,1,1,0,0,29.5,9.5,89.6,0,3,0,67.7,1,Mid-size,Web Developer,54.4,67.7,0
S5275,7.23,Electrical and Electronics Engineering,1,0,1,0,1,90.6,7.4,60.5,2,5,0,85.5,1,MNC,Data Scientist,73.92,85.5,0
S5276,6.17,Computer Science and Engineering,2,0,0,1,1,3.2,5.4,66.5,0,3,1,49.5,0,Not placed,Not placed,,49.5,0
S5277,6.02,Civil Engineering,2,0,0,0,1,59.5,7.4,84.1,0,3,0,48.1,1,Startup,Software Engineer,47.24,48.1,0
S5278,8.22,Electrical and Electronics Engineering,2,1,1,1,0,4.8,9.6,46.7,2,1,2,82.4,1,Mid-size,Data Scientist,63.29,82.4,0
S5279,7.12,Information Technology,1,1,0,0,1,96.5,8.4,98.6,3,5,1,98.2,1,MNC,Data Scientist,95.07,98.2,0
S5280,8.51,Information Technology,2,1,1,0,1,19.7,5.3,56.0,2,5,1,86.6,1,MNC,Analyst,87.3,86.6,0
S5281,7.51,Electronics and Communication Engineering,3,1,1,0,0,13.1,5.0,83.3,0,2,1,46.3,0,Not placed,Not placed,,46.3,0
S5282,5.54,Electrical and Electronics Engineering,1,0,0,0,1,89.1,8.1,74.4,0,5,1,55.1,1,Startup,Analyst,39.89,55.1,0
S5283,7.41,Mechanical Engineering,1,1,0,0,0,75.6,7.3,87.6,1,5,0,63.3,1,Startup,Data Scientist,39.71,63.3,0
S5284,5.91,Electronics and Communication Engineering,1,0,0,0,1,15.8,7.8,90.0,3,6,0,89.4,1,Startup,Data Scientist,38.09,89.4,0
S5285,6.98,Electrical and Electronics Engineering,1,1,1,1,1,7.6,4.3,57.9,2,5,0,94.7,1,MNC,Data Scientist,86.09,94.7,0
S5286,5.75,Mechanical Engineering,3,0,0,1,0,72.9,4.9,64.5,0,5,0,49.5,0,Not placed,Not placed,,49.5,0
S5287,5.39,Information Technology,2,1,1,0,0,31.2,9.4,55.8,3,2,0,91.3,1,Mid-size,Web Developer,62.75,91.3,0
S5288,8.69,Civil Engineering,3,0,1,0,1,98.1,7.9,72.3,1,5,2,77.6,1,MNC,Web Developer,91.57,77.6,0
S5289,8.58,Civil Engineering,2,0,1,0,1,24.3,5.0,43.8,2,3,0,74.4,1,MNC,Data Scientist,75.87,74.4,0
S5290,9.99,Electronics and Communication Engineering,2,0,1,0,1,38.4,9.6,76.6,2,5,0,95.1,1,Mid-size,Analyst,74.93,95.1,0
S5291,8.92,Electronics and Communication Engineering,1,0,0,0,1,69.9,6.1,48.5,2,3,0,62.3,1,Startup,Analyst,51.72,62.3,0
S5292,7.38,Electronics and Communication Engineering,3,1,1,0,1,71.2,5.0,82.6,3,6,0,100.0,1,Mid-size,Analyst,60.97,103.3,1
S5293,7.43,Civil Engineering,2,1,1,0,1,67.6,7.2,89.9,3,2,0,94.9,1,MNC,Web Developer,78.38,94.9,0
S5294,5.33,Electronics and Communication Engineering,2,1,0,0,1,56.2,7.7,77.4,1,3,0,70.0,1,MNC,Web Developer,81.44,70.0,0
S5295,5.38,Electrical and Electronics Engineering,1,0,0,0,1,53.7,6.8,51.5,3,2,1,72.4,1,Startup,Web Developer,50.0,72.4,0
S5296,6.05,Computer Science and Engineering,2,1,1,1,0,28.1,8.6,62.7,3,4,0,100.0,1,MNC,Analyst,69.47,106.1,1
S5297,9.01,Civil Engineering,1,1,1,0,1,50.4,4.1,72.2,0,4,0,65.7,1,MNC,Web Developer,76.83,65.7,0
S5298,8.6,Electronics and Communication Engineering,1,1,0,0,0,10.8,6.1,61.3,3,3,0,72.5,1,Startup,Data Scientist,48.5,72.5,0
S5299,8.76,Information Technology,3,0,0,1,0,8.0,4.6,66.1,1,3,1,47.1,0,Not placed,Not placed,,47.1,0
S5300,5.04,Civil Engineering,2,1,1,0,0,91.4,4.6,53.7,2,2,0,59.0,1,MNC,Analyst,88.31,59.0,0
S5301,5.36,Electronics and Communication Engineering,1,1,1,0,0,97.1,5.5,80.6,1,5,0,74.8,1,Mid-size,Analyst,66.83,74.8,0
S5302,7.19,Electrical and Electronics Engineering,2,1,0,0,1,75.4,9.0,81.8,0,1,0,52.2,1,Mid-size,Analyst,64.11,52.2,0
S5303,8.8,Mechanical Engineering,3,1,0,0,1,27.8,6.1,75.4,1,6,0,82.6,1,Mid-size,Data Scientist,56.84,82.6,0
S5304,6.19,Information Technology,3,1,0,0,0,15.9,8.3,93.9,0,2,0,49.1,0,Not placed,Not placed,,49.1,0
S5305,9.91,Mechanical Engineering,2,0,0,0,1,38.8,5.1,84.3,0,1,0,30.9,1,Startup,Analyst,40.39,30.9,0
S5306,6.33,Computer Science and Engineering,1,1,0,0,1,59.5,6.4,42.2,1,2,0,63.6,1,Mid-size,Data Scientist,68.59,63.6,0
S5307,9.38,Information Technology,2,1,1,0,1,39.9,4.6,91.5,2,5,0,83.8,1,Mid-size,Web Developer,57.47,83.8,0
S5308,7.14,Civil Engineering,3,1,0,0,0,5.8,8.3,90.8,2,4,0,71.1,1,Startup,Web Developer,37.32,71.1,0
S5309,7.61,Computer Science and Engineering,3,0,1,1,0,92.7,7.9,49.8,1,2,0,62.1,1,MNC,Web Developer,74.24,62.1,0
S5310,5.99,Civil Engineering,3,1,0,0,0,56.0,4.3,86.3,2,2,0,54.4,1,Startup,Web Developer,46.15,54.4,0
S5311,7.85,Information Technology,2,1,0,0,0,3.5,5.8,59.6,2,4,0,68.6,1,Startup,Web Developer,50.48,68.6,0
S5312,6.35,Computer Science and Engineering,1,1,0,0,0,20.0,4.6,65.7,1,2,0,48.0,0,Not placed,Not placed,,48.0,0
S5313,7.14,Computer Science and Engineering,3,0,1,1,1,40.9,8.7,73.0,2,1,0,77.0,1,MNC,Analyst,82.0,77.0,0
S5314,7.49,Electronics and Communication Engineering,3,1,1,0,0,44.6,9.9,40.3,0,4,1,65.2,1,MNC,Analyst,81.99,65.2,0
S5315,6.32,Electrical and Electronics Engineering,2,1,0,1,0,12.1,9.9,94.7,1,1,0,68.0,1,MNC,Software Engineer,86.86,68.0,0
S5316,6.1,Electrical and Electronics Engineering,1,1,1,0,1,20.4,7.5,97.7,1,3,0,74.2,1,Mid-size,Software Engineer,70.98,74.2,0
S5317,5.36,Electronics and Communication Engineering,3,1,1,0,0,42.8,5.9,71.1,0,6,0,63.8,1,MNC,Web Developer,73.94,63.8,0
S5318,5.98,Information Technology,1,0,1,1,1,80.9,9.7,57.0,0,3,0,74.2,1,Top Tech,Analyst,97.13,74.2,0
S5319,7.49,Mechanical Engineering,1,1,0,0,0,71.0,9.0,83.5,3,6,0,100.0,1,Startup,Software Engineer,53.27,101.0,1
S5320,9.89,Electrical and Electronics Engineering,1,1,0,0,0,86.1,6.4,77.2,2,4,0,71.7,1,Startup,Analyst,46.68,71.7,0
S5321,6.48,Mechanical Engineering,3,1,1,1,0,67.7,9.6,46.5,1,1,0,70.7,1,MNC,Analyst,77.99,70.7,0
S5322,9.03,Mechanical Engineering,3,1,1,0,1,79.1,8.2,72.2,2,4,0,93.2,1,Mid-size,Analyst,77.77,93.2,0
S5323,7.04,Civil Engineering,1,1,1,0,0,11.5,9.3,80.5,1,2,0,64.4,1,Mid-size,Data Scientist,63.75,64.4,0
S5324,6.69,Computer Science and Engineering,3,0,0,0,1,91.3,4.5,67.7,3,1,0,59.0,1,Startup,Analyst,52.36,59.0,0
S5325,6.93,Electronics and Communication Engineering,2,1,0,0,0,7.0,8.0,88.0,3,6,0,97.9,1,Startup,Data Scientist,42.54,97.9,0
S5326,7.86,Information Technology,2,1,1,1,0,99.8,9.1,77.8,1,5,0,90.0,1,MNC,Web Developer,76.93,90.0,0
S5327,9.85,Information Technology,2,1,1,1,0,73.1,8.5,55.5,3,2,0,93.7,1,MNC,Analyst,72.25,93.7,0
S5328,5.25,Electronics and Communication Engineering,1,1,1,0,0,94.5,7.2,73.4,1,5,0,72.8,1,MNC,Analyst,73.52,72.8,0
S5329,8.52,Electronics and Communication Engineering,3,0,1,1,0,66.1,6.0,46.4,1,6,1,75.3,1,MNC,Software Engineer,92.15,75.3,0
S5330,5.12,Information Technology,1,0,1,0,1,61.4,6.8,90.0,0,5,0,64.4,1,Mid-size,Web Developer,63.47,64.4,0
S5331,8.59,Electrical and Electronics Engineering,2,1,0,0,0,63.9,6.2,48.7,2,4,0,68.2,1,Startup,Web Developer,42.49,68.2,0
S5332,6.43,Computer Science and Engineering,3,0,1,1,0,89.6,7.9,52.1,1,5,0,82.8,1,MNC,Software Engineer,87.87,82.8,0
S5333,8.2,Mechanical Engineering,2,1,1,1,1,13.8,6.3,53.1,0,4,0,78.4,1,MNC,Software Engineer,90.2,78.4,0
S5334,8.46,Mechanical Engineering,2,1,1,0,0,60.4,8.0,55.5,0,3,0,57.4,1,MNC,Software Engineer,83.65,57.4,0
S5335,5.71,Mechanical Engineering,2,0,1,1,1,96.4,6.3,60.4,3,4,0,100.0,1,MNC,Web Developer,86.29,101.7,1
S5336,6.74,Electronics and Communication Engineering,3,1,1,1,0,87.7,5.4,63.0,1,6,0,85.1,1,Mid-size,Analyst,57.93,85.1,0
S5337,9.68,Civil Engineering,1,1,1,0,1,31.1,9.2,80.4,2,2,0,83.1,1,MNC,Software Engineer,73.44,83.1,0
S5338,6.74,Mechanical Engineering,1,0,0,1,1,59.9,5.8,65.7,1,3,0,62.2,1,MNC,Software Engineer,85.5,62.2,0
S5339,5.3,Mechanical Engineering,1,1,1,0,0,64.0,6.1,94.3,2,1,0,67.9,1,MNC,Software Engineer,75.08,67.9,0
S5340,6.64,Mechanical Engineering,2,1,0,0,0,20.2,5.7,96.8,1,5,1,59.0,1,Startup,Data Scientist,48.45,59.0,0
S5341,8.27,Computer Science and Engineering,3,0,0,0,0,56.1,6.5,45.4,0,5,1,44.2,0,Not placed,Not placed,,44.2,0
S5342,9.19,Electrical and Electronics Engineering,2,1,0,1,1,89.0,4.3,61.2,0,3,2,61.8,1,MNC,Web Developer,77.08,61.8,0
S5343,5.65,Electrical and Electronics Engineering,3,1,1,0,1,84.3,9.5,57.1,0,1,0,59.3,1,MNC,Data Scientist,87.67,59.3,0
S5344,8.35,Civil Engineering,2,1,1,0,0,6.2,7.3,79.0,2,5,0,82.4,1,Mid-size,Software Engineer,53.8,82.4,0
S5345,7.87,Information Technology,3,1,1,0,0,2.2,6.8,52.2,3,5,0,93.3,1,Mid-size,Analyst,63.53,93.3,0
S5346,9.79,Electrical and Electronics Engineering,3,0,0,0,0,3.3,8.5,45.8,0,1,0,27.5,0,Not placed,Not placed,,27.5,0
S5347,8.02,Civil Engineering,3,1,0,0,1,39.0,8.3,56.3,1,4,0,70.0,1,Mid-size,Web Developer,59.54,70.0,0
S5348,6.25,Computer Science and Engineering,2,1,0,0,0,85.8,8.5,41.1,0,2,0,47.2,1,Startup,Analyst,42.03,47.2,0
S5349,5.56,Computer Science and Engineering,3,0,0,0,1,25.6,9.7,90.8,0,5,1,59.2,0,Not placed,Not placed,,59.2,0
S5350,5.46,Electrical and Electronics Engineering,1,0,1,1,0,45.9,9.2,87.8,1,5,0,83.3,1,Mid-size,Software Engineer,68.32,83.3,0
S5351,9.91,Information Technology,2,0,0,1,0,81.7,8.0,88.3,1,5,1,69.7,1,Startup,Web Developer,51.76,69.7,0
S5352,6.75,Information Technology,2,1,0,1,0,23.9,5.1,97.2,1,2,0,52.2,1,MNC,Data Scientist,62.68,52.2,0
S5353,7.38,Mechanical Engineering,3,0,1,0,1,61.8,9.2,65.5,1,4,2,74.4,1,Mid-size,Analyst,73.7,74.4,0
S5354,5.77,Mechanical Engineering,2,0,0,0,1,91.6,9.4,40.1,1,4,0,69.5,1,Startup,Data Scientist,52.51,69.5,0
S5355,5.05,Mechanical Engineering,2,1,1,1,0,12.6,9.4,98.9,0,6,0,86.8,1,Mid-size,Data Scientist,63.7,86.8,0
S5356,9.52,Information Technology,1,0,1,0,1,16.8,6.1,45.2,0,2,0,50.4,1,MNC,Data Scientist,69.02,50.4,0
S5357,7.9,Electronics and Communication Engineering,1,0,1,0,0,18.7,4.7,98.9,1,3,0,52.6,1,Startup,Software Engineer,41.9,52.6,0
S5358,7.92,Computer Science and Engineering,3,1,1,0,0,31.6,4.6,63.2,3,1,0,71.2,1,MNC,Software Engineer,82.21,71.2,0
S5359,7.14,Information Technology,3,1,0,0,1,71.2,9.2,47.0,2,6,0,94.0,1,Mid-size,Analyst,66.6,94.0,0
S5360,7.22,Computer Science and Engineering,2,1,1,0,1,78.4,8.2,94.0,1,3,0,78.1,1,MNC,Analyst,92.35,78.1,0
S5361,7.85,Information Technology,3,1,0,0,0,68.3,9.6,52.7,0,2,0,47.7,1,Startup,Data Scientist,48.92,47.7,0
S5362,5.15,Information Technology,2,1,1,0,1,11.1,8.0,77.2,0,4,0,75.0,1,MNC,Data Scientist,74.89,75.0,0
S5363,7.24,Electrical and Electronics Engineering,2,0,1,0,0,24.4,9.7,97.7,1,2,0,62.9,1,Startup,Data Scientist,45.74,62.9,0
S5364,8.04,Information Technology,2,1,1,1,0,28.8,4.6,76.7,0,1,0,49.4,1,MNC,Software Engineer,66.53,49.4,0
S5365,7.73,Information Technology,2,0,0,0,0,33.7,6.9,46.0,3,5,0,73.1,1,Startup,Software Engineer,43.06,73.1,0
S5366,9.53,Electrical and Electronics Engineering,1,1,0,0,1,5.3,4.7,56.7,1,3,0,63.9,1,Mid-size,Web Developer,57.86,63.9,0
S5367,8.96,Civil Engineering,3,1,1,0,0,4.7,4.2,56.9,2,5,0,76.2,1,Mid-size,Data Scientist,70.75,76.2,0
S5368,9.14,Electrical and Electronics Engineering,1,0,1,1,0,98.6,5.1,77.2,2,1,0,63.5,1,MNC,Web Developer,96.1,63.5,0
S5369,8.15,Electrical and Electronics Engineering,2,0,0,1,0,31.8,5.9,93.4,2,2,1,55.0,1,Startup,Data Scientist,40.98,55.0,0
S5370,7.78,Information Technology,2,0,1,0,0,44.7,9.8,93.5,2,1,0,62.4,1,Startup,Software Engineer,49.37,62.4,0
S5371,9.92,Computer Science and Engineering,1,1,1,1,0,2.2,5.0,95.0,0,3,3,64.4,0,Not placed,Not placed,,64.4,0
S5372,8.41,Mechanical Engineering,3,1,1,0,0,67.6,5.8,58.5,0,5,0,67.2,1,Mid-size,Software Engineer,67.59,67.2,0
S5373,7.25,Information Technology,1,1,0,0,0,82.6,7.4,85.8,2,6,0,81.2,1,Startup,Software Engineer,53.68,81.2,0
S5374,6.95,Electrical and Electronics Engineering,3,1,0,0,0,67.1,5.1,92.7,1,6,2,62.0,0,Not placed,Not placed,,62.0,0
S5375,5.98,Mechanical Engineering,2,1,1,1,1,62.9,8.9,64.2,0,3,0,86.6,1,MNC,Analyst,84.41,86.6,0
S5376,5.42,Electrical and Electronics Engineering,1,1,0,1,0,74.7,4.8,83.4,0,2,1,44.2,1,MNC,Data Scientist,83.38,44.2,0
S5377,8.03,Computer Science and Engineering,3,1,1,0,1,80.7,6.9,64.2,3,3,0,96.0,1,MNC,Analyst,76.7,96.0,0
S5378,9.7,Electrical and Electronics Engineering,2,0,1,0,1,38.1,5.6,73.9,2,5,0,79.4,1,Mid-size,Software Engineer,68.36,79.4,0
S5379,5.72,Electrical and Electronics Engineering,1,0,1,1,1,91.2,4.2,49.7,0,1,0,50.7,1,Top Tech,Software Engineer,104.45,50.7,0
S5380,6.02,Electrical and Electronics Engineering,2,1,0,0,1,72.6,5.2,82.8,0,4,0,60.1,1,MNC,Web Developer,76.64,60.1,0
S5381,6.72,Computer Science and Engineering,2,1,1,0,0,81.3,5.3,70.9,3,2,0,78.4,1,Mid-size,Analyst,56.89,78.4,0
S5382,5.03,Electronics and Communication Engineering,1,0,1,1,0,33.4,4.7,93.4,1,4,0,64.7,1,MNC,Web Developer,73.47,64.7,0
S5383,7.14,Civil Engineering,2,1,0,1,0,37.3,7.7,54.8,1,1,2,57.2,0,Not placed,Not placed,,57.2,0
S5384,5.71,Information Technology,3,1,1,1,0,76.9,4.0,71.9,2,6,0,96.5,1,MNC,Software Engineer,68.27,96.5,0
S5385,8.36,Civil Engineering,3,1,1,0,0,26.6,4.3,90.3,0,3,1,47.5,0,Not placed,Not placed,,47.5,0
S5386,6.83,Electrical and Electronics Engineering,2,1,0,0,0,75.9,5.6,44.0,2,6,1,73.6,1,Startup,Software Engineer,40.42,73.6,0
S5387,6.14,Electronics and Communication Engineering,3,1,1,0,1,0.1,7.5,56.9,2,2,0,83.1,1,MNC,Analyst,71.11,83.1,0
S5388,8.39,Computer Science and Engineering,1,0,1,1,0,97.4,5.7,58.5,0,6,0,69.2,1,Mid-size,Data Scientist,50.77,69.2,0
S5389,7.53,Information Technology,3,0,0,0,1,85.0,4.1,88.8,1,3,0,49.0,1,Startup,Software Engineer,43.93,49.0,0
S5390,9.39,Information Technology,3,0,1,0,1,22.8,9.7,85.1,2,5,1,93.6,1,MNC,Data Scientist,87.08,93.6,0
S5391,7.12,Information Technology,3,0,0,0,1,3.3,4.0,76.8,0,2,0,31.4,0,Not placed,Not placed,,31.4,0
S5392,8.1,Electrical and Electronics Engineering,1,1,1,1,0,7.3,8.1,91.2,1,6,0,92.4,1,Mid-size,Software Engineer,53.92,92.4,0
S5393,7.66,Mechanical Engineering,1,0,0,0,1,41.4,5.6,92.8,2,2,0,52.7,1,Startup,Analyst,36.82,52.7,0
S5394,5.39,Electronics and Communication Engineering,3,1,0,0,0,61.3,7.7,55.9,0,2,0,45.9,1,Startup,Web Developer,42.86,45.9,0
S5395,6.47,Information Technology,2,1,0,0,1,25.1,4.8,79.1,1,4,3,61.4,0,Not placed,Not placed,,61.4,0
S5396,6.67,Information Technology,1,1,1,0,1,36.9,8.8,76.1,2,6,2,100.0,1,Mid-size,Data Scientist,53.42,111.4,1
S5397,7.44,Civil Engineering,3,1,0,0,1,21.2,7.1,72.3,3,4,0,88.0,1,MNC,Data Scientist,87.47,88.0,0
S5398,8.41,Electronics and Communication Engineering,1,1,1,1,1,21.1,6.5,57.3,2,2,0,94.3,1,MNC,Data Scientist,91.84,94.3,0
S5399,7.49,Computer Science and Engineering,2,0,1,0,0,99.0,5.3,59.9,1,3,0,47.4,1,Startup,Data Scientist,41.33,47.4,0
S5400,6.52,Electronics and Communication Engineering,2,1,1,1,0,55.4,8.1,81.3,1,4,0,82.3,1,Mid-size,Analyst,69.54,82.3,0
S5401,9.83,Electronics and Communication Engineering,3,0,0,0,0,77.6,8.4,43.3,2,6,0,71.6,1,Startup,Analyst,49.41,71.6,0
S5402,8.64,Computer Science and Engineering,1,0,1,0,1,51.1,9.5,75.1,1,4,3,73.7,1,Mid-size,Analyst,60.83,73.7,0
S5403,8.09,Computer Science and Engineering,2,1,0,0,1,55.2,9.7,41.0,0,1,2,51.4,1,MNC,Software Engineer,65.07,51.4,0
S5404,6.38,Civil Engineering,1,1,0,0,1,29.1,5.6,51.4,0,4,2,53.9,1,MNC,Web Developer,83.65,53.9,0
S5405,7.08,Computer Science and Engineering,3,1,1,0,0,6.3,8.8,57.5,0,3,0,61.5,0,Not placed,Not placed,,61.5,0
S5406,7.52,Electrical and Electronics Engineering,3,0,1,0,0,9.2,7.2,68.1,3,1,0,67.4,0,Not placed,Not placed,,67.4,0
S5407,8.56,Civil Engineering,3,1,0,0,0,79.0,7.0,57.0,2,3,0,66.7,1,Startup,Data Scientist,43.55,66.7,0
S5408,7.48,Information Technology,1,0,0,0,0,53.6,4.8,76.4,1,5,1,49.5,1,Startup,Software Engineer,38.82,49.5,0
S5409,5.07,Electronics and Communication Engineering,1,1,1,1,1,52.6,5.3,80.7,2,6,2,100.0,1,MNC,Software Engineer,90.97,102.9,1
S5410,8.8,Electrical and Electronics Engineering,1,1,1,1,0,71.6,7.9,44.2,0,1,0,62.5,1,MNC,Software Engineer,83.78,62.5,0
S5411,8.64,Electrical and Electronics Engineering,2,0,1,1,0,52.4,8.4,56.8,1,1,0,57.3,1,Mid-size,Web Developer,71.83,57.3,0
S5412,5.79,Mechanical Engineering,2,1,1,0,0,82.9,9.9,49.8,2,5,0,93.4,1,Mid-size,Data Scientist,70.86,93.4,0
S5413,5.02,Mechanical Engineering,3,1,1,0,0,7.9,5.1,69.4,0,6,0,62.6,1,Mid-size,Software Engineer,55.36,62.6,0
S5414,7.07,Electronics and Communication Engineering,2,1,0,0,0,82.0,9.0,60.6,0,4,1,53.0,1,Startup,Web Developer,52.13,53.0,0
S5415,6.16,Electronics and Communication Engineering,1,1,0,1,0,80.7,9.8,98.9,0,2,0,54.6,1,MNC,Analyst,81.2,54.6,0
S5416,8.49,Civil Engineering,3,1,0,0,0,49.7,5.4,53.3,1,6,0,66.2,1,Startup,Analyst,44.35,66.2,0
S5417,7.25,Mechanical Engineering,3,1,1,0,1,12.5,7.5,95.7,0,2,0,59.4,1,Mid-size,Software Engineer,55.23,59.4,0
S5418,9.64,Electrical and Electronics Engineering,2,0,1,0,1,18.3,8.1,94.3,0,2,0,54.0,1,MNC,Data Scientist,74.57,54.0,0
S5419,7.58,Information Technology,1,0,1,0,0,40.9,7.6,99.3,0,5,2,59.1,1,Startup,Data Scientist,49.91,59.1,0
S5420,8.56,Information Technology,1,1,1,0,0,15.1,6.6,71.0,2,4,0,80.0,1,MNC,Software Engineer,83.52,80.0,0
S5421,7.28,Civil Engineering,1,1,0,1,0,73.6,10.0,90.0,1,6,2,92.2,1,MNC,Web Developer,79.63,92.2,0
S5422,5.31,Electronics and Communication Engineering,3,1,0,0,1,35.6,8.4,94.7,2,4,0,88.2,1,MNC,Software Engineer,72.41,88.2,0
S5423,6.02,Information Technology,1,1,0,1,0,83.6,8.8,47.3,1,1,0,62.7,1,Mid-size,Analyst,64.11,62.7,0
S5424,6.25,Information Technology,3,1,1,1,0,75.3,4.8,95.0,0,4,0,63.1,1,Mid-size,Analyst,67.21,63.1,0
S5425,6.49,Electronics and Communication Engineering,3,1,1,1,0,6.0,9.5,94.5,0,3,1,72.8,1,MNC,Web Developer,85.08,72.8,0
S5426,8.85,Civil Engineering,3,1,1,0,0,4.9,9.0,94.6,1,4,0,77.7,1,MNC,Analyst,78.39,77.7,0
S5427,9.7,Information Technology,2,0,1,0,1,55.5,5.1,59.2,2,6,1,88.2,1,MNC,Web Developer,76.78,88.2,0
S5428,6.96,Electronics and Communication Engineering,3,1,0,0,1,78.3,7.5,91.5,3,1,2,75.2,1,Mid-size,Data Scientist,65.71,75.2,0
S5429,9.61,Mechanical Engineering,3,0,1,0,0,36.8,8.6,95.8,1,1,0,52.9,1,Startup,Software Engineer,40.22,52.9,0
S5430,6.11,Civil Engineering,2,1,0,0,0,95.1,6.2,80.7,1,3,0,55.6,1,Startup,Software Engineer,43.11,55.6,0
S5431,6.86,Information Technology,1,1,1,0,0,88.0,8.8,99.9,1,4,0,75.3,1,MNC,Software Engineer,69.6,75.3,0
S5432,5.82,Information Technology,3,0,0,0,1,44.5,5.5,40.8,0,1,1,30.6,0,Not placed,Not placed,,30.6,0
S5433,8.84,Computer Science and Engineering,1,1,0,0,0,83.0,9.9,69.7,0,6,0,69.2,1,Startup,Data Scientist,48.81,69.2,0
S5434,6.31,Electrical and Electronics Engineering,2,0,0,0,0,27.6,5.0,94.1,0,1,0,23.7,0,Not placed,Not placed,,23.7,0
S5435,5.09,Computer Science and Engineering,3,1,1,0,0,44.8,6.5,70.2,0,6,1,67.9,0,Not placed,Not placed,,67.9,0
S5436,6.4,Electrical and Electronics Engineering,2,0,0,1,0,44.8,5.3,77.3,1,1,0,44.8,1,Startup,Analyst,36.22,44.8,0
S5437,5.12,Information Technology,3,1,0,0,0,49.8,4.9,73.0,3,2,0,67.6,0,Not placed,Not placed,,67.6,0
S5438,6.41,Mechanical Engineering,2,1,1,0,0,44.0,9.6,75.2,0,1,0,58.5,1,MNC,Web Developer,65.63,58.5,0
S5439,6.6,Information Technology,2,1,1,0,0,51.2,8.3,75.5,0,5,0,65.8,1,MNC,Analyst,66.43,65.8,0
S5440,9.6,Mechanical Engineering,2,0,0,1,0,44.1,4.6,87.7,2,4,0,66.6,1,Startup,Software Engineer,43.96,66.6,0
S5441,6.42,Civil Engineering,2,0,0,0,0,47.3,8.0,83.5,0,3,0,38.0,1,Startup,Analyst,40.75,38.0,0
S5442,8.39,Electronics and Communication Engineering,1,0,0,0,1,24.0,9.5,44.7,1,2,3,55.6,0,Not placed,Not placed,,55.6,0
S5443,9.77,Electronics and Communication Engineering,2,0,1,0,0,65.5,7.3,54.9,2,6,0,78.9,1,Startup,Web Developer,42.96,78.9,0
S5444,7.96,Mechanical Engineering,2,0,0,0,1,49.4,5.2,82.7,1,5,0,62.4,1,Startup,Software Engineer,39.96,62.4,0
S5445,9.89,Civil Engineering,2,1,0,0,0,53.9,8.5,98.9,2,2,0,61.7,1,Startup,Analyst,50.47,61.7,0
S5446,8.5,Computer Science and Engineering,2,0,0,0,0,74.3,6.2,53.2,3,1,0,58.5,1,Startup,Web Developer,53.77,58.5,0
S5447,7.14,Civil Engineering,1,1,1,0,1,30.5,5.4,44.9,1,2,0,67.3,1,MNC,Data Scientist,70.52,67.3,0
S5448,7.25,Computer Science and Engineering,1,1,0,0,0,74.3,6.8,54.3,2,1,0,53.8,1,Startup,Web Developer,47.34,53.8,0
S5449,9.39,Computer Science and Engineering,1,1,0,0,0,65.2,7.7,98.7,1,5,0,71.8,1,Startup,Analyst,42.83,71.8,0
S5450,7.26,Information Technology,2,0,0,1,1,99.7,6.6,58.2,0,4,1,56.4,1,MNC,Analyst,82.53,56.4,0
S5451,5.28,Electrical and Electronics Engineering,2,0,1,1,0,97.9,6.2,97.6,3,5,0,90.6,1,MNC,Software Engineer,90.22,90.6,0
S5452,9.88,Mechanical Engineering,1,1,0,1,0,53.7,4.6,62.8,0,2,0,46.9,1,MNC,Web Developer,76.75,46.9,0
S5453,8.18,Mechanical Engineering,1,1,0,1,0,44.5,5.7,95.7,0,4,0,57.6,1,MNC,Data Scientist,78.17,57.6,0
S5454,5.77,Civil Engineering,1,0,1,0,0,27.9,9.2,59.3,1,2,1,60.9,1,Startup,Software Engineer,45.42,60.9,0
S5455,7.8,Information Technology,3,1,0,0,0,57.7,7.5,81.0,2,3,3,67.0,0,Not placed,Not placed,,67.0,0
S5456,7.49,Civil Engineering,2,0,0,0,0,14.1,7.6,72.3,3,4,2,77.4,0,Not placed,Not placed,,77.4,0
S5457,8.12,Mechanical Engineering,3,0,1,1,0,96.0,8.6,81.8,1,2,0,61.8,1,MNC,Data Scientist,93.94,61.8,0
S5458,8.24,Mechanical Engineering,3,1,0,0,0,62.5,7.3,45.0,0,1,0,32.8,0,Not placed,Not placed,,32.8,0
S5459,5.77,Mechanical Engineering,1,0,0,0,1,57.2,6.0,87.4,2,2,0,61.2,1,Startup,Analyst,47.13,61.2,0
S5460,5.41,Mechanical Engineering,1,1,0,0,0,74.5,9.3,79.0,1,2,0,59.4,1,Startup,Data Scientist,47.16,59.4,0
S5461,5.08,Electronics and Communication Engineering,1,1,0,0,0,18.7,7.1,94.9,0,2,2,43.7,0,Not placed,Not placed,,43.7,0
S5462,8.38,Computer Science and Engineering,3,1,0,0,1,37.1,5.1,43.2,0,1,0,42.1,1,Mid-size,Data Scientist,64.0,42.1,0
S5463,8.4,Civil Engineering,3,1,1,0,0,34.7,4.2,68.0,0,4,0,55.3,1,Mid-size,Data Scientist,66.07,55.3,0
S5464,7.66,Civil Engineering,1,0,1,0,0,55.6,9.4,97.9,2,4,0,81.5,1,Startup,Web Developer,42.77,81.5,0
S5465,5.94,Information Technology,2,1,0,1,1,13.7,8.4,70.7,3,4,0,100.0,1,Mid-size,Software Engineer,65.07,106.2,1
S5466,7.88,Electrical and Electronics Engineering,2,0,1,1,0,44.2,5.1,54.3,0,3,0,47.5,1,Mid-size,Web Developer,61.69,47.5,0
S5467,8.25,Mechanical Engineering,2,1,0,0,1,63.2,7.8,54.2,3,3,0,92.6,1,Mid-size,Web Developer,70.34,92.6,0
S5468,9.07,Electrical and Electronics Engineering,2,0,1,1,1,93.7,6.2,96.5,0,6,1,78.9,1,MNC,Data Scientist,93.69,78.9,0
S5469,6.05,Civil Engineering,2,1,0,1,0,29.6,4.9,70.5,1,1,0,48.0,1,Mid-size,Software Engineer,59.04,48.0,0
S5470,8.06,Computer Science and Engineering,2,0,1,0,1,87.5,9.3,96.0,1,6,0,90.1,1,Mid-size,Analyst,69.24,90.1,0
S5471,6.19,Information Technology,3,1,0,0,1,8.6,9.2,43.0,0,5,1,76.5,0,Not placed,Not placed,,76.5,0
S5472,9.23,Mechanical Engineering,3,0,1,0,0,24.2,7.8,52.5,1,5,0,70.3,1,Startup,Software Engineer,44.49,70.3,0
S5473,6.17,Computer Science and Engineering,2,1,1,0,0,36.6,7.4,85.0,0,1,0,50.6,1,Mid-size,Data Scientist,68.6,50.6,0
S5474,9.25,Information Technology,2,0,1,1,0,4.2,4.2,98.7,1,5,0,64.3,1,MNC,Data Scientist,84.02,64.3,0
S5475,5.85,Information Technology,2,1,1,0,0,33.1,8.0,72.4,1,1,1,54.8,1,Mid-size,Data Scientist,67.57,54.8,0
S5476,8.42,Civil Engineering,2,1,0,1,0,74.8,5.7,64.9,2,1,0,59.9,1,MNC,Web Developer,85.59,59.9,0
S5477,5.37,Mechanical Engineering,1,0,1,0,1,64.0,6.9,40.0,2,3,0,72.5,1,MNC,Data Scientist,73.92,72.5,0
S5478,9.29,Electronics and Communication Engineering,1,0,0,1,0,52.3,8.5,60.6,2,4,0,75.7,1,Startup,Data Scientist,46.38,75.7,0
S5479,7.93,Electronics and Communication Engineering,1,0,1,0,0,71.2,5.2,55.6,0,1,2,32.9,0,Not placed,Not placed,,32.9,0
S5480,8.51,Electrical and Electronics Engineering,1,1,1,0,1,13.0,6.7,44.9,0,2,2,58.2,1,Mid-size,Data Scientist,48.98,58.2,0
S5481,6.89,Information Technology,2,1,0,1,0,88.2,7.6,75.5,1,4,0,75.1,1,Mid-size,Data Scientist,72.55,75.1,0
S5482,9.39,Civil Engineering,2,1,1,1,0,75.5,7.7,41.6,2,3,0,92.7,1,Mid-size,Analyst,75.41,92.7,0
S5483,6.73,Computer Science and Engineering,3,1,1,0,0,73.1,7.7,96.0,3,1,0,77.6,1,Mid-size,Software Engineer,62.81,77.6,0
S5484,8.63,Mechanical Engineering,2,0,0,1,0,18.6,8.1,55.5,2,3,0,71.4,1,Startup,Software Engineer,40.73,71.4,0
S5485,5.15,Civil Engineering,3,1,0,1,1,70.5,8.0,65.1,3,3,2,100.0,1,MNC,Web Developer,76.03,101.7,1
S5486,5.44,Information Technology,3,0,1,0,1,77.5,6.3,47.8,3,5,0,90.7,1,MNC,Web Developer,77.77,90.7,0
S5487,7.67,Electronics and Communication Engineering,1,1,1,0,1,98.5,6.4,78.6,0,5,1,76.8,1,Top Tech,Web Developer,107.21,76.8,0
S5488,8.69,Information Technology,1,0,0,0,0,70.5,7.5,43.0,3,4,1,75.5,1,Startup,Analyst,55.41,75.5,0
S5489,5.39,Electronics and Communication Engineering,1,0,1,0,1,7.4,8.4,82.1,3,6,0,100.0,1,MNC,Web Developer,76.19,104.7,1
S5490,8.31,Electronics and Communication Engineering,1,0,1,0,0,82.6,8.9,75.2,1,4,1,63.9,1,Startup,Web Developer,48.42,63.9,0
S5491,6.47,Electrical and Electronics Engineering,3,1,0,0,1,46.4,4.6,97.7,0,4,0,58.2,0,Not placed,Not placed,,58.2,0
S5492,5.33,Information Technology,3,1,1,0,0,28.9,9.0,81.9,3,4,0,93.1,1,MNC,Web Developer,74.01,93.1,0
S5493,7.08,Electronics and Communication Engineering,1,1,1,0,0,69.3,7.8,82.5,0,3,0,57.2,1,Mid-size,Software Engineer,70.99,57.2,0
S5494,5.88,Computer Science and Engineering,3,0,0,1,0,74.9,9.7,82.4,2,5,0,86.5,1,Startup,Analyst,43.71,86.5,0
S5495,9.59,Information Technology,3,1,0,0,0,65.4,7.7,55.8,1,2,0,54.9,1,Startup,Web Developer,47.31,54.9,0
S5496,6.29,Civil Engineering,2,1,0,0,0,82.7,8.7,50.5,0,4,2,55.9,0,Not placed,Not placed,,55.9,0
S5497,5.12,Electrical and Electronics Engineering,1,0,0,0,0,87.9,4.3,88.1,1,4,0,38.8,1,Startup,Software Engineer,39.51,38.8,0
S5498,6.17,Electronics and Communication Engineering,3,0,0,0,1,52.5,6.7,99.5,0,3,0,47.6,0,Not placed,Not placed,,47.6,0
S5499,7.35,Civil Engineering,2,1,1,1,0,48.2,8.3,84.0,1,4,0,88.5,1,Mid-size,Analyst,61.9,88.5,0
S5500,5.84,Civil Engineering,3,1,0,0,0,49.4,4.2,67.3,3,3,1,68.0,1,Startup,Analyst,38.26,68.0,0
S5501,8.54,Electrical and Electronics Engineering,3,0,1,0,0,93.8,7.6,85.6,0,5,0,60.8,1,Startup,Analyst,47.51,60.8,0
S5502,5.38,Electronics and Communication Engineering,1,1,0,0,1,64.0,4.6,63.8,0,4,0,49.3,1,Mid-size,Software Engineer,60.89,49.3,0
S5503,7.95,Computer Science and Engineering,3,0,0,1,0,92.7,6.9,88.4,1,3,1,57.7,1,Startup,Web Developer,52.33,57.7,0
S5504,9.04,Information Technology,3,1,0,0,0,53.3,9.2,49.4,1,5,0,75.9,1,Startup,Web Developer,44.27,75.9,0
S5505,8.3,Information Technology,3,1,1,0,0,4.9,7.0,49.5,0,2,0,53.9,0,Not placed,Not placed,,53.9,0
S5506,9.81,Electrical and Electronics Engineering,3,1,1,1,0,39.9,4.4,76.9,2,5,0,88.6,1,Mid-size,Analyst,70.81,88.6,0
S5507,6.41,Computer Science and Engineering,3,1,1,0,0,77.2,9.9,71.8,2,2,1,77.2,1,MNC,Web Developer,85.6,77.2,0
S5508,7.86,Mechanical Engineering,3,1,1,1,0,43.4,5.3,59.9,0,6,1,73.7,1,MNC,Web Developer,85.18,73.7,0
S5509,7.07,Mechanical Engineering,3,1,1,0,1,70.8,9.5,53.9,0,5,0,81.0,1,Mid-size,Web Developer,57.39,81.0,0
S5510,8.13,Computer Science and Engineering,3,0,1,0,0,39.3,5.3,54.4,1,6,0,67.4,1,Startup,Software Engineer,41.11,67.4,0
S5511,9.17,Mechanical Engineering,3,1,0,0,0,46.5,8.2,84.1,1,5,2,70.8,1,Startup,Software Engineer,44.95,70.8,0
S5512,5.29,Mechanical Engineering,1,1,0,0,0,93.1,6.9,52.9,2,6,0,82.2,1,Startup,Software Engineer,50.49,82.2,0
S5513,9.36,Information Technology,2,0,1,1,0,94.9,9.2,43.4,1,3,0,76.7,1,MNC,Web Developer,72.56,76.7,0
S5514,6.83,Electrical and Electronics Engineering,3,0,1,0,0,26.2,8.1,78.9,0,6,0,62.1,0,Not placed,Not placed,,62.1,0
S5515,5.69,Civil Engineering,1,1,1,0,0,34.1,8.1,51.2,3,1,0,77.4,1,MNC,Analyst,75.31,77.4,0
S5516,9.98,Civil Engineering,2,1,1,0,1,55.9,6.8,53.4,3,6,0,100.0,1,Mid-size,Web Developer,78.7,110.9,1
S5517,5.25,Mechanical Engineering,3,1,1,1,0,67.6,4.3,61.1,0,6,0,74.4,1,MNC,Software Engineer,85.56,74.4,0
S5518,8.12,Electrical and Electronics Engineering,3,0,1,0,1,34.8,4.1,53.3,2,6,0,81.1,1,Mid-size,Web Developer,54.2,81.1,0
S5519,5.1,Civil Engineering,1,1,1,0,0,91.2,8.0,98.5,1,1,1,54.5,1,Mid-size,Data Scientist,59.57,54.5,0
S5520,6.28,Mechanical Engineering,1,1,1,0,0,47.5,7.5,47.3,3,1,1,72.7,1,MNC,Software Engineer,72.55,72.7,0
S5521,6.27,Civil Engineering,2,1,1,0,0,29.3,7.2,42.7,1,1,1,58.7,1,MNC,Software Engineer,62.49,58.7,0
S5522,5.22,Electronics and Communication Engineering,2,0,1,1,0,95.7,6.5,50.3,1,6,0,84.2,1,Mid-size,Software Engineer,74.81,84.2,0
S5523,6.81,Civil Engineering,2,0,0,0,1,88.9,4.1,99.2,0,5,0,47.0,1,Startup,Analyst,45.5,47.0,0
S5524,6.23,Electronics and Communication Engineering,3,1,1,1,0,92.9,9.7,85.5,0,5,0,82.2,1,MNC,Analyst,89.67,82.2,0
S5525,6.01,Electronics and Communication Engineering,1,1,0,1,0,12.2,8.6,88.3,2,5,0,92.3,1,Mid-size,Analyst,71.09,92.3,0
S5526,5.51,Electrical and Electronics Engineering,1,0,0,0,1,84.0,7.6,68.8,2,3,0,67.8,1,Startup,Analyst,44.21,67.8,0
S5527,8.0,Electrical and Electronics Engineering,3,1,0,0,0,93.0,7.1,60.4,0,3,1,46.9,0,Not placed,Not placed,,46.9,0
S5528,9.1,Civil Engineering,2,1,1,0,0,49.8,4.1,64.4,3,3,1,80.1,1,MNC,Data Scientist,93.32,80.1,0
S5529,8.42,Information Technology,3,1,0,0,0,87.8,4.3,83.6,0,5,0,50.9,1,Startup,Analyst,42.83,50.9,0
S5530,5.81,Civil Engineering,2,0,1,0,0,51.2,6.3,44.6,1,3,0,51.5,1,Startup,Analyst,48.69,51.5,0
S5531,6.57,Information Technology,2,0,1,0,0,63.1,9.2,83.6,0,6,2,67.3,1,Startup,Software Engineer,41.81,67.3,0
S5532,9.76,Electronics and Communication Engineering,2,1,0,1,0,3.9,6.9,80.2,0,6,0,68.3,1,Mid-size,Data Scientist,55.36,68.3,0
S5533,7.58,Electronics and Communication Engineering,2,1,0,0,0,35.3,5.1,47.7,2,4,0,64.7,1,Startup,Software Engineer,44.0,64.7,0
S5534,9.12,Civil Engineering,1,0,1,1,1,37.7,7.0,50.1,1,6,0,94.1,1,MNC,Web Developer,82.0,94.1,0
S5535,9.16,Electronics and Communication Engineering,3,1,1,0,1,73.3,7.1,86.4,1,5,1,88.5,1,Mid-size,Web Developer,67.48,88.5,0
S5536,9.25,Civil Engineering,1,0,1,0,1,95.4,8.6,53.8,1,6,0,84.9,1,MNC,Web Developer,80.57,84.9,0
S5537,7.57,Information Technology,2,1,1,0,0,99.6,4.4,62.3,0,2,1,42.2,1,MNC,Web Developer,68.81,42.2,0
S5538,9.03,Electronics and Communication Engineering,2,0,1,0,1,50.3,4.9,61.4,1,2,1,56.4,1,MNC,Web Developer,70.75,56.4,0
S5539,6.13,Electronics and Communication Engineering,1,1,0,1,0,89.4,5.9,41.0,0,2,3,48.7,0,Not placed,Not placed,,48.7,0
S5540,6.04,Information Technology,2,0,0,0,0,41.3,5.0,80.0,1,4,0,45.2,1,Startup,Software Engineer,36.12,45.2,0
S5541,6.4,Computer Science and Engineering,1,1,1,1,0,85.6,6.9,72.9,0,3,0,61.5,1,MNC,Analyst,93.89,61.5,0
S5542,8.54,Mechanical Engineering,3,1,1,0,1,21.7,7.2,52.5,0,2,1,61.3,0,Not placed,Not placed,,61.3,0
S5543,7.49,Civil Engineering,3,0,0,0,1,57.9,4.6,53.1,0,1,0,31.5,1,Startup,Analyst,35.32,31.5,0
S5544,5.69,Mechanical Engineering,3,1,0,0,1,12.1,6.1,48.7,3,1,1,71.1,1,Mid-size,Data Scientist,50.04,71.1,0
S5545,9.37,Electrical and Electronics Engineering,3,1,0,0,1,59.8,5.4,80.2,0,2,0,49.9,1,MNC,Software Engineer,89.12,49.9,0
S5546,5.32,Information Technology,1,0,1,1,1,42.5,5.6,87.3,3,6,0,100.0,1,Mid-size,Software Engineer,55.68,107.9,1
S5547,8.13,Civil Engineering,3,1,1,0,0,46.4,9.8,92.8,0,6,2,78.5,1,MNC,Web Developer,73.39,78.5,0
S5548,9.51,Electronics and Communication Engineering,1,1,1,0,0,85.5,5.7,92.0,0,6,0,69.6,1,Mid-size,Analyst,68.02,69.6,0
S5549,6.79,Mechanical Engineering,2,1,1,0,0,20.3,7.0,50.1,1,6,0,79.4,1,MNC,Web Developer,78.69,79.4,0
S5550,9.5,Information Technology,2,0,0,0,1,88.8,6.8,41.8,3,4,0,75.8,1,Startup,Software Engineer,50.6,75.8,0
S5551,7.97,Civil Engineering,2,1,0,0,0,72.7,4.1,42.1,2,1,0,48.3,1,Startup,Software Engineer,43.98,48.3,0
S5552,7.39,Electronics and Communication Engineering,1,0,1,0,0,9.7,4.7,55.2,1,1,0,38.8,1,Startup,Web Developer,36.24,38.8,0
S5553,8.17,Computer Science and Engineering,1,1,0,0,0,21.9,5.8,67.4,1,5,0,64.2,1,Startup,Data Scientist,47.6,64.2,0
S5554,6.67,Civil Engineering,2,1,1,1,0,89.7,6.0,85.0,3,2,0,90.9,1,Mid-size,Software Engineer,72.74,90.9,0
S5555,7.84,Electrical and Electronics Engineering,1,1,0,0,0,76.7,5.4,95.2,1,2,0,49.2,1,Startup,Data Scientist,45.02,49.2,0
S5556,9.01,Information Technology,1,1,1,1,1,56.5,4.4,49.3,1,1,1,67.4,1,Mid-size,Web Developer,67.66,67.4,0
S5557,6.74,Civil Engineering,1,1,0,0,0,92.6,5.4,63.9,0,4,1,42.3,1,Startup,Data Scientist,45.18,42.3,0
S5558,6.85,Computer Science and Engineering,2,1,1,0,0,34.4,8.0,98.6,3,4,1,95.6,1,MNC,Data Scientist,95.6,95.6,0
S5559,5.83,Computer Science and Engineering,3,0,0,0,0,3.9,4.4,68.2,3,3,0,53.4,0,Not placed,Not placed,,53.4,0
S5560,5.05,Electrical and Electronics Engineering,2,1,0,0,1,39.0,6.7,62.5,0,5,0,64.7,1,Mid-size,Web Developer,49.8,64.7,0
S5561,8.13,Mechanical Engineering,3,0,1,0,0,63.1,4.5,68.4,1,1,3,43.2,0,Not placed,Not placed,,43.2,0
S5562,5.94,Mechanical Engineering,1,1,1,0,0,80.9,7.8,64.3,1,5,0,78.2,1,Mid-size,Web Developer,54.88,78.2,0
S5563,8.8,Information Technology,3,0,0,1,0,91.9,8.9,76.6,2,6,1,87.5,1,Startup,Web Developer,47.91,87.5,0
S5564,9.87,Civil Engineering,3,1,0,0,1,42.8,5.9,58.6,0,2,0,43.3,0,Not placed,Not placed,,43.3,0
S5565,9.54,Electrical and Electronics Engineering,3,1,0,1,1,91.5,8.6,90.3,2,6,0,100.0,1,Mid-size,Analyst,56.33,101.2,1
S5566,9.64,Civil Engineering,2,0,0,0,0,36.4,8.7,64.6,1,6,3,68.0,0,Not placed,Not placed,,68.0,0
S5567,7.83,Electronics and Communication Engineering,2,1,1,0,0,52.4,8.8,50.9,0,6,1,74.2,1,Mid-size,Analyst,69.16,74.2,0
S5568,6.47,Electronics and Communication Engineering,1,1,1,1,1,27.2,9.8,85.6,3,4,0,100.0,1,MNC,Analyst,92.2,122.6,1
S5569,8.59,Mechanical Engineering,2,1,0,1,0,2.4,6.1,58.2,0,5,0,61.4,1,Mid-size,Software Engineer,56.17,61.4,0
S5570,9.44,Civil Engineering,1,1,0,0,0,20.8,8.2,50.5,1,2,2,54.6,0,Not placed,Not placed,,54.6,0
S5571,5.71,Electronics and Communication Engineering,3,0,1,0,1,54.3,6.4,52.8,1,6,1,83.1,0,Not placed,Not placed,,83.1,0
S5572,9.37,Information Technology,3,1,1,0,1,34.8,7.5,66.5,2,5,1,98.0,1,MNC,Data Scientist,94.22,98.0,0
S5573,6.55,Computer Science and Engineering,3,0,0,0,0,5.3,7.3,99.3,1,4,1,47.2,0,Not placed,Not placed,,47.2,0
S5574,5.59,Civil Engineering,2,1,0,0,1,30.2,6.8,45.8,0,1,0,46.9,1,MNC,Analyst,77.35,46.9,0
S5575,9.71,Computer Science and Engineering,3,1,1,1,1,41.9,9.0,51.3,1,3,0,95.9,1,Mid-size,Data Scientist,62.82,95.9,0
S5576,6.74,Civil Engineering,2,1,1,0,1,35.5,8.6,79.0,1,2,0,80.6,1,MNC,Data Scientist,83.42,80.6,0
S5577,5.7,Electrical and Electronics Engineering,2,1,1,1,0,47.9,5.5,70.3,0,4,0,64.8,1,MNC,Software Engineer,67.59,64.8,0
S5578,6.18,Electrical and Electronics Engineering,3,0,1,0,0,17.2,6.7,92.2,2,4,0,73.6,1,Startup,Web Developer,44.26,73.6,0
S5579,8.41,Electrical and Electronics Engineering,3,1,0,0,1,81.3,9.3,45.4,2,2,1,77.6,1,MNC,Web Developer,88.25,77.6,0
S5580,6.47,Computer Science and Engineering,1,1,0,1,1,83.1,8.2,65.7,0,6,0,85.8,1,Top Tech,Software Engineer,93.44,85.8,0
S5581,9.65,Mechanical Engineering,2,0,0,1,0,97.8,9.8,60.1,1,1,3,56.0,0,Not placed,Not placed,,56.0,0
S5582,7.12,Mechanical Engineering,3,0,1,1,0,42.9,6.4,67.0,0,4,0,61.7,0,Not placed,Not placed,,61.7,0
S5583,5.77,Computer Science and Engineering,2,1,0,1,0,52.9,9.3,99.4,0,3,0,58.5,1,MNC,Web Developer,85.5,58.5,0
S5584,9.68,Civil Engineering,1,1,1,0,1,2.0,5.0,44.9,2,1,0,72.8,1,MNC,Software Engineer,65.32,72.8,0
S5585,5.89,Civil Engineering,2,0,0,0,0,31.8,7.2,88.3,3,3,0,69.5,1,Startup,Software Engineer,48.59,69.5,0
S5586,6.33,Civil Engineering,2,1,1,1,1,53.4,7.9,92.4,0,5,0,85.8,1,MNC,Analyst,71.45,85.8,0
S5587,9.58,Civil Engineering,1,1,1,0,1,47.5,7.8,57.6,3,6,0,100.0,1,MNC,Web Developer,87.64,108.5,1
S5588,9.64,Electrical and Electronics Engineering,3,0,0,0,0,45.5,7.8,82.4,0,6,0,48.7,1,Startup,Data Scientist,44.92,48.7,0
S5589,8.41,Electrical and Electronics Engineering,1,1,1,0,0,43.6,7.9,79.3,1,1,0,54.2,1,Mid-size,Web Developer,63.65,54.2,0
S5590,5.35,Electronics and Communication Engineering,3,1,1,0,0,65.3,4.4,49.9,1,6,1,72.6,1,MNC,Analyst,72.75,72.6,0
S5591,7.24,Electronics and Communication Engineering,1,0,1,0,1,30.7,6.2,50.3,3,6,1,94.5,1,Mid-size,Web Developer,59.27,94.5,0
S5592,6.9,Information Technology,3,0,1,1,1,58.1,9.9,72.5,0,1,0,64.1,1,MNC,Analyst,80.16,64.1,0
S5593,7.77,Computer Science and Engineering,3,0,1,0,0,64.0,4.5,58.9,3,3,1,73.0,0,Not placed,Not placed,,73.0,0
S5594,9.53,Computer Science and Engineering,3,0,1,1,1,8.4,7.0,93.7,1,2,0,68.5,1,MNC,Analyst,90.75,68.5,0
S5595,6.39,Mechanical Engineering,1,1,1,1,0,76.5,6.9,77.9,1,4,0,84.0,1,Top Tech,Software Engineer,90.7,84.0,0
S5596,6.54,Mechanical Engineering,1,1,1,0,1,73.0,6.2,70.6,0,3,2,60.6,1,MNC,Web Developer,67.81,60.6,0
S5597,9.95,Civil Engineering,1,1,1,0,0,57.0,8.3,80.1,0,5,0,74.1,1,MNC,Data Scientist,93.24,74.1,0
S5598,7.52,Information Technology,3,1,0,0,0,84.7,7.6,67.5,1,4,0,62.3,1,Startup,Data Scientist,47.09,62.3,0
S5599,7.31,Information Technology,1,0,0,0,0,55.3,5.8,49.6,1,1,0,33.7,0,Not placed,Not placed,,33.7,0
S5600,7.53,Civil Engineering,2,1,1,0,0,74.0,8.2,90.1,3,1,0,79.7,1,MNC,Software Engineer,80.42,79.7,0
S5601,5.01,Electronics and Communication Engineering,1,0,0,1,0,62.3,7.6,61.5,0,6,2,62.0,1,Startup,Software Engineer,43.85,62.0,0
S5602,9.57,Electrical and Electronics Engineering,3,0,0,1,1,37.2,4.5,63.2,3,5,1,91.5,1,Mid-size,Web Developer,68.38,91.5,0
S5603,7.77,Electrical and Electronics Engineering,2,1,1,0,0,70.0,4.2,93.7,3,1,0,69.9,1,MNC,Web Developer,93.2,69.9,0
S5604,9.93,Information Technology,2,1,1,0,0,84.1,8.4,97.8,1,4,0,76.1,1,MNC,Data Scientist,96.61,76.1,0
S5605,5.53,Computer Science and Engineering,2,1,0,1,0,99.6,5.1,62.7,0,3,0,46.0,1,Mid-size,Analyst,63.03,46.0,0
S5606,5.92,Information Technology,3,0,0,0,1,0.2,6.4,65.2,2,6,1,76.2,1,Startup,Web Developer,45.08,76.2,0
S5607,5.87,Electronics and Communication Engineering,2,0,0,1,0,44.7,10.0,70.6,2,1,0,67.2,1,Startup,Software Engineer,39.93,67.2,0
S5608,9.83,Information Technology,2,0,1,1,0,51.5,8.8,60.4,1,3,1,75.5,1,Mid-size,Web Developer,52.45,75.5,0
S5609,7.38,Information Technology,1,1,0,0,1,95.8,4.8,94.0,2,1,1,61.7,1,MNC,Analyst,72.1,61.7,0
S5610,8.37,Civil Engineering,3,0,0,0,0,31.7,8.1,68.6,2,5,3,68.5,0,Not placed,Not placed,,68.5,0
S5611,7.26,Computer Science and Engineering,2,0,0,0,0,43.0,4.1,96.4,1,4,0,40.2,0,Not placed,Not placed,,40.2,0
S5612,7.43,Electrical and Electronics Engineering,1,1,1,0,0,0.4,9.1,92.7,0,4,1,63.0,1,MNC,Analyst,83.52,63.0,0
S5613,7.93,Computer Science and Engineering,3,0,0,0,0,77.7,6.2,70.3,0,4,0,34.8,0,Not placed,Not placed,,34.8,0
S5614,5.09,Computer Science and Engineering,3,1,1,0,0,69.2,8.2,59.4,0,3,0,62.6,0,Not placed,Not placed,,62.6,0
S5615,7.94,Computer Science and Engineering,3,0,1,0,1,76.2,7.0,57.9,2,5,0,87.6,1,Mid-size,Analyst,59.82,87.6,0
S5616,8.99,Computer Science and Engineering,1,1,0,0,0,78.4,6.6,82.8,2,2,0,58.1,1,Startup,Software Engineer,45.32,58.1,0
S5617,6.6,Mechanical Engineering,1,1,1,1,0,16.9,9.1,85.8,0,5,0,78.9,1,MNC,Software Engineer,68.68,78.9,0
S5618,5.51,Electronics and Communication Engineering,2,1,1,0,1,38.8,8.3,79.8,1,6,0,96.3,1,Mid-size,Analyst,55.41,96.3,0
S5619,9.09,Computer Science and Engineering,3,1,1,0,1,28.3,4.6,91.3,0,1,1,45.8,1,MNC,Analyst,71.41,45.8,0
S5620,8.22,Computer Science and Engineering,1,1,1,0,1,19.9,8.3,73.4,1,5,3,85.8,1,Mid-size,Data Scientist,56.94,85.8,0
S5621,8.97,Civil Engineering,3,1,1,0,1,58.6,6.5,90.7,2,5,0,94.2,1,Mid-size,Web Developer,73.26,94.2,0
S5622,9.13,Information Technology,3,1,0,0,0,56.8,4.0,79.2,1,4,0,49.0,1,Startup,Data Scientist,51.47,49.0,0
S5623,6.92,Electronics and Communication Engineering,1,1,0,0,0,25.6,7.3,44.8,2,3,0,71.9,1,Startup,Data Scientist,36.94,71.9,0
S5624,6.77,Mechanical Engineering,2,1,1,0,0,83.8,5.2,44.7,2,4,1,80.1,1,Mid-size,Data Scientist,61.47,80.1,0
S5625,9.78,Electrical and Electronics Engineering,3,1,1,0,1,49.0,8.3,46.0,0,5,0,79.9,1,Mid-size,Data Scientist,63.27,79.9,0
S5626,9.96,Mechanical Engineering,1,1,1,1,0,78.7,7.6,97.7,2,6,0,99.8,1,Top Tech,Web Developer,124.13,99.8,0
S5627,6.6,Computer Science and Engineering,3,1,0,0,0,95.1,4.8,48.1,2,3,0,56.5,1,Startup,Software Engineer,52.29,56.5,0
S5628,6.25,Mechanical Engineering,1,0,0,0,0,55.6,7.3,61.7,2,4,1,57.0,1,Startup,Analyst,50.6,57.0,0
S5629,7.94,Electronics and Communication Engineering,1,1,0,0,0,15.1,7.4,60.0,1,5,2,69.0,1,Startup,Analyst,36.5,69.0,0
S5630,7.74,Civil Engineering,1,0,0,0,0,33.3,6.8,74.9,1,3,0,49.5,1,Startup,Data Scientist,43.29,49.5,0
S5631,6.77,Computer Science and Engineering,2,1,1,0,0,59.1,9.4,78.2,2,1,0,70.7,1,Mid-size,Data Scientist,54.9,70.7,0
S5632,5.97,Mechanical Engineering,1,1,1,0,0,15.0,8.8,54.5,0,5,0,73.5,1,MNC,Analyst,81.62,73.5,0
S5633,7.39,Electrical and Electronics Engineering,3,1,1,1,0,5.9,5.3,58.2,1,5,1,79.2,1,Mid-size,Web Developer,64.14,79.2,0
S5634,6.36,Electrical and Electronics Engineering,1,0,1,0,1,24.8,8.0,51.2,1,2,0,62.0,1,MNC,Software Engineer,83.63,62.0,0
S5635,5.19,Electronics and Communication Engineering,1,1,1,0,1,48.8,8.4,72.7,2,2,2,87.0,1,MNC,Analyst,75.13,87.0,0
S5636,8.78,Information Technology,1,1,0,0,1,72.8,9.2,95.4,1,5,1,83.9,1,Mid-size,Web Developer,69.98,83.9,0
S5637,7.1,Information Technology,2,0,1,0,0,41.1,8.1,63.4,0,1,0,41.2,1,Startup,Software Engineer,47.34,41.2,0
S5638,7.97,Electronics and Communication Engineering,1,1,1,0,0,98.3,4.4,68.8,2,5,1,78.3,1,MNC,Web Developer,72.56,78.3,0
S5639,8.07,Civil Engineering,3,1,1,1,0,41.2,4.6,74.9,0,5,0,70.9,1,Mid-size,Software Engineer,68.51,70.9,0
S5640,7.18,Mechanical Engineering,1,0,1,1,0,22.6,9.6,68.1,2,6,1,97.9,1,MNC,Analyst,84.05,97.9,0
S5641,8.24,Mechanical Engineering,3,0,1,0,1,47.4,4.5,74.6,1,4,0,61.4,1,MNC,Web Developer,82.62,61.4,0
S5642,9.14,Mechanical Engineering,3,1,0,0,0,6.5,9.9,92.0,0,3,0,56.2,1,Startup,Data Scientist,40.89,56.2,0
S5643,9.27,Electronics and Communication Engineering,2,0,1,1,0,37.5,5.2,56.1,1,3,0,65.5,1,Mid-size,Data Scientist,62.26,65.5,0
S5644,8.66,Electrical and Electronics Engineering,1,0,1,1,0,30.2,4.6,91.4,2,3,1,65.1,1,Mid-size,Analyst,51.9,65.1,0
S5645,7.3,Civil Engineering,2,0,0,0,1,10.3,4.8,43.5,1,6,3,67.6,0,Not placed,Not placed,,67.6,0
S5646,6.9,Electrical and Electronics Engineering,2,1,1,1,0,24.6,9.9,69.3,1,2,0,83.7,1,Mid-size,Web Developer,68.99,83.7,0
S5647,9.55,Computer Science and Engineering,2,0,1,0,0,51.0,5.6,54.0,3,1,0,63.2,1,Startup,Software Engineer,55.44,63.2,0
S5648,8.33,Electrical and Electronics Engineering,1,0,1,0,1,86.3,7.8,71.0,2,4,0,78.6,1,MNC,Analyst,68.55,78.6,0
S5649,8.4,Mechanical Engineering,2,1,1,1,0,66.0,7.9,79.6,1,4,0,82.8,1,Mid-size,Web Developer,70.52,82.8,0
S5650,8.45,Electronics and Communication Engineering,2,0,1,0,0,86.6,6.7,93.9,1,2,1,54.3,1,Startup,Analyst,47.18,54.3,0
S5651,8.1,Civil Engineering,3,1,1,0,1,1.4,5.5,71.2,2,3,0,80.3,1,MNC,Software Engineer,84.38,80.3,0
S5652,7.14,Mechanical Engineering,1,0,1,0,1,31.6,9.5,55.8,0,5,0,70.0,1,MNC,Data Scientist,80.85,70.0,0
S5653,7.37,Computer Science and Engineering,2,1,1,0,0,30.0,9.1,93.1,2,5,1,90.1,1,MNC,Data Scientist,88.19,90.1,0
S5654,6.55,Civil Engineering,2,0,0,0,0,34.6,7.5,49.7,1,5,0,53.5,0,Not placed,Not placed,,53.5,0
S5655,9.48,Civil Engineering,1,0,0,1,0,77.2,5.6,92.1,0,2,1,35.7,1,Startup,Software Engineer,40.94,35.7,0
S5656,8.03,Computer Science and Engineering,2,1,1,0,1,49.8,7.9,77.3,1,3,0,82.2,1,Mid-size,Web Developer,76.5,82.2,0
S5657,7.69,Information Technology,2,1,1,1,0,47.6,5.4,43.1,1,3,0,70.3,1,MNC,Software Engineer,79.52,70.3,0
S5658,6.01,Civil Engineering,2,1,0,0,0,57.9,7.6,93.9,3,4,0,86.8,1,Startup,Data Scientist,49.03,86.8,0
S5659,5.55,Mechanical Engineering,2,1,0,0,0,80.5,6.5,82.1,1,3,0,51.3,1,Startup,Software Engineer,44.1,51.3,0
S5660,7.0,Information Technology,1,0,0,0,0,30.5,4.9,45.4,3,6,0,76.8,1,Startup,Web Developer,42.77,76.8,0
S5661,6.11,Information Technology,1,1,0,0,0,69.4,7.8,74.5,1,3,0,54.9,1,Startup,Analyst,42.08,54.9,0
S5662,5.39,Computer Science and Engineering,3,1,1,0,0,74.9,9.3,62.0,1,4,2,77.5,0,Not placed,Not placed,,77.5,0
S5663,9.23,Information Technology,2,1,1,0,1,62.2,8.7,68.3,2,2,0,88.3,1,Mid-size,Data Scientist,63.26,88.3,0
S5664,6.8,Mechanical Engineering,3,1,1,0,0,86.4,5.9,40.9,2,1,0,64.1,1,MNC,Software Engineer,83.18,64.1,0
S5665,5.77,Computer Science and Engineering,2,0,1,0,1,16.4,9.9,42.7,2,5,0,95.7,1,MNC,Data Scientist,78.93,95.7,0
S5666,9.52,Civil Engineering,1,0,1,0,0,16.0,8.5,63.6,0,3,0,47.5,1,Startup,Analyst,40.33,47.5,0
S5667,5.91,Computer Science and Engineering,1,1,0,0,0,95.0,9.5,45.1,0,5,1,61.6,1,Startup,Analyst,48.54,61.6,0
S5668,5.3,Information Technology,2,0,1,0,0,39.4,9.2,69.2,0,4,2,58.6,0,Not placed,Not placed,,58.6,0
S5669,6.2,Information Technology,2,1,1,0,1,29.1,6.9,52.8,1,3,2,72.9,0,Not placed,Not placed,,72.9,0
S5670,6.34,Electrical and Electronics Engineering,1,0,0,0,0,28.3,8.3,98.2,0,4,0,42.6,0,Not placed,Not placed,,42.6,0
S5671,9.59,Information Technology,1,0,0,0,1,35.8,4.4,90.2,2,5,0,71.9,1,Startup,Data Scientist,40.76,71.9,0
S5672,7.15,Mechanical Engineering,3,1,0,0,1,19.2,8.5,96.0,0,3,1,61.2,0,Not placed,Not placed,,61.2,0
S5673,7.48,Electronics and Communication Engineering,2,1,1,0,0,88.7,4.2,80.3,0,3,1,51.3,1,MNC,Analyst,79.26,51.3,0
S5674,9.59,Information Technology,3,0,0,1,1,8.1,6.8,69.7,0,3,1,57.9,0,Not placed,Not placed,,57.9,0
S5675,6.86,Civil Engineering,2,1,1,0,0,14.3,9.4,56.0,0,3,0,63.7,1,MNC,Web Developer,84.77,63.7,0
S5676,6.93,Civil Engineering,1,1,0,1,1,94.7,8.9,74.5,0,2,0,67.3,1,MNC,Web Developer,78.85,67.3,0
S5677,5.91,Electrical and Electronics Engineering,2,0,1,0,0,7.1,4.1,58.4,2,3,1,56.4,0,Not placed,Not placed,,56.4,0
S5678,8.57,Electronics and Communication Engineering,1,1,0,0,1,92.5,8.0,98.0,0,6,2,69.0,1,MNC,Web Developer,92.42,69.0,0
S5679,7.81,Electronics and Communication Engineering,3,1,1,0,0,6.6,9.3,72.8,1,5,0,87.6,1,Mid-size,Software Engineer,69.38,87.6,0
S5680,8.73,Civil Engineering,3,1,1,0,0,76.9,4.3,59.7,0,1,2,34.7,0,Not placed,Not placed,,34.7,0
S5681,5.74,Electrical and Electronics Engineering,1,1,1,0,0,92.7,7.0,67.2,0,6,1,70.4,1,Mid-size,Web Developer,54.24,70.4,0
S5682,5.34,Information Technology,3,1,0,1,1,85.4,7.0,70.5,3,5,0,100.0,1,Mid-size,Data Scientist,73.55,105.0,1
S5683,5.36,Computer Science and Engineering,3,1,0,0,1,14.2,8.5,60.4,0,2,2,54.2,0,Not placed,Not placed,,54.2,0
S5684,8.08,Computer Science and Engineering,1,1,0,1,1,47.5,6.4,74.5,0,5,1,74.4,1,MNC,Data Scientist,89.36,74.4,0
S5685,6.45,Electrical and Electronics Engineering,1,1,0,0,0,9.5,6.6,78.9,1,5,0,61.7,1,Startup,Data Scientist,42.71,61.7,0
S5686,6.72,Mechanical Engineering,2,0,1,0,1,20.8,4.4,94.7,0,3,0,45.0,0,Not placed,Not placed,,45.0,0
S5687,7.89,Information Technology,3,1,1,1,1,90.1,5.8,45.4,2,3,1,93.4,1,Mid-size,Analyst,65.12,93.4,0
S5688,9.96,Civil Engineering,3,0,0,0,0,14.8,6.0,53.2,2,3,0,49.5,1,Startup,Web Developer,43.79,49.5,0
S5689,6.36,Electronics and Communication Engineering,3,1,1,0,0,32.9,6.9,56.6,2,3,1,76.0,1,MNC,Analyst,74.39,76.0,0
S5690,6.05,Electronics and Communication Engineering,3,1,1,0,0,67.4,9.3,49.6,0,6,1,77.3,1,Mid-size,Analyst,71.05,77.3,0
S5691,6.37,Computer Science and Engineering,1,1,1,0,0,10.4,9.1,60.5,2,6,0,96.2,1,Mid-size,Web Developer,55.1,96.2,0
S5692,9.89,Information Technology,1,0,1,0,1,34.8,9.4,65.7,2,4,0,90.1,1,MNC,Web Developer,69.54,90.1,0
S5693,9.74,Information Technology,1,1,1,0,1,51.7,7.2,74.6,2,5,2,93.4,1,MNC,Software Engineer,70.68,93.4,0
S5694,5.91,Electrical and Electronics Engineering,2,0,1,1,0,34.3,5.8,92.9,0,5,0,67.4,1,MNC,Software Engineer,75.68,67.4,0
S5695,5.56,Computer Science and Engineering,1,1,1,0,1,28.5,9.4,73.6,1,1,1,69.6,1,MNC,Software Engineer,84.37,69.6,0
S5696,8.47,Electrical and Electronics Engineering,1,1,0,0,0,38.1,9.0,60.3,1,6,0,76.1,1,Startup,Software Engineer,47.99,76.1,0
S5697,8.51,Civil Engineering,1,1,0,0,0,6.8,4.5,82.1,0,2,1,34.1,0,Not placed,Not placed,,34.1,0
S5698,6.46,Information Technology,2,1,1,0,0,62.0,6.0,65.1,0,3,0,56.1,1,MNC,Analyst,79.35,56.1,0
S5699,8.73,Electrical and Electronics Engineering,3,1,0,0,1,50.5,5.4,80.7,1,4,1,63.1,0,Not placed,Not placed,,63.1,0
S5700,6.22,Information Technology,2,1,0,0,0,94.3,4.8,94.0,1,1,0,37.8,1,Startup,Software Engineer,46.9,37.8,0
S5701,7.59,Civil Engineering,3,1,1,0,1,15.5,5.2,77.1,2,1,1,67.3,1,Mid-size,Data Scientist,65.98,67.3,0
S5702,8.43,Information Technology,3,1,1,1,0,6.8,5.2,49.1,1,6,0,86.0,1,MNC,Analyst,67.37,86.0,0
S5703,7.88,Computer Science and Engineering,3,0,0,0,0,94.5,7.2,69.0,1,2,0,44.1,1,Startup,Software Engineer,50.37,44.1,0
S5704,5.13,Information Technology,2,1,0,0,1,46.2,8.2,51.6,1,6,1,81.0,1,MNC,Analyst,76.11,81.0,0
S5705,9.55,Information Technology,2,0,1,0,0,97.2,6.9,92.7,2,2,0,62.5,1,Startup,Web Developer,53.99,62.5,0
S5706,6.33,Information Technology,3,0,1,0,0,48.3,8.4,99.7,1,2,0,56.8,1,Startup,Software Engineer,47.5,56.8,0
S5707,5.86,Electrical and Electronics Engineering,2,1,1,1,0,62.8,8.4,76.0,2,1,0,80.9,1,Mid-size,Data Scientist,51.22,80.9,0
S5708,9.61,Electronics and Communication Engineering,3,1,0,0,1,24.9,4.3,85.3,3,1,2,70.2,0,Not placed,Not placed,,70.2,0
S5709,9.93,Computer Science and Engineering,1,1,0,0,1,19.3,5.4,61.5,1,5,0,67.5,1,MNC,Data Scientist,70.31,67.5,0
S5710,7.66,Civil Engineering,1,1,1,0,1,36.1,8.8,93.8,3,4,3,100.0,1,MNC,Analyst,80.27,105.6,1
S5711,7.38,Civil Engineering,3,1,0,1,0,18.3,4.1,92.2,0,1,2,35.6,0,Not placed,Not placed,,35.6,0
S5712,5.52,Electrical and Electronics Engineering,1,1,1,0,1,72.4,6.9,91.9,0,4,0,67.0,1,MNC,Web Developer,72.61,67.0,0
S5713,6.65,Computer Science and Engineering,1,1,0,0,1,34.2,4.8,92.6,3,3,0,77.4,1,Mid-size,Analyst,59.69,77.4,0
S5714,5.66,Mechanical Engineering,1,1,1,1,0,6.4,6.1,84.8,0,4,0,72.5,1,MNC,Data Scientist,84.61,72.5,0
S5715,7.73,Mechanical Engineering,2,1,0,0,0,83.8,9.8,95.8,1,5,1,71.3,1,Startup,Software Engineer,53.17,71.3,0
S5716,9.48,Computer Science and Engineering,3,1,0,0,1,3.3,5.6,77.2,1,3,0,57.8,1,MNC,Software Engineer,69.84,57.8,0
S5717,7.71,Electrical and Electronics Engineering,3,1,1,1,1,11.9,7.5,80.7,0,2,0,71.3,1,MNC,Software Engineer,73.4,71.3,0
S5718,7.69,Mechanical Engineering,3,1,0,1,0,64.5,4.2,93.5,1,5,0,67.4,1,Mid-size,Data Scientist,66.23,67.4,0
S5719,9.54,Civil Engineering,2,0,1,1,1,24.9,9.2,57.6,1,4,2,91.3,1,MNC,Analyst,72.61,91.3,0
S5720,6.96,Computer Science and Engineering,1,1,1,0,0,98.6,4.9,98.8,1,6,0,75.9,1,MNC,Software Engineer,70.95,75.9,0
S5721,7.61,Civil Engineering,1,1,0,0,1,67.9,9.1,93.7,1,6,1,89.2,1,MNC,Software Engineer,82.08,89.2,0
S5722,5.5,Electrical and Electronics Engineering,1,1,0,1,1,9.4,8.2,83.9,0,5,1,84.0,1,MNC,Software Engineer,80.35,84.0,0
S5723,5.65,Electrical and Electronics Engineering,3,1,0,0,0,48.9,4.1,68.5,1,1,1,41.9,0,Not placed,Not placed,,41.9,0
S5724,5.35,Computer Science and Engineering,1,1,1,0,0,44.1,5.8,77.5,0,2,0,43.6,1,MNC,Software Engineer,81.33,43.6,0
S5725,6.42,Mechanical Engineering,3,1,0,0,0,30.4,9.5,48.9,1,2,2,62.7,0,Not placed,Not placed,,62.7,0
S5726,9.72,Computer Science and Engineering,1,0,1,0,0,7.9,5.8,92.4,0,4,0,47.5,1,Startup,Web Developer,45.2,47.5,0
S5727,6.91,Mechanical Engineering,3,1,1,0,1,80.5,7.6,70.7,1,2,0,68.2,1,Mid-size,Web Developer,64.19,68.2,0
S5728,8.6,Electronics and Communication Engineering,3,0,1,1,1,60.4,8.3,54.0,1,4,0,81.5,1,MNC,Web Developer,77.86,81.5,0
S5729,5.7,Electrical and Electronics Engineering,3,0,1,1,1,79.3,7.4,61.6,2,6,0,99.8,1,MNC,Data Scientist,95.07,99.8,0
S5730,5.82,Civil Engineering,2,1,1,0,0,12.1,4.4,67.0,3,3,0,81.6,1,Mid-size,Analyst,66.59,81.6,0
S5731,9.63,Electronics and Communication Engineering,3,0,1,0,1,97.6,4.5,51.8,1,4,0,67.0,1,Mid-size,Web Developer,60.13,67.0,0
S5732,5.22,Electrical and Electronics Engineering,1,1,1,0,0,84.3,8.6,67.2,0,5,0,67.7,1,Mid-size,Web Developer,54.56,67.7,0
S5733,6.86,Mechanical Engineering,2,1,0,0,0,16.1,8.4,83.8,0,6,3,66.3,0,Not placed,Not placed,,66.3,0
S5734,7.49,Information Technology,1,1,1,0,0,85.4,9.4,94.9,3,6,0,100.0,1,MNC,Analyst,95.94,105.5,1
S5735,8.15,Civil Engineering,3,1,1,0,0,32.8,5.8,71.3,1,5,0,77.1,1,MNC,Data Scientist,72.95,77.1,0
S5736,9.7,Electrical and Electronics Engineering,2,1,1,0,0,14.8,5.6,50.0,0,3,2,51.9,0,Not placed,Not placed,,51.9,0
S5737,7.26,Information Technology,2,1,1,0,0,18.3,8.3,83.8,1,4,0,76.2,1,Mid-size,Software Engineer,56.1,76.2,0
S5738,5.37,Electrical and Electronics Engineering,2,1,1,0,0,48.9,6.0,70.1,1,2,1,56.3,1,MNC,Data Scientist,65.02,56.3,0
S5739,5.97,Computer Science and Engineering,2,1,0,0,1,0.3,9.2,83.6,2,6,0,98.0,1,MNC,Web Developer,86.24,98.0,0
S5740,9.18,Civil Engineering,3,1,0,1,0,5.3,8.1,51.9,1,4,0,78.2,1,Mid-size,Data Scientist,68.84,78.2,0
S5741,5.12,Electrical and Electronics Engineering,1,0,0,0,0,69.2,7.1,60.7,1,4,1,47.2,0,Not placed,Not placed,,47.2,0
S5742,9.78,Civil Engineering,2,1,1,1,0,97.7,9.4,45.9,2,5,2,100.0,1,Mid-size,Data Scientist,63.03,105.2,1
S5743,6.65,Electrical and Electronics Engineering,2,0,1,0,1,80.7,7.1,51.4,0,3,0,61.2,1,MNC,Web Developer,86.06,61.2,0
S5744,8.1,Electrical and Electronics Engineering,3,1,0,0,0,99.2,7.5,69.4,0,3,2,47.8,0,Not placed,Not placed,,47.8,0
S5745,6.64,Electrical and Electronics Engineering,2,1,1,0,1,57.1,5.5,63.5,1,6,0,83.0,1,MNC,Web Developer,85.12,83.0,0
S5746,7.84,Electrical and Electronics Engineering,2,1,1,0,0,52.2,5.9,98.6,1,1,0,56.2,1,Mid-size,Analyst,66.18,56.2,0
S5747,8.95,Electronics and Communication Engineering,3,1,0,1,1,16.0,8.6,80.6,0,2,0,66.1,1,Mid-size,Web Developer,62.48,66.1,0
S5748,7.73,Information Technology,3,1,1,1,0,83.2,8.9,71.8,1,1,1,67.7,1,MNC,Data Scientist,72.36,67.7,0
S5749,7.41,Information Technology,1,1,1,0,0,62.1,7.2,43.1,3,5,3,99.7,1,MNC,Data Scientist,95.64,99.7,0
S5750,6.38,Mechanical Engineering,1,1,1,0,0,4.7,5.8,69.8,0,4,0,52.5,1,Mid-size,Analyst,61.3,52.5,0
S5751,9.08,Electrical and Electronics Engineering,3,0,1,1,0,23.7,4.3,69.9,0,6,0,61.7,1,Mid-size,Web Developer,51.0,61.7,0
S5752,8.23,Electronics and Communication Engineering,3,1,0,0,1,91.3,9.9,68.9,1,1,0,64.5,1,Mid-size,Analyst,72.9,64.5,0
S5753,7.82,Information Technology,2,1,1,0,0,41.8,6.3,43.5,2,2,0,67.1,1,MNC,Data Scientist,89.28,67.1,0
S5754,5.89,Electrical and Electronics Engineering,1,1,1,0,1,22.4,9.4,44.5,2,3,0,90.0,1,MNC,Web Developer,88.07,90.0,0
S5755,7.88,Electronics and Communication Engineering,3,1,1,1,0,62.1,6.1,54.4,1,2,0,63.7,1,Mid-size,Web Developer,50.68,63.7,0
S5756,6.79,Computer Science and Engineering,1,1,1,1,1,81.4,6.1,54.7,0,6,0,92.8,1,Top Tech,Data Scientist,109.07,92.8,0
S5757,7.97,Electronics and Communication Engineering,3,1,1,0,1,62.9,8.4,84.4,2,6,0,100.0,1,MNC,Data Scientist,82.39,103.0,1
S5758,6.55,Civil Engineering,2,1,1,0,0,15.6,8.2,44.4,0,1,0,44.9,0,Not placed,Not placed,,44.9,0
S5759,6.51,Mechanical Engineering,2,1,0,0,1,13.1,7.0,42.1,1,2,0,61.5,0,Not placed,Not placed,,61.5,0
S5760,7.98,Information Technology,2,1,1,0,0,91.5,6.1,98.3,0,5,1,61.8,1,MNC,Software Engineer,87.72,61.8,0
S5761,6.71,Civil Engineering,1,1,1,0,0,2.0,9.5,62.3,0,3,1,64.7,1,Mid-size,Web Developer,64.74,64.7,0
S5762,7.34,Mechanical Engineering,3,1,0,0,0,11.5,10.0,99.8,0,5,1,69.8,0,Not placed,Not placed,,69.8,0
S5763,9.66,Information Technology,2,1,1,0,0,78.8,9.1,51.9,0,4,0,62.9,1,MNC,Data Scientist,79.2,62.9,0
S5764,9.93,Civil Engineering,2,1,0,0,0,9.2,9.9,98.9,3,2,0,76.0,1,Startup,Data Scientist,54.9,76.0,0
S5765,7.62,Information Technology,2,1,0,0,0,0.3,9.8,62.9,1,6,3,78.5,0,Not placed,Not placed,,78.5,0
S5766,8.16,Electronics and Communication Engineering,2,0,1,0,1,36.2,7.6,94.2,1,1,1,55.3,1,Mid-size,Data Scientist,56.37,55.3,0
S5767,9.65,Civil Engineering,1,1,1,0,0,69.3,4.8,63.2,2,2,0,63.0,1,Mid-size,Web Developer,54.87,63.0,0
S5768,5.37,Electronics and Communication Engineering,3,1,0,0,0,77.0,5.6,79.8,1,2,0,43.8,1,Startup,Software Engineer,40.49,43.8,0
S5769,9.81,Civil Engineering,1,1,0,1,0,7.5,7.2,63.5,0,3,1,56.1,1,MNC,Software Engineer,63.27,56.1,0
S5770,8.9,Computer Science and Engineering,1,1,0,1,0,25.9,8.7,41.6,0,1,0,51.7,1,MNC,Software Engineer,83.89,51.7,0
S5771,8.19,Computer Science and Engineering,2,1,1,1,1,61.5,6.0,59.5,2,1,0,78.4,1,MNC,Software Engineer,97.08,78.4,0
S5772,7.44,Electronics and Communication Engineering,2,1,0,1,1,5.1,7.0,96.9,3,2,0,92.9,1,MNC,Data Scientist,76.86,92.9,0
S5773,9.26,Civil Engineering,1,1,0,0,1,98.0,5.2,78.2,0,5,0,61.0,1,Mid-size,Data Scientist,53.26,61.0,0
S5774,7.62,Electronics and Communication Engineering,1,1,1,1,1,82.1,5.8,66.3,0,4,0,75.6,1,Top Tech,Analyst,99.53,75.6,0
S5775,9.99,Mechanical Engineering,2,0,1,0,0,27.6,7.0,67.4,1,1,1,49.3,0,Not placed,Not placed,,49.3,0
S5776,8.02,Mechanical Engineering,2,1,0,0,0,41.7,8.4,88.3,2,2,0,68.7,1,Startup,Web Developer,43.49,68.7,0
S5777,5.62,Electronics and Communication Engineering,3,1,0,0,1,10.7,7.4,95.5,2,1,0,71.5,0,Not placed,Not placed,,71.5,0
S5778,5.1,Information Technology,2,1,1,1,0,37.7,9.4,98.5,0,1,0,60.2,1,Mid-size,Analyst,63.96,60.2,0
S5779,6.63,Computer Science and Engineering,3,1,1,0,0,79.2,8.0,73.9,2,5,0,85.8,1,Mid-size,Data Scientist,62.13,85.8,0
S5780,7.81,Information Technology,1,1,0,0,1,83.3,8.1,84.0,0,5,0,66.2,1,Mid-size,Web Developer,70.45,66.2,0
S5781,8.47,Computer Science and Engineering,3,1,1,1,1,16.2,4.4,78.4,1,3,2,81.7,1,Mid-size,Web Developer,68.36,81.7,0
S5782,5.5,Information Technology,3,1,0,0,0,92.7,4.6,47.0,2,1,0,48.5,0,Not placed,Not placed,,48.5,0
S5783,5.52,Mechanical Engineering,3,1,1,1,0,93.3,7.8,49.0,0,2,1,58.8,1,MNC,Web Developer,76.09,58.8,0
S5784,8.18,Civil Engineering,2,1,0,0,0,96.5,5.5,89.6,3,6,0,90.0,1,Startup,Data Scientist,48.75,90.0,0
S5785,8.32,Computer Science and Engineering,3,1,0,0,1,81.8,6.2,77.3,2,6,1,83.7,1,MNC,Data Scientist,70.47,83.7,0
S5786,8.01,Electrical and Electronics Engineering,1,1,1,0,0,22.0,4.5,91.7,1,5,1,71.6,1,MNC,Software Engineer,67.02,71.6,0
S5787,7.49,Information Technology,2,0,1,0,0,51.0,5.6,68.6,1,4,0,61.6,1,Startup,Web Developer,44.27,61.6,0
S5788,8.07,Electrical and Electronics Engineering,2,1,1,0,1,22.7,7.7,50.3,2,2,1,87.5,1,MNC,Data Scientist,78.13,87.5,0
S5789,8.94,Computer Science and Engineering,3,0,1,0,1,98.1,9.3,61.7,1,1,1,64.9,1,MNC,Analyst,74.66,64.9,0
S5790,5.48,Electrical and Electronics Engineering,3,1,0,1,1,31.3,6.7,45.3,0,1,0,53.9,0,Not placed,Not placed,,53.9,0
S5791,8.99,Mechanical Engineering,1,0,0,0,1,71.7,5.9,82.1,0,6,1,60.1,1,Startup,Web Developer,38.01,60.1,0
S5792,6.52,Computer Science and Engineering,2,0,1,0,0,41.5,4.6,80.7,0,3,1,40.0,0,Not placed,Not placed,,40.0,0
S5793,9.38,Civil Engineering,3,1,1,0,0,3.4,8.8,86.6,1,2,0,68.6,1,MNC,Analyst,67.84,68.6,0
S5794,5.86,Electronics and Communication Engineering,1,1,0,1,1,86.2,7.1,64.2,0,3,0,62.5,1,MNC,Analyst,85.28,62.5,0
S5795,5.75,Computer Science and Engineering,1,1,1,0,0,32.1,8.7,72.6,0,1,0,53.3,1,MNC,Data Scientist,64.39,53.3,0
S5796,9.41,Mechanical Engineering,2,1,1,1,0,82.6,4.0,49.7,2,2,0,73.9,1,Mid-size,Web Developer,66.51,73.9,0
S5797,8.92,Information Technology,1,0,1,1,1,48.7,5.8,60.3,0,3,2,59.8,1,MNC,Data Scientist,70.67,59.8,0
S5798,9.15,Civil Engineering,2,0,1,0,0,34.5,8.6,51.9,0,1,0,41.7,1,Startup,Analyst,48.62,41.7,0
S5799,6.43,Civil Engineering,1,1,1,0,0,6.0,4.8,76.6,1,4,0,64.2,1,MNC,Analyst,74.44,64.2,0
S5800,9.74,Mechanical Engineering,2,0,0,0,1,34.6,9.4,72.6,0,5,1,58.4,1,Startup,Software Engineer,49.59,58.4,0
S5801,6.42,Mechanical Engineering,3,0,0,0,0,89.5,6.7,98.4,3,2,0,59.7,1,Startup,Web Developer,48.78,59.7,0
S5802,9.31,Information Technology,2,0,1,0,1,64.7,7.5,68.1,1,6,3,87.0,1,Mid-size,Analyst,66.51,87.0,0
S5803,9.84,Information Technology,3,1,0,1,0,34.2,6.8,64.4,3,2,2,85.2,1,MNC,Analyst,76.88,85.2,0
S5804,5.35,Mechanical Engineering,1,1,1,0,0,68.3,5.1,71.4,1,2,0,59.5,1,Mid-size,Web Developer,56.42,59.5,0
S5805,7.62,Electronics and Communication Engineering,1,1,1,1,1,17.4,9.7,64.0,3,3,0,100.0,1,Mid-size,Software Engineer,56.72,116.9,1
S5806,5.3,Civil Engineering,1,1,0,0,1,33.2,9.3,89.9,2,3,0,78.5,1,Mid-size,Analyst,66.71,78.5,0
S5807,8.22,Electronics and Communication Engineering,2,0,0,0,0,62.8,4.6,86.4,1,2,2,35.3,0,Not placed,Not placed,,35.3,0
S5808,5.43,Electrical and Electronics Engineering,2,1,0,0,1,17.9,4.2,57.8,0,5,1,60.3,0,Not placed,Not placed,,60.3,0
S5809,8.75,Computer Science and Engineering,2,1,0,0,0,58.6,7.3,68.9,1,6,0,70.6,1,Startup,Web Developer,43.13,70.6,0
S5810,8.06,Civil Engineering,1,1,1,1,1,93.4,4.3,99.4,0,1,1,60.9,1,Top Tech,Analyst,89.54,60.9,0
S5811,9.82,Mechanical Engineering,1,0,0,0,1,55.3,5.1,97.6,2,6,1,78.7,1,Startup,Data Scientist,43.49,78.7,0
S5812,7.62,Mechanical Engineering,1,1,1,0,0,57.0,7.2,94.5,1,6,1,77.9,1,Mid-size,Software Engineer,66.79,77.9,0
S5813,6.55,Electronics and Communication Engineering,2,1,0,1,0,47.9,4.6,82.6,2,6,0,83.4,1,Mid-size,Data Scientist,50.59,83.4,0
S5814,8.95,Electrical and Electronics Engineering,2,1,1,0,0,46.1,5.2,60.8,2,2,0,68.1,1,MNC,Web Developer,70.24,68.1,0
S5815,6.35,Computer Science and Engineering,3,0,0,1,0,77.0,9.4,60.5,2,3,1,71.3,1,Startup,Analyst,53.01,71.3,0
S5816,5.99,Civil Engineering,2,1,1,1,1,83.5,8.4,61.0,3,3,0,100.0,1,MNC,Analyst,77.11,106.6,1
S5817,6.56,Electronics and Communication Engineering,3,1,1,0,1,65.1,7.0,96.0,2,5,0,100.0,1,MNC,Web Developer,87.73,100.6,1
S5818,8.22,Electrical and Electronics Engineering,3,1,0,0,0,83.5,8.4,92.4,2,6,0,84.7,1,Startup,Analyst,52.69,84.7,0
S5819,7.85,Information Technology,2,1,0,0,1,9.9,5.4,75.6,0,1,1,43.2,0,Not placed,Not placed,,43.2,0
S5820,8.91,Civil Engineering,2,1,1,0,0,9.0,8.3,48.5,2,4,0,80.6,1,Mid-size,Data Scientist,68.2,80.6,0
S5821,9.45,Electrical and Electronics Engineering,2,0,1,0,0,28.7,5.2,92.9,1,5,0,58.0,1,Startup,Analyst,40.65,58.0,0
S5822,9.43,Computer Science and Engineering,2,0,1,1,1,54.8,4.4,70.2,1,4,0,77.1,1,Mid-size,Software Engineer,58.75,77.1,0
S5823,5.73,Civil Engineering,2,1,0,1,0,73.5,6.6,48.1,1,1,0,50.2,1,MNC,Software Engineer,63.3,50.2,0
S5824,5.78,Computer Science and Engineering,1,1,1,0,1,49.7,4.4,42.0,0,2,2,53.8,0,Not placed,Not placed,,53.8,0
S5825,6.29,Computer Science and Engineering,1,1,0,0,0,6.6,5.5,96.2,2,3,3,61.2,0,Not placed,Not placed,,61.2,0
S5826,6.12,Computer Science and Engineering,1,0,1,1,0,73.2,4.5,93.8,0,6,1,58.6,1,MNC,Analyst,86.64,58.6,0
S5827,8.25,Computer Science and Engineering,1,1,1,0,0,62.4,4.9,58.8,2,4,1,70.6,1,Mid-size,Data Scientist,69.74,70.6,0
S5828,9.16,Computer Science and Engineering,1,1,0,0,0,16.8,5.6,64.5,0,3,1,37.0,1,Startup,Software Engineer,39.57,37.0,0
S5829,7.88,Civil Engineering,1,0,0,1,1,43.4,4.5,63.4,2,1,1,61.0,1,MNC,Analyst,80.92,61.0,0
S5830,9.34,Mechanical Engineering,1,0,1,0,0,13.2,6.1,47.0,1,6,1,70.8,1,Startup,Data Scientist,39.25,70.8,0
S5831,9.64,Mechanical Engineering,3,1,0,0,1,66.3,5.5,51.2,0,5,0,57.0,1,MNC,Web Developer,89.5,57.0,0
S5832,5.12,Civil Engineering,2,0,0,0,0,73.0,6.9,63.2,0,1,0,21.0,0,Not placed,Not placed,,21.0,0
S5833,7.54,Civil Engineering,1,1,1,0,1,79.3,7.8,74.9,1,4,0,78.6,1,MNC,Software Engineer,73.97,78.6,0
S5834,9.25,Computer Science and Engineering,3,1,1,0,1,59.7,9.1,56.4,0,3,1,72.5,1,Mid-size,Data Scientist,72.89,72.5,0
S5835,8.93,Information Technology,3,0,0,0,0,54.6,6.3,47.7,0,3,1,33.9,0,Not placed,Not placed,,33.9,0
S5836,8.2,Computer Science and Engineering,1,0,1,1,0,1.7,6.2,67.3,2,1,0,67.3,1,MNC,Software Engineer,67.98,67.3,0
S5837,5.97,Civil Engineering,1,1,1,0,1,53.2,4.4,55.5,3,5,2,98.8,1,Mid-size,Software Engineer,75.97,98.8,0
S5838,9.55,Electrical and Electronics Engineering,3,1,1,0,0,47.7,4.2,44.6,1,3,0,55.5,1,MNC,Data Scientist,80.31,55.5,0
S5839,6.33,Information Technology,1,1,1,0,0,6.4,8.5,58.0,1,3,2,73.6,0,Not placed,Not placed,,73.6,0
S5840,6.53,Civil Engineering,1,0,0,0,0,23.1,6.1,89.3,2,4,0,56.1,1,Startup,Web Developer,46.84,56.1,0
S5841,7.29,Electronics and Communication Engineering,3,1,0,1,0,21.1,6.1,41.4,1,6,0,79.1,1,MNC,Data Scientist,84.25,79.1,0
S5842,7.65,Electrical and Electronics Engineering,1,1,0,0,0,28.5,5.6,61.5,1,5,0,58.3,1,Startup,Web Developer,44.48,58.3,0
S5843,8.07,Mechanical Engineering,3,1,0,1,1,36.3,8.7,56.2,1,6,0,97.2,1,MNC,Data Scientist,70.52,97.2,0
S5844,7.34,Electrical and Electronics Engineering,2,0,0,0,0,15.5,5.4,54.8,1,6,0,53.3,0,Not placed,Not placed,,53.3,0
S5845,5.25,Civil Engineering,3,0,1,1,1,15.5,7.3,95.9,1,1,0,65.2,1,Mid-size,Software Engineer,53.84,65.2,0
S5846,8.81,Electrical and Electronics Engineering,1,1,0,0,1,12.6,6.9,50.0,2,4,0,81.6,1,MNC,Software Engineer,74.56,81.6,0
S5847,7.13,Computer Science and Engineering,1,1,1,0,0,28.7,6.2,50.3,1,5,0,70.2,1,Mid-size,Data Scientist,52.53,70.2,0
S5848,8.25,Electronics and Communication Engineering,1,0,0,0,0,56.2,4.6,43.0,1,1,1,27.4,0,Not placed,Not placed,,27.4,0
S5849,5.22,Mechanical Engineering,3,1,0,0,1,14.0,7.3,90.1,1,1,0,59.3,1,MNC,Data Scientist,68.3,59.3,0
S5850,6.72,Civil Engineering,1,1,0,1,0,6.4,9.7,60.0,2,4,1,93.0,1,MNC,Software Engineer,72.64,93.0,0
S5851,6.43,Information Technology,1,0,1,0,1,74.7,6.2,91.8,1,6,0,82.5,1,MNC,Analyst,86.2,82.5,0
S5852,9.13,Information Technology,1,1,0,0,1,51.7,5.3,95.4,1,2,0,58.8,1,MNC,Web Developer,78.76,58.8,0
S5853,7.4,Civil Engineering,3,1,1,0,0,72.1,5.6,93.5,1,1,0,49.5,1,MNC,Analyst,84.19,49.5,0
S5854,8.43,Mechanical Engineering,2,1,1,1,0,43.1,5.7,41.0,0,4,0,70.7,1,Mid-size,Analyst,52.46,70.7,0
S5855,9.15,Information Technology,2,1,1,0,1,82.3,5.8,92.4,3,2,0,92.2,1,MNC,Analyst,76.79,92.2,0
S5856,9.32,Electronics and Communication Engineering,3,0,0,0,0,12.6,7.2,46.1,0,1,0,22.8,0,Not placed,Not placed,,22.8,0
S5857,5.28,Information Technology,3,1,1,1,0,80.0,7.8,47.2,1,1,0,63.8,1,MNC,Software Engineer,83.86,63.8,0
S5858,7.74,Civil Engineering,3,0,1,0,0,63.3,5.1,70.8,2,5,0,67.8,1,Startup,Analyst,44.63,67.8,0
S5859,8.59,Electronics and Communication Engineering,1,0,1,0,0,63.0,5.9,96.5,2,5,0,76.3,1,Startup,Software Engineer,45.48,76.3,0
S5860,8.8,Computer Science and Engineering,1,1,1,0,0,74.6,6.3,77.6,1,1,0,56.9,1,MNC,Web Developer,78.35,56.9,0
S5861,8.8,Electronics and Communication Engineering,3,1,0,1,1,82.9,7.9,89.2,3,3,0,97.9,1,MNC,Software Engineer,101.06,97.9,0
S5862,6.63,Mechanical Engineering,2,1,1,0,1,60.9,5.9,78.3,0,5,0,71.0,1,MNC,Software Engineer,86.5,71.0,0
S5863,5.33,Civil Engineering,3,0,1,0,1,44.1,9.2,57.7,0,6,0,74.7,1,MNC,Web Developer,79.11,74.7,0
S5864,6.11,Computer Science and Engineering,3,1,1,0,0,8.4,7.3,41.3,0,6,0,75.6,1,MNC,Software Engineer,60.01,75.6,0
S5865,8.32,Electronics and Communication Engineering,3,0,1,1,0,77.0,5.0,97.4,1,4,1,65.5,1,Mid-size,Analyst,71.98,65.5,0
S5866,5.97,Civil Engineering,3,1,1,0,0,0.6,6.3,68.2,3,3,0,85.8,1,MNC,Software Engineer,82.29,85.8,0
S5867,5.16,Mechanical Engineering,2,1,1,1,0,42.5,7.3,44.5,0,2,1,65.5,0,Not placed,Not placed,,65.5,0
S5868,5.03,Civil Engineering,2,1,0,0,0,29.5,9.9,89.5,1,6,0,80.1,1,Startup,Web Developer,45.04,80.1,0
S5869,9.77,Electronics and Communication Engineering,3,1,1,0,0,20.6,4.6,50.1,1,6,0,69.2,1,Mid-size,Web Developer,57.41,69.2,0
S5870,5.72,Electronics and Communication Engineering,2,1,0,0,0,27.5,5.0,58.0,2,3,0,58.2,1,Startup,Analyst,39.64,58.2,0
S5871,8.02,Electrical and Electronics Engineering,2,1,1,0,0,92.0,9.0,89.7,1,1,0,62.9,1,Mid-size,Data Scientist,76.23,62.9,0
S5872,9.88,Information Technology,3,1,1,0,0,15.9,6.7,49.8,1,4,1,68.5,0,Not placed,Not placed,,68.5,0
S5873,9.3,Information Technology,1,0,1,0,1,24.7,6.4,58.7,0,4,0,59.3,1,Mid-size,Analyst,66.16,59.3,0
S5874,9.22,Electrical and Electronics Engineering,2,1,0,1,1,67.2,8.3,53.5,0,6,0,81.4,1,MNC,Web Developer,93.54,81.4,0
S5875,5.83,Electronics and Communication Engineering,2,1,0,0,1,43.6,6.1,81.4,2,1,0,60.7,1,Mid-size,Web Developer,71.05,60.7,0
S5876,6.18,Electrical and Electronics Engineering,2,0,1,1,1,77.1,8.8,79.7,2,1,0,80.5,1,MNC,Data Scientist,96.95,80.5,0
S5877,9.84,Information Technology,3,1,1,0,1,40.7,4.8,80.3,2,4,0,87.6,1,Mid-size,Web Developer,61.27,87.6,0
S5878,8.46,Electrical and Electronics Engineering,1,1,1,1,1,54.2,8.3,74.6,2,5,0,100.0,1,MNC,Data Scientist,92.15,113.7,1
S5879,9.94,Electronics and Communication Engineering,2,1,1,0,1,43.4,7.5,79.7,3,5,0,100.0,1,MNC,Data Scientist,72.34,104.0,1
S5880,5.13,Electrical and Electronics Engineering,2,1,1,0,0,86.8,7.0,81.4,0,6,0,72.2,1,Mid-size,Software Engineer,60.0,72.2,0
S5881,8.18,Electrical and Electronics Engineering,3,1,1,1,0,50.8,7.3,45.4,0,1,0,60.8,1,Mid-size,Data Scientist,65.99,60.8,0
S5882,7.01,Information Technology,3,1,0,0,0,64.0,8.5,47.8,1,6,0,77.6,1,Startup,Data Scientist,46.43,77.6,0
S5883,8.86,Information Technology,1,1,0,1,0,97.7,6.2,83.6,3,6,1,100.0,1,MNC,Software Engineer,82.2,100.6,1
S5884,5.8,Electrical and Electronics Engineering,2,1,1,0,0,72.6,4.6,63.4,2,1,0,57.7,1,Mid-size,Data Scientist,50.51,57.7,0
S5885,5.36,Electronics and Communication Engineering,2,1,1,0,0,52.8,7.8,65.3,0,5,0,69.6,1,Mid-size,Data Scientist,48.48,69.6,0
S5886,7.78,Computer Science and Engineering,2,1,1,0,0,36.8,6.6,90.9,0,6,0,64.9,1,MNC,Web Developer,86.3,64.9,0
S5887,5.23,Information Technology,2,1,0,0,1,5.0,9.3,63.2,0,5,1,70.7,1,Mid-size,Analyst,47.52,70.7,0
S5888,9.88,Information Technology,1,0,0,1,0,67.5,5.8,51.9,0,5,1,54.6,1,Startup,Web Developer,44.97,54.6,0
S5889,9.68,Mechanical Engineering,3,0,1,0,0,24.4,7.7,84.9,1,5,1,71.2,1,Startup,Web Developer,49.86,71.2,0
S5890,6.66,Electrical and Electronics Engineering,2,1,0,0,1,58.7,4.6,44.2,0,1,2,36.1,0,Not placed,Not placed,,36.1,0
S5891,6.7,Information Technology,2,1,0,0,1,27.1,4.3,99.6,1,5,0,71.0,1,MNC,Software Engineer,79.16,71.0,0
S5892,8.12,Electronics and Communication Engineering,1,0,0,1,0,21.5,4.6,55.8,0,6,0,53.5,1,Startup,Software Engineer,37.31,53.5,0
S5893,6.87,Electronics and Communication Engineering,3,1,1,1,0,47.5,9.7,82.6,1,2,0,75.8,1,Mid-size,Web Developer,68.37,75.8,0
S5894,5.92,Mechanical Engineering,2,1,1,0,1,95.3,6.2,70.9,0,4,0,69.6,1,MNC,Data Scientist,71.92,69.6,0
S5895,5.52,Information Technology,3,0,1,1,1,89.0,6.4,62.2,2,5,1,90.8,1,Mid-size,Web Developer,61.06,90.8,0
S5896,8.24,Information Technology,2,1,1,0,0,95.5,7.2,63.8,2,1,1,69.2,1,Mid-size,Web Developer,75.3,69.2,0
S5897,5.75,Computer Science and Engineering,2,1,0,0,0,64.5,6.4,70.9,2,3,3,60.6,1,Startup,Data Scientist,44.74,60.6,0
S5898,7.49,Electronics and Communication Engineering,3,1,1,0,0,65.3,4.2,83.6,0,5,0,54.6,1,MNC,Analyst,86.92,54.6,0
S5899,5.15,Civil Engineering,3,1,0,1,1,91.7,6.6,82.8,0,3,0,68.7,1,MNC,Web Developer,75.94,68.7,0
S5900,9.17,Mechanical Engineering,1,0,0,0,0,0.4,6.0,55.6,1,2,0,40.2,1,Startup,Data Scientist,43.24,40.2,0
S5901,5.28,Mechanical Engineering,2,1,0,0,1,19.1,7.2,85.3,2,4,0,83.4,1,Mid-size,Analyst,60.48,83.4,0
S5902,7.19,Civil Engineering,2,1,0,0,0,28.2,5.6,76.3,2,5,0,74.5,1,Startup,Data Scientist,40.29,74.5,0
S5903,7.75,Electronics and Communication Engineering,3,1,1,0,0,1.9,4.8,42.4,1,1,0,45.2,0,Not placed,Not placed,,45.2,0
S5904,9.7,Electrical and Electronics Engineering,1,1,0,1,0,62.1,7.0,95.5,1,1,1,56.1,1,MNC,Software Engineer,84.36,56.1,0
S5905,9.56,Electrical and Electronics Engineering,2,1,1,0,0,41.6,8.3,56.0,1,4,0,71.1,1,MNC,Web Developer,91.35,71.1,0
S5906,8.2,Information Technology,1,1,0,0,1,52.3,9.4,94.5,0,3,1,65.2,1,MNC,Analyst,68.31,65.2,0
S5907,8.17,Civil Engineering,1,1,0,1,1,81.2,6.9,59.1,0,2,1,60.5,1,MNC,Analyst,69.36,60.5,0
S5908,6.17,Civil Engineering,2,0,1,1,0,39.0,7.6,68.4,0,6,0,72.9,1,MNC,Analyst,86.75,72.9,0
S5909,6.64,Mechanical Engineering,2,0,1,0,0,25.6,4.1,59.3,1,2,0,46.6,0,Not placed,Not placed,,46.6,0
S5910,5.14,Mechanical Engineering,2,1,0,1,0,96.8,4.2,72.0,0,2,0,43.4,1,MNC,Data Scientist,80.11,43.4,0
S5911,9.41,Information Technology,2,0,1,0,0,57.0,9.7,76.5,2,1,1,61.3,1,Startup,Data Scientist,52.39,61.3,0
S5912,5.16,Civil Engineering,3,1,0,1,1,84.5,5.2,46.8,2,2,1,73.0,1,MNC,Data Scientist,89.91,73.0,0
S5913,7.35,Information Technology,2,0,1,0,1,41.1,7.2,75.4,0,3,0,60.7,1,Mid-size,Web Developer,54.51,60.7,0
S5914,5.16,Computer Science and Engineering,2,0,1,0,0,72.3,7.4,46.1,1,2,1,53.8,1,Startup,Software Engineer,41.56,53.8,0
S5915,6.71,Electrical and Electronics Engineering,1,1,1,0,0,12.6,4.1,76.6,2,2,0,65.4,1,Mid-size,Analyst,62.46,65.4,0
S5916,7.99,Computer Science and Engineering,3,0,0,1,0,20.3,4.8,81.9,0,6,0,59.1,0,Not placed,Not placed,,59.1,0
S5917,9.72,Electrical and Electronics Engineering,2,1,1,0,0,58.8,4.6,82.7,0,6,1,68.4,1,MNC,Analyst,85.7,68.4,0
S5918,7.38,Computer Science and Engineering,2,1,0,0,1,22.9,9.8,81.4,2,2,0,74.7,1,Mid-size,Web Developer,64.33,74.7,0
S5919,8.51,Information Technology,2,1,1,0,1,57.6,6.9,72.2,0,4,0,71.0,1,MNC,Data Scientist,68.0,71.0,0
S5920,5.56,Electronics and Communication Engineering,1,0,0,0,0,18.3,5.6,61.2,0,1,0,26.7,0,Not placed,Not placed,,26.7,0
S5921,8.91,Electrical and Electronics Engineering,1,1,1,0,0,27.2,9.6,62.4,0,6,1,76.9,1,MNC,Data Scientist,71.18,76.9,0
S5922,6.89,Civil Engineering,1,1,1,0,0,44.8,5.3,62.8,3,2,0,80.7,1,MNC,Analyst,73.8,80.7,0
S5923,8.24,Electronics and Communication Engineering,3,0,0,0,0,40.9,6.6,50.3,0,6,0,48.3,0,Not placed,Not placed,,48.3,0
S5924,5.87,Electrical and Electronics Engineering,3,0,0,0,0,10.1,9.4,69.9,1,6,0,67.3,1,Startup,Data Scientist,36.48,67.3,0
S5925,5.67,Electronics and Communication Engineering,2,1,0,1,1,29.7,7.0,85.4,2,5,0,100.0,1,MNC,Web Developer,75.38,100.4,1
S5926,7.94,Electronics and Communication Engineering,3,0,0,0,0,66.7,7.5,59.0,0,3,1,36.8,0,Not placed,Not placed,,36.8,0
S5927,9.59,Mechanical Engineering,1,0,1,1,0,74.8,5.6,41.5,0,2,0,46.6,1,Mid-size,Data Scientist,63.58,46.6,0
S5928,8.23,Mechanical Engineering,3,1,1,1,1,75.9,6.9,57.8,1,1,0,78.8,1,MNC,Software Engineer,90.38,78.8,0
S5929,7.4,Electronics and Communication Engineering,3,1,0,1,0,85.6,9.1,98.8,3,6,1,100.0,1,MNC,Software Engineer,95.72,111.0,1
S5930,8.78,Civil Engineering,1,1,0,1,0,51.5,8.4,51.5,1,1,0,62.7,1,Mid-size,Analyst,59.3,62.7,0
S5931,7.04,Information Technology,2,0,1,0,0,36.5,7.1,45.0,1,2,0,48.7,1,Startup,Web Developer,48.05,48.7,0
S5932,7.87,Civil Engineering,1,1,0,1,1,60.0,7.5,46.7,2,6,1,100.0,1,MNC,Analyst,92.71,100.7,1
S5933,7.06,Electronics and Communication Engineering,1,1,0,0,1,86.5,7.5,46.1,3,3,0,82.6,1,Mid-size,Data Scientist,65.32,82.6,0
S5934,7.44,Electronics and Communication Engineering,1,1,0,0,1,56.1,9.3,48.3,2,1,0,69.6,1,Mid-size,Software Engineer,53.66,69.6,0
S5935,6.44,Civil Engineering,3,1,1,0,1,98.3,8.5,81.9,2,5,0,100.0,1,Mid-size,Web Developer,58.32,101.2,1
S5936,8.67,Computer Science and Engineering,2,1,0,0,1,90.3,6.9,97.1,0,6,1,67.9,1,Mid-size,Web Developer,57.54,67.9,0
S5937,6.6,Information Technology,2,1,1,0,1,21.6,9.6,90.4,0,1,0,66.5,1,MNC,Web Developer,80.78,66.5,0
S5938,8.71,Mechanical Engineering,1,1,1,0,1,57.2,6.8,48.7,0,3,3,61.6,1,MNC,Web Developer,85.77,61.6,0
S5939,5.56,Electronics and Communication Engineering,1,0,1,0,0,24.9,6.3,98.4,0,1,1,32.3,0,Not placed,Not placed,,32.3,0
S5940,9.63,Electronics and Communication Engineering,2,0,1,0,1,1.1,4.1,70.5,1,3,3,56.8,0,Not placed,Not placed,,56.8,0
S5941,8.4,Electronics and Communication Engineering,1,0,1,0,1,72.2,8.3,58.4,1,1,0,57.0,1,Mid-size,Web Developer,56.91,57.0,0
S5942,9.22,Electronics and Communication Engineering,1,1,1,0,1,96.0,5.8,52.0,3,2,1,91.5,1,Top Tech,Data Scientist,94.57,91.5,0
S5943,7.29,Electronics and Communication Engineering,1,1,0,0,1,50.0,9.0,97.1,2,6,0,95.7,1,Mid-size,Software Engineer,57.1,95.7,0
S5944,9.81,Computer Science and Engineering,2,1,0,0,0,95.6,7.1,68.3,2,4,0,70.2,1,Startup,Web Developer,45.88,70.2,0
S5945,7.56,Electronics and Communication Engineering,1,0,0,0,1,22.5,9.5,91.2,0,5,0,59.8,1,Startup,Analyst,43.1,59.8,0
S5946,7.46,Civil Engineering,2,1,0,0,0,81.8,8.8,78.6,1,4,0,68.2,1,Startup,Software Engineer,47.58,68.2,0
S5947,5.55,Civil Engineering,2,0,1,0,0,12.0,7.9,86.5,1,3,0,60.5,1,Startup,Analyst,38.3,60.5,0
S5948,8.58,Electrical and Electronics Engineering,1,0,1,0,0,82.6,8.2,70.4,0,5,0,56.4,1,Startup,Analyst,48.61,56.4,0
S5949,5.36,Mechanical Engineering,1,1,0,1,1,72.4,5.4,99.3,3,6,3,100.0,1,MNC,Analyst,85.23,106.0,1
S5950,6.14,Electronics and Communication Engineering,3,1,1,0,0,81.4,7.2,52.9,0,2,0,46.8,1,MNC,Software Engineer,76.73,46.8,0
S5951,8.89,Mechanical Engineering,1,0,1,0,0,64.9,4.2,76.0,2,6,1,72.5,1,Startup,Data Scientist,52.35,72.5,0
S5952,8.29,Electrical and Electronics Engineering,1,0,0,1,1,95.6,9.2,65.6,0,4,0,71.5,1,Mid-size,Software Engineer,75.98,71.5,0
S5953,7.44,Information Technology,1,1,1,0,1,27.3,4.4,98.9,2,3,1,78.4,1,MNC,Software Engineer,87.55,78.4,0
S5954,8.4,Mechanical Engineering,1,1,1,0,0,72.7,7.9,66.7,1,4,0,71.2,1,MNC,Data Scientist,76.08,71.2,0
S5955,7.43,Computer Science and Engineering,2,1,0,0,0,19.8,9.8,71.1,1,2,0,58.5,1,Startup,Analyst,49.22,58.5,0
S5956,9.44,Electronics and Communication Engineering,1,1,1,0,1,86.2,9.2,97.0,0,2,0,63.5,1,Top Tech,Web Developer,109.42,63.5,0
S5957,5.05,Electronics and Communication Engineering,1,1,1,0,0,58.2,9.2,61.1,3,1,1,83.7,1,MNC,Web Developer,69.81,83.7,0
S5958,5.28,Electrical and Electronics Engineering,3,1,0,0,1,71.2,4.3,70.6,1,1,1,46.4,0,Not placed,Not placed,,46.4,0
S5959,8.01,Computer Science and Engineering,3,0,0,0,1,33.0,6.8,45.2,1,5,0,63.4,1,Startup,Web Developer,48.08,63.4,0
S5960,5.42,Civil Engineering,2,1,1,0,1,34.7,8.1,74.4,1,5,0,89.9,1,MNC,Data Scientist,76.29,89.9,0
S5961,6.2,Mechanical Engineering,1,0,1,1,1,91.8,5.6,89.3,0,2,0,57.6,1,MNC,Data Scientist,76.41,57.6,0
S5962,5.18,Electrical and Electronics Engineering,1,1,0,1,0,18.3,5.0,56.6,1,5,1,69.3,1,MNC,Software Engineer,69.2,69.3,0
S5963,6.83,Electronics and Communication Engineering,1,0,1,1,1,82.6,9.0,81.8,1,1,0,68.0,1,Top Tech,Data Scientist,100.55,68.0,0
S5964,5.16,Computer Science and Engineering,3,0,0,1,0,81.0,5.9,48.4,2,5,1,69.6,1,Startup,Software Engineer,50.14,69.6,0
S5965,9.13,Computer Science and Engineering,3,0,0,0,0,97.8,4.7,49.0,0,2,0,24.5,0,Not placed,Not placed,,24.5,0
S5966,9.16,Civil Engineering,1,1,1,1,1,14.2,4.2,90.9,2,5,0,93.4,1,MNC,Web Developer,90.89,93.4,0
S5967,8.84,Computer Science and Engineering,1,1,0,0,1,56.9,5.7,51.2,2,4,0,80.7,1,Mid-size,Data Scientist,65.7,80.7,0
S5968,5.09,Information Technology,1,1,1,0,1,29.6,6.8,69.0,1,5,0,82.3,1,Mid-size,Data Scientist,57.51,82.3,0
S5969,5.05,Mechanical Engineering,2,0,0,1,0,26.4,7.5,93.4,1,4,0,64.9,1,Startup,Analyst,42.39,64.9,0
S5970,6.88,Electrical and Electronics Engineering,3,1,1,0,0,78.1,7.8,80.7,0,3,0,53.6,1,MNC,Web Developer,76.79,53.6,0
S5971,7.96,Computer Science and Engineering,3,1,0,0,0,5.6,9.2,47.5,0,2,2,44.7,0,Not placed,Not placed,,44.7,0
S5972,5.81,Electronics and Communication Engineering,2,1,1,0,1,12.1,6.9,76.1,2,6,0,97.5,1,MNC,Software Engineer,82.0,97.5,0
S5973,7.13,Civil Engineering,3,1,0,0,1,58.9,6.7,94.5,0,4,0,55.5,1,MNC,Web Developer,84.2,55.5,0
S5974,6.6,Mechanical Engineering,1,1,0,0,0,99.0,8.6,99.1,1,2,1,57.5,1,Startup,Software Engineer,53.04,57.5,0
S5975,5.92,Information Technology,3,1,1,1,0,93.4,5.1,50.5,0,4,0,64.1,1,MNC,Software Engineer,86.63,64.1,0
S5976,5.23,Information Technology,1,1,0,1,0,11.7,6.7,67.1,0,2,1,51.5,0,Not placed,Not placed,,51.5,0
S5977,9.74,Mechanical Engineering,2,0,1,0,0,29.1,6.9,55.4,0,1,1,38.7,0,Not placed,Not placed,,38.7,0
S5978,8.68,Computer Science and Engineering,2,1,1,0,1,86.9,7.3,86.0,0,3,1,66.0,1,MNC,Software Engineer,71.48,66.0,0
S5979,5.45,Mechanical Engineering,2,1,1,1,1,2.1,6.7,49.4,0,1,1,62.4,0,Not placed,Not placed,,62.4,0
S5980,6.05,Mechanical Engineering,1,1,1,0,1,71.9,9.1,96.2,3,3,0,100.0,1,Mid-size,Web Developer,68.39,106.1,1
S5981,9.4,Information Technology,1,1,0,1,1,61.7,9.9,85.4,0,3,0,78.5,1,MNC,Software Engineer,92.74,78.5,0
S5982,8.41,Civil Engineering,3,1,0,1,1,2.5,8.3,60.7,0,4,0,74.6,1,Mid-size,Analyst,66.23,74.6,0
S5983,9.79,Electronics and Communication Engineering,3,0,1,0,0,62.7,7.5,50.0,3,3,0,73.3,1,Startup,Analyst,53.41,73.3,0
S5984,5.35,Mechanical Engineering,2,0,0,0,1,71.2,4.9,91.8,1,5,0,58.7,1,Startup,Data Scientist,47.05,58.7,0
S5985,5.74,Information Technology,3,0,0,1,1,59.6,6.8,58.1,0,2,0,54.4,1,Mid-size,Analyst,58.67,54.4,0
S5986,5.66,Electronics and Communication Engineering,1,1,0,0,1,35.1,7.5,85.7,1,3,0,69.4,1,Mid-size,Analyst,65.95,69.4,0
S5987,8.11,Electronics and Communication Engineering,2,0,0,0,0,54.4,9.7,47.6,1,2,0,50.7,1,Startup,Software Engineer,48.71,50.7,0
S5988,7.04,Civil Engineering,2,0,1,0,0,87.7,8.9,74.9,1,2,2,61.3,1,Startup,Web Developer,43.92,61.3,0
S5989,6.38,Computer Science and Engineering,2,1,0,0,0,99.6,8.0,96.4,2,6,0,80.3,1,Startup,Web Developer,43.2,80.3,0
S5990,8.52,Information Technology,1,1,0,0,1,92.2,6.7,85.9,2,3,0,78.6,1,Mid-size,Software Engineer,58.03,78.6,0
S5991,5.77,Computer Science and Engineering,2,0,1,1,1,28.2,6.7,61.0,3,6,2,100.0,1,MNC,Software Engineer,89.01,113.4,1
S5992,6.17,Civil Engineering,1,1,1,0,0,90.6,9.4,79.7,1,2,0,69.0,1,MNC,Data Scientist,70.77,69.0,0
S5993,6.66,Mechanical Engineering,3,0,1,0,1,12.8,4.3,99.7,3,3,0,82.6,1,Mid-size,Analyst,70.88,82.6,0
S5994,7.8,Civil Engineering,3,0,0,1,1,66.8,7.4,81.0,1,3,1,66.9,1,MNC,Data Scientist,83.13,66.9,0
S5995,8.06,Mechanical Engineering,2,1,0,0,0,37.0,8.8,42.9,0,1,1,40.2,0,Not placed,Not placed,,40.2,0
S5996,6.54,Electronics and Communication Engineering,2,1,0,0,1,77.1,7.9,54.8,0,5,0,64.9,1,MNC,Software Engineer,74.05,64.9,0
S5997,7.42,Civil Engineering,3,1,1,0,1,47.5,8.1,75.9,2,6,1,100.0,1,Mid-size,Data Scientist,67.97,106.7,1
S5998,9.3,Mechanical Engineering,2,0,1,0,0,88.8,9.3,87.2,2,6,0,85.3,1,Startup,Data Scientist,54.32,85.3,0
S5999,9.61,Mechanical Engineering,1,0,1,1,0,63.0,7.6,58.5,0,2,0,51.3,1,Mid-size,Analyst,70.9,51.3,0
S6000,8.3,Computer Science and Engineering,1,0,1,0,0,2.2,7.5,66.1,1,2,0,56.9,1,Startup,Data Scientist,41.37,56.9,0
S6001,6.14,Electronics and Communication Engineering,1,1,0,0,1,37.4,7.9,91.7,1,6,0,80.7,1,Mid-size,Web Developer,69.89,80.7,0
S6002,9.4,Civil Engineering,2,1,1,0,1,91.9,7.4,56.5,1,2,2,72.4,1,MNC,Analyst,76.27,72.4,0
S6003,6.83,Electrical and Electronics Engineering,2,1,0,0,0,56.2,7.0,99.2,0,6,0,62.1,1,Startup,Data Scientist,49.81,62.1,0
S6004,5.12,Electrical and Electronics Engineering,2,1,1,1,0,50.2,4.6,56.5,3,4,0,94.8,1,Mid-size,Analyst,54.83,94.8,0
S6005,5.29,Civil Engineering,1,0,1,0,0,39.4,5.5,92.3,2,5,0,73.3,1,Startup,Software Engineer,38.55,73.3,0
S6006,8.53,Mechanical Engineering,1,1,1,0,0,45.7,4.6,69.8,0,5,0,62.2,1,MNC,Software Engineer,80.56,62.2,0
S6007,9.6,Computer Science and Engineering,3,1,1,1,1,6.6,8.3,92.5,3,4,0,100.0,1,MNC,Software Engineer,79.92,112.4,1
S6008,6.17,Computer Science and Engineering,2,1,1,0,0,2.7,4.5,41.1,1,5,0,69.8,1,MNC,Software Engineer,76.66,69.8,0
S6009,9.84,Electronics and Communication Engineering,2,1,1,0,1,54.4,9.8,65.4,2,6,0,100.0,1,MNC,Web Developer,95.1,114.0,1
S6010,5.3,Civil Engineering,3,1,0,1,0,4.5,9.7,89.9,3,4,1,96.1,1,MNC,Data Scientist,85.2,96.1,0
S6011,6.15,Computer Science and Engineering,1,1,1,0,0,25.6,9.6,92.6,3,5,0,100.0,1,Mid-size,Analyst,67.61,101.7,1
S6012,9.32,Information Technology,3,1,1,0,0,13.2,4.7,99.3,0,3,0,47.1,1,MNC,Data Scientist,61.92,47.1,0
S6013,8.06,Electrical and Electronics Engineering,3,1,0,1,0,45.5,4.2,78.4,1,4,0,59.6,1,MNC,Analyst,72.21,59.6,0
S6014,6.26,Computer Science and Engineering,2,1,1,0,0,72.8,4.2,85.0,0,4,0,51.3,1,MNC,Web Developer,80.98,51.3,0
S6015,8.19,Civil Engineering,1,0,1,1,0,84.8,9.5,62.3,2,6,0,100.0,1,MNC,Analyst,83.71,101.1,1
S6016,7.72,Computer Science and Engineering,1,1,0,0,0,55.7,4.4,92.8,2,5,1,67.6,1,Startup,Analyst,45.89,67.6,0
S6017,9.8,Information Technology,2,1,1,0,0,30.2,7.9,94.6,1,2,0,61.2,1,Mid-size,Web Developer,55.96,61.2,0
S6018,7.27,Information Technology,1,1,0,1,1,91.4,7.2,80.3,2,4,3,94.5,1,Top Tech,Software Engineer,101.55,94.5,0
S6019,5.9,Electrical and Electronics Engineering,1,0,1,0,0,75.3,4.9,93.6,0,1,0,27.2,1,Startup,Software Engineer,45.56,27.2,0
S6020,5.71,Computer Science and Engineering,1,1,0,1,0,61.6,7.4,50.2,0,2,0,57.0,1,MNC,Data Scientist,71.47,57.0,0
S6021,6.68,Electrical and Electronics Engineering,3,1,0,1,1,99.9,7.1,58.4,2,1,0,76.1,1,MNC,Analyst,82.71,76.1,0
S6022,7.0,Electronics and Communication Engineering,1,1,1,1,0,13.3,4.8,51.3,2,3,0,78.0,1,Mid-size,Web Developer,59.0,78.0,0
S6023,7.08,Computer Science and Engineering,3,1,1,0,0,35.5,4.3,89.9,1,5,0,69.6,1,MNC,Data Scientist,81.0,69.6,0
S6024,8.17,Information Technology,1,1,1,0,1,59.6,4.6,58.1,1,5,1,78.8,1,Mid-size,Web Developer,54.36,78.8,0
S6025,8.4,Civil Engineering,2,1,1,0,1,42.7,7.0,47.6,1,1,0,66.5,1,MNC,Software Engineer,79.02,66.5,0
S6026,6.71,Computer Science and Engineering,2,0,0,0,1,61.4,4.4,55.5,2,1,0,49.3,1,Startup,Web Developer,43.17,49.3,0
S6027,6.03,Electrical and Electronics Engineering,2,0,1,1,0,14.9,6.9,50.7,2,5,0,86.6,1,MNC,Data Scientist,75.79,86.6,0
S6028,9.63,Computer Science and Engineering,3,1,1,0,0,83.6,9.8,93.4,1,1,0,59.7,1,MNC,Software Engineer,92.8,59.7,0
S6029,5.71,Civil Engineering,1,0,0,0,1,78.4,5.0,50.1,0,2,2,35.0,0,Not placed,Not placed,,35.0,0
S6030,6.06,Electronics and Communication Engineering,3,0,1,0,1,75.4,9.1,89.4,0,5,0,77.2,1,Mid-size,Analyst,56.62,77.2,0
S6031,8.23,Civil Engineering,2,0,1,0,0,27.3,9.5,89.5,1,4,0,64.3,1,Startup,Data Scientist,46.87,64.3,0
S6032,5.3,Electronics and Communication Engineering,1,0,0,0,0,5.7,6.7,94.2,1,2,0,37.7,0,Not placed,Not placed,,37.7,0
S6033,9.58,Civil Engineering,2,1,0,0,0,65.0,5.4,59.3,1,3,1,54.4,0,Not placed,Not placed,,54.4,0
S6034,8.75,Information Technology,1,1,0,0,1,88.1,6.5,70.4,0,5,0,63.1,1,Mid-size,Web Developer,58.29,63.1,0
S6035,9.47,Computer Science and Engineering,3,1,1,1,0,56.4,5.7,45.1,2,4,0,83.2,1,Mid-size,Software Engineer,55.81,83.2,0
S6036,9.86,Mechanical Engineering,2,0,1,0,0,70.0,5.5,75.8,0,4,0,43.7,1,Startup,Web Developer,40.42,43.7,0
S6037,6.32,Information Technology,3,0,0,0,0,26.3,5.1,78.2,1,6,0,54.7,0,Not placed,Not placed,,54.7,0
S6038,6.31,Civil Engineering,1,0,1,0,0,76.1,9.2,71.0,1,3,0,57.6,1,Startup,Analyst,42.74,57.6,0
S6039,7.57,Electronics and Communication Engineering,1,0,0,0,1,81.1,5.4,82.7,1,3,0,50.1,1,Startup,Analyst,38.24,50.1,0
S6040,9.65,Electrical and Electronics Engineering,2,1,0,0,0,72.4,7.0,98.7,1,5,0,70.3,1,Startup,Data Scientist,54.67,70.3,0
S6041,7.65,Electronics and Communication Engineering,3,0,0,0,1,25.7,8.3,75.3,0,3,0,46.7,1,Startup,Analyst,40.01,46.7,0
S6042,8.68,Civil Engineering,3,1,1,0,1,84.6,4.2,93.1,1,3,1,66.0,1,MNC,Data Scientist,85.34,66.0,0
S6043,7.15,Electronics and Communication Engineering,3,1,1,1,0,93.6,6.3,79.3,1,4,0,78.3,1,Mid-size,Analyst,67.39,78.3,0
S6044,9.27,Electrical and Electronics Engineering,1,1,1,0,0,11.7,8.2,52.2,0,5,0,74.5,1,Mid-size,Web Developer,64.74,74.5,0
S6045,6.42,Electronics and Communication Engineering,2,0,0,1,0,45.1,7.7,43.4,1,3,3,57.6,0,Not placed,Not placed,,57.6,0
S6046,9.81,Electronics and Communication Engineering,2,0,1,0,1,1.4,7.3,71.3,0,3,1,53.2,0,Not placed,Not placed,,53.2,0
S6047,9.44,Information Technology,3,0,1,1,0,37.7,8.4,44.6,2,1,1,68.6,0,Not placed,Not placed,,68.6,0
S6048,7.52,Electrical and Electronics Engineering,3,1,0,1,1,18.3,6.9,77.7,1,4,1,79.0,1,MNC,Web Developer,92.89,79.0,0
S6049,9.1,Electronics and Communication Engineering,2,1,0,1,0,79.9,7.7,90.8,1,1,0,59.8,1,MNC,Software Engineer,76.27,59.8,0
S6050,7.52,Mechanical Engineering,2,0,1,0,1,21.4,7.0,81.7,3,4,0,87.5,1,Mid-size,Data Scientist,73.31,87.5,0
S6051,6.78,Electronics and Communication Engineering,2,1,0,1,0,55.5,4.8,91.0,1,3,0,55.4,1,MNC,Web Developer,71.35,55.4,0
S6052,8.96,Electrical and Electronics Engineering,3,0,0,1,1,16.4,7.4,72.6,2,3,0,77.5,1,Mid-size,Data Scientist,52.47,77.5,0
S6053,8.17,Computer Science and Engineering,2,0,1,1,1,72.6,5.1,87.1,1,4,0,73.0,1,Mid-size,Data Scientist,68.6,73.0,0
S6054,9.87,Mechanical Engineering,2,1,1,1,0,83.8,7.0,88.4,1,4,0,82.2,1,Mid-size,Data Scientist,69.51,82.2,0
S6055,9.66,Mechanical Engineering,1,0,1,1,1,77.2,5.3,45.2,1,4,0,79.5,1,Top Tech,Data Scientist,101.91,79.5,0
S6056,6.83,Civil Engineering,2,1,1,0,1,68.7,9.4,52.5,1,6,1,99.9,1,MNC,Software Engineer,95.69,99.9,0
S6057,9.19,Electrical and Electronics Engineering,1,0,0,0,0,0.7,7.7,80.4,2,3,3,59.5,0,Not placed,Not placed,,59.5,0
S6058,7.36,Mechanical Engineering,3,1,1,0,1,33.3,6.7,80.1,1,6,0,92.4,1,Mid-size,Software Engineer,55.71,92.4,0
S6059,6.52,Mechanical Engineering,1,1,0,0,0,96.7,9.0,43.5,0,4,0,52.1,1,Startup,Software Engineer,39.33,52.1,0
S6060,8.28,Electronics and Communication Engineering,3,1,1,0,0,87.6,8.0,44.7,0,3,0,59.0,1,MNC,Data Scientist,80.77,59.0,0
S6061,9.92,Civil Engineering,1,0,1,0,1,80.4,6.2,52.5,0,5,1,66.7,1,Mid-size,Analyst,56.48,66.7,0
S6062,8.31,Electrical and Electronics Engineering,1,1,0,0,1,43.4,6.9,77.2,2,2,1,69.3,1,Mid-size,Analyst,58.63,69.3,0
S6063,6.65,Civil Engineering,2,1,1,0,0,36.5,6.4,42.2,2,2,0,69.9,1,MNC,Web Developer,66.49,69.9,0
S6064,7.71,Mechanical Engineering,3,1,1,1,0,91.1,9.1,94.1,1,6,3,97.0,1,Mid-size,Web Developer,60.72,97.0,0
S6065,7.87,Information Technology,3,0,0,0,0,25.2,6.8,86.7,1,3,0,49.6,0,Not placed,Not placed,,49.6,0
S6066,7.41,Electronics and Communication Engineering,3,1,0,0,1,41.4,4.6,82.2,2,5,1,81.2,1,Mid-size,Web Developer,50.82,81.2,0
S6067,5.81,Civil Engineering,1,0,1,0,1,27.7,5.5,93.8,0,2,0,47.0,1,MNC,Data Scientist,73.06,47.0,0
S6068,5.6,Civil Engineering,3,1,1,1,0,12.4,9.8,42.4,1,5,0,89.7,1,MNC,Web Developer,86.45,89.7,0
S6069,6.17,Information Technology,3,1,0,0,0,6.9,5.7,82.0,1,2,0,43.5,0,Not placed,Not placed,,43.5,0
S6070,5.21,Information Technology,3,0,0,1,1,17.2,9.2,57.1,1,3,0,70.1,1,MNC,Software Engineer,80.43,70.1,0
S6071,8.55,Mechanical Engineering,1,1,1,0,1,71.8,7.7,69.1,3,6,0,100.0,1,MNC,Web Developer,83.57,113.2,1
S6072,9.22,Information Technology,1,1,1,0,0,21.3,8.1,52.7,2,4,0,85.7,1,Mid-size,Analyst,69.76,85.7,0
S6073,5.66,Information Technology,2,1,1,0,0,71.8,6.1,54.9,1,5,0,69.1,1,MNC,Analyst,65.28,69.1,0
S6074,5.16,Information Technology,3,1,1,1,1,27.1,6.1,71.2,1,5,0,94.0,1,MNC,Software Engineer,75.3,94.0,0
S6075,9.51,Information Technology,1,1,0,0,1,17.0,8.0,60.4,2,3,0,75.3,1,MNC,Software Engineer,69.31,75.3,0
S6076,7.6,Computer Science and Engineering,2,1,1,0,1,94.0,5.6,67.4,1,5,0,86.3,1,MNC,Software Engineer,77.34,86.3,0
S6077,6.54,Information Technology,1,0,0,0,0,86.2,6.2,70.8,2,6,0,65.7,1,Startup,Software Engineer,50.38,65.7,0
S6078,7.74,Computer Science and Engineering,2,1,1,0,1,50.4,5.6,66.1,1,3,0,71.9,1,MNC,Web Developer,91.68,71.9,0
S6079,5.28,Computer Science and Engineering,2,0,1,0,0,74.4,8.9,57.2,2,6,1,84.1,1,Startup,Analyst,42.49,84.1,0
S6080,7.6,Civil Engineering,2,1,0,1,0,21.3,7.4,93.4,0,4,0,58.4,1,Mid-size,Software Engineer,63.37,58.4,0
S6081,5.29,Civil Engineering,3,1,1,0,0,2.3,5.0,95.2,3,2,0,77.2,1,MNC,Analyst,81.66,77.2,0
S6082,9.95,Electronics and Communication Engineering,2,0,1,1,0,46.3,8.5,68.0,0,2,0,53.4,1,Mid-size,Analyst,63.81,53.4,0
S6083,8.21,Information Technology,2,0,0,1,0,55.8,4.5,45.3,0,4,0,47.6,1,Startup,Web Developer,44.39,47.6,0
S6084,5.73,Mechanical Engineering,3,1,0,0,0,21.7,6.2,77.5,0,4,0,44.3,1,Startup,Web Developer,36.06,44.3,0
S6085,8.6,Civil Engineering,3,0,1,0,1,10.1,4.2,48.3,2,2,2,64.5,0,Not placed,Not placed,,64.5,0
S6086,6.56,Mechanical Engineering,1,0,0,0,1,77.0,4.3,48.9,3,3,0,65.7,1,Startup,Web Developer,51.94,65.7,0
S6087,9.29,Computer Science and Engineering,2,1,0,0,1,28.9,8.2,61.9,0,2,0,52.9,1,MNC,Analyst,90.43,52.9,0
S6088,8.51,Electronics and Communication Engineering,1,0,1,1,0,12.2,6.7,64.1,0,1,1,45.7,1,MNC,Analyst,67.62,45.7,0
S6089,7.12,Civil Engineering,2,1,0,0,1,10.9,5.0,76.3,0,6,1,61.2,1,MNC,Web Developer,73.19,61.2,0
S6090,5.36,Mechanical Engineering,1,1,1,0,0,38.4,9.3,95.7,1,1,0,60.8,1,MNC,Web Developer,84.8,60.8,0
S6091,7.08,Civil Engineering,3,1,0,0,0,26.6,7.2,78.5,1,4,0,60.7,0,Not placed,Not placed,,60.7,0
S6092,8.3,Mechanical Engineering,2,1,1,0,0,71.2,8.8,57.0,1,1,1,60.7,1,MNC,Web Developer,86.6,60.7,0
S6093,7.02,Computer Science and Engineering,2,1,1,0,1,14.6,9.8,58.4,0,5,0,80.5,1,Mid-size,Software Engineer,59.6,80.5,0
S6094,8.54,Electrical and Electronics Engineering,1,0,0,1,0,47.0,9.0,57.3,3,2,2,79.1,1,Startup,Web Developer,49.48,79.1,0
S6095,8.64,Electronics and Communication Engineering,3,0,1,0,0,68.2,8.9,97.3,1,1,0,53.3,1,Startup,Software Engineer,49.58,53.3,0
S6096,9.15,Computer Science and Engineering,1,1,1,1,1,8.4,4.0,97.3,0,5,0,75.4,1,MNC,Software Engineer,87.14,75.4,0
S6097,6.62,Electrical and Electronics Engineering,2,0,0,1,0,82.1,4.1,42.1,0,1,2,28.4,0,Not placed,Not placed,,28.4,0
S6098,8.87,Civil Engineering,2,1,1,0,0,30.7,8.6,79.4,0,5,3,73.4,0,Not placed,Not placed,,73.4,0
S6099,8.14,Information Technology,3,1,0,0,0,88.1,9.2,61.9,0,4,1,61.4,1,Startup,Web Developer,46.56,61.4,0
S6100,9.16,Computer Science and Engineering,2,0,1,0,0,52.4,8.4,89.3,0,4,0,55.0,1,Startup,Analyst,47.27,55.0,0
S6101,6.56,Mechanical Engineering,3,1,0,1,1,12.2,6.4,48.7,3,5,0,100.0,1,MNC,Web Developer,77.66,102.9,1
S6102,9.56,Information Technology,3,0,0,1,1,9.1,6.8,96.2,2,1,0,61.5,1,MNC,Web Developer,89.0,61.5,0
S6103,9.55,Computer Science and Engineering,1,1,0,0,1,37.2,5.9,81.1,2,6,0,84.0,1,Mid-size,Data Scientist,58.6,84.0,0
S6104,6.03,Mechanical Engineering,3,1,0,0,1,0.3,6.6,83.6,2,5,1,86.3,1,MNC,Software Engineer,74.45,86.3,0
S6105,7.02,Mechanical Engineering,2,1,1,0,0,28.9,9.8,96.6,1,2,1,67.7,1,MNC,Software Engineer,76.53,67.7,0
S6106,8.91,Mechanical Engineering,1,1,0,0,1,65.1,5.2,83.2,1,5,0,70.9,1,MNC,Web Developer,74.74,70.9,0
S6107,8.25,Electronics and Communication Engineering,3,0,1,0,1,60.2,8.7,67.8,3,4,0,92.0,1,Mid-size,Web Developer,57.12,92.0,0
S6108,9.64,Mechanical Engineering,3,1,1,0,0,30.6,5.8,47.7,0,6,0,67.3,1,Mid-size,Software Engineer,53.13,67.3,0
S6109,6.1,Electronics and Communication Engineering,3,1,0,1,1,79.0,4.8,40.9,0,1,0,51.6,0,Not placed,Not placed,,51.6,0
S6110,6.24,Computer Science and Engineering,3,1,0,1,0,5.2,4.4,98.2,3,1,1,72.9,0,Not placed,Not placed,,72.9,0
S6111,5.12,Mechanical Engineering,2,0,0,1,0,89.8,9.5,62.1,1,5,0,71.4,1,Startup,Data Scientist,45.94,71.4,0
S6112,7.99,Electrical and Electronics Engineering,2,1,1,0,0,28.6,6.2,41.5,2,4,1,77.1,1,MNC,Data Scientist,76.49,77.1,0
S6113,8.43,Computer Science and Engineering,2,0,1,1,1,81.8,9.4,76.9,0,6,0,90.6,1,Mid-size,Analyst,77.0,90.6,0
S6114,6.52,Electrical and Electronics Engineering,1,1,1,0,0,98.7,9.3,76.6,1,6,0,88.8,1,MNC,Data Scientist,83.82,88.8,0
S6115,5.57,Computer Science and Engineering,1,1,0,0,0,1.1,7.7,87.8,0,2,1,41.1,0,Not placed,Not placed,,41.1,0
S6116,8.21,Electrical and Electronics Engineering,2,1,1,0,1,84.6,7.5,98.5,1,3,0,76.7,1,Mid-size,Data Scientist,64.4,76.7,0
S6117,9.2,Computer Science and Engineering,2,1,1,0,0,73.6,6.4,66.8,1,3,0,64.6,1,MNC,Data Scientist,79.07,64.6,0
S6118,7.41,Electrical and Electronics Engineering,1,1,1,1,1,24.3,9.0,83.3,1,1,0,79.4,1,Mid-size,Analyst,71.54,79.4,0
S6119,9.88,Information Technology,1,1,0,0,0,74.7,5.9,46.1,1,3,1,57.5,1,Startup,Analyst,45.84,57.5,0
S6120,5.39,Civil Engineering,3,1,0,0,1,29.2,8.6,44.6,0,4,0,67.5,0,Not placed,Not placed,,67.5,0
S6121,9.77,Electrical and Electronics Engineering,1,1,1,0,0,40.9,9.5,68.4,0,5,1,75.8,1,Mid-size,Web Developer,57.44,75.8,0
S6122,9.68,Civil Engineering,1,1,0,0,1,35.5,9.2,86.9,2,3,3,84.8,1,MNC,Software Engineer,88.91,84.8,0
S6123,5.32,Information Technology,1,0,1,1,1,77.2,5.4,98.1,0,5,0,68.9,1,Top Tech,Data Scientist,103.65,68.9,0
S6124,8.1,Civil Engineering,3,1,0,0,0,1.4,8.1,65.2,1,4,0,59.3,0,Not placed,Not placed,,59.3,0
S6125,9.21,Mechanical Engineering,1,1,1,0,0,56.9,8.3,87.3,1,4,0,79.8,1,MNC,Web Developer,79.79,79.8,0
S6126,6.95,Electrical and Electronics Engineering,2,1,0,0,0,65.9,9.5,56.3,3,2,0,80.9,1,Startup,Web Developer,53.05,80.9,0
S6127,8.41,Computer Science and Engineering,3,0,1,1,1,72.8,5.9,55.1,2,4,0,88.3,1,MNC,Analyst,81.76,88.3,0
S6128,8.69,Civil Engineering,3,1,0,1,0,51.9,6.2,95.2,0,5,0,64.5,1,Mid-size,Software Engineer,53.62,64.5,0
S6129,7.69,Electrical and Electronics Engineering,2,1,0,0,1,37.0,4.8,85.5,1,2,0,58.3,1,MNC,Software Engineer,80.68,58.3,0
S6130,9.94,Electronics and Communication Engineering,2,1,1,1,1,79.6,7.7,61.9,0,5,0,84.5,1,Mid-size,Web Developer,75.87,84.5,0
S6131,7.15,Computer Science and Engineering,1,0,0,0,1,28.5,6.9,98.7,0,6,0,63.4,1,Startup,Software Engineer,36.8,63.4,0
S6132,6.93,Electronics and Communication Engineering,3,1,0,0,1,88.1,7.0,51.6,2,6,1,90.7,1,Mid-size,Analyst,69.91,90.7,0
S6133,6.12,Electrical and Electronics Engineering,2,1,1,0,1,19.2,6.1,43.2,0,1,1,52.8,1,Mid-size,Data Scientist,66.48,52.8,0
S6134,8.29,Information Technology,1,0,1,0,0,97.2,6.4,48.1,0,4,0,53.9,1,Startup,Software Engineer,39.54,53.9,0
S6135,7.36,Information Technology,1,1,0,0,1,59.9,6.9,61.4,1,1,1,56.3,1,MNC,Data Scientist,65.8,56.3,0
S6136,5.81,Civil Engineering,1,1,0,0,0,25.1,7.7,81.7,0,1,0,35.6,1,Startup,Web Developer,45.54,35.6,0
S6137,9.13,Civil Engineering,3,0,0,0,0,78.1,6.9,45.4,1,4,0,48.1,1,Startup,Analyst,49.0,48.1,0
S6138,5.07,Mechanical Engineering,2,1,0,1,0,99.4,4.2,73.1,0,1,0,36.9,1,Mid-size,Web Developer,47.82,36.9,0
S6139,5.51,Computer Science and Engineering,3,1,1,0,0,69.6,4.2,79.8,0,1,0,42.1,1,Mid-size,Data Scientist,64.72,42.1,0
S6140,6.76,Mechanical Engineering,2,0,0,1,1,86.1,9.2,51.2,2,4,0,92.0,1,MNC,Software Engineer,78.1,92.0,0
S6141,6.32,Mechanical Engineering,1,0,1,0,0,60.7,7.7,67.3,3,5,2,86.0,1,Startup,Data Scientist,50.82,86.0,0
S6142,6.81,Information Technology,1,0,1,1,0,2.0,7.0,63.0,0,5,0,63.4,1,Mid-size,Analyst,58.81,63.4,0
S6143,6.22,Information Technology,3,1,0,0,0,20.2,9.4,47.2,0,6,0,68.2,1,Startup,Web Developer,40.6,68.2,0
S6144,8.18,Computer Science and Engineering,2,1,1,0,1,55.2,6.8,90.5,1,4,2,78.6,1,MNC,Software Engineer,77.67,78.6,0
S6145,5.4,Mechanical Engineering,1,1,1,1,1,48.0,8.0,49.3,0,5,1,84.9,1,MNC,Software Engineer,84.01,84.9,0
S6146,7.67,Mechanical Engineering,3,0,0,0,1,62.8,6.7,70.4,1,6,0,69.7,1,Startup,Analyst,44.36,69.7,0
S6147,8.99,Mechanical Engineering,3,1,1,0,1,70.2,7.9,76.4,2,3,1,93.5,1,MNC,Software Engineer,83.7,93.5,0
S6148,7.7,Electronics and Communication Engineering,1,1,0,1,0,79.9,6.6,99.4,1,4,0,72.9,1,MNC,Analyst,71.98,72.9,0
S6149,6.76,Information Technology,2,1,1,1,1,43.5,9.1,47.2,0,3,0,78.5,1,MNC,Data Scientist,92.01,78.5,0
S6150,5.43,Information Technology,3,0,0,0,0,44.5,8.8,46.0,0,5,0,47.2,1,Startup,Web Developer,41.99,47.2,0
S6151,5.31,Electrical and Electronics Engineering,2,1,0,0,0,56.8,4.1,72.0,2,2,0,49.8,1,Startup,Data Scientist,48.92,49.8,0
S6152,7.28,Computer Science and Engineering,1,0,0,0,0,16.4,7.8,97.9,2,3,1,58.7,1,Startup,Web Developer,42.13,58.7,0
S6153,5.01,Mechanical Engineering,3,1,0,0,1,52.2,5.7,85.2,1,2,0,61.5,1,MNC,Software Engineer,78.95,61.5,0
S6154,5.14,Information Technology,3,1,0,1,0,78.2,4.6,92.5,0,3,1,50.8,0,Not placed,Not placed,,50.8,0
S6155,9.74,Information Technology,3,1,0,0,1,88.2,9.9,82.4,1,1,0,62.0,1,MNC,Data Scientist,87.14,62.0,0
S6156,8.87,Computer Science and Engineering,2,0,0,1,0,86.1,5.7,67.6,0,1,1,36.6,1,Startup,Software Engineer,48.02,36.6,0
S6157,8.48,Mechanical Engineering,1,1,0,1,0,11.6,4.1,44.0,0,2,0,44.8,1,Mid-size,Data Scientist,59.56,44.8,0
S6158,6.16,Civil Engineering,2,1,1,0,1,10.8,7.9,56.7,2,2,0,85.4,1,Mid-size,Analyst,58.42,85.4,0
S6159,8.08,Information Technology,2,0,0,0,0,13.0,9.0,59.5,1,5,3,60.6,0,Not placed,Not placed,,60.6,0
S6160,8.51,Electrical and Electronics Engineering,1,1,1,0,1,20.3,6.3,64.0,0,6,0,83.5,1,MNC,Web Developer,78.4,83.5,0
S6161,7.58,Computer Science and Engineering,2,0,0,0,0,15.5,4.1,66.0,1,5,1,45.3,0,Not placed,Not placed,,45.3,0
S6162,9.88,Electrical and Electronics Engineering,1,1,0,0,1,33.1,8.6,42.4,0,4,1,62.2,1,MNC,Data Scientist,83.97,62.2,0
S6163,8.1,Civil Engineering,3,1,0,0,0,76.1,5.0,55.1,2,5,0,70.5,1,Startup,Analyst,41.36,70.5,0
S6164,8.55,Electrical and Electronics Engineering,2,0,0,0,0,19.9,6.8,84.9,0,2,0,27.1,0,Not placed,Not placed,,27.1,0
S6165,7.81,Mechanical Engineering,1,1,0,1,0,53.4,9.1,83.7,2,4,0,87.7,1,MNC,Data Scientist,82.91,87.7,0
S6166,7.28,Electrical and Electronics Engineering,3,0,1,1,1,92.8,5.7,62.9,1,5,0,84.6,1,MNC,Web Developer,76.28,84.6,0
S6167,5.75,Civil Engineering,3,1,1,1,0,59.0,8.0,87.3,1,4,0,81.8,1,MNC,Data Scientist,67.39,81.8,0
S6168,8.68,Information Technology,3,0,1,1,0,52.5,5.9,62.5,1,1,0,50.8,1,MNC,Analyst,85.68,50.8,0
S6169,7.91,Electrical and Electronics Engineering,1,1,1,0,0,29.8,8.9,50.2,1,6,0,90.3,1,MNC,Web Developer,79.36,90.3,0
S6170,8.62,Mechanical Engineering,1,1,1,0,1,43.8,4.3,55.5,3,2,1,82.4,1,MNC,Web Developer,70.56,82.4,0
S6171,7.53,Computer Science and Engineering,3,1,0,0,0,4.1,9.2,89.6,1,3,0,58.6,0,Not placed,Not placed,,58.6,0
S6172,8.81,Computer Science and Engineering,3,0,1,1,0,53.2,8.4,81.0,0,4,0,67.2,1,MNC,Data Scientist,75.98,67.2,0
S6173,5.73,Civil Engineering,1,1,1,0,0,74.1,6.3,44.3,0,6,0,70.3,1,MNC,Analyst,75.06,70.3,0
S6174,7.12,Electronics and Communication Engineering,2,1,0,0,0,42.4,6.4,67.6,0,5,0,54.2,1,Startup,Analyst,35.02,54.2,0
S6175,6.29,Electrical and Electronics Engineering,3,0,1,0,0,81.6,5.7,76.3,3,1,0,64.2,1,Startup,Analyst,51.09,64.2,0
S6176,7.06,Electronics and Communication Engineering,3,0,1,0,1,76.1,6.2,98.7,2,5,1,79.6,1,MNC,Analyst,92.02,79.6,0
S6177,6.16,Electronics and Communication Engineering,2,1,1,0,1,0.2,7.4,76.9,0,5,0,77.5,1,MNC,Web Developer,69.87,77.5,0
S6178,8.09,Electrical and Electronics Engineering,3,0,1,1,1,89.1,9.5,51.3,2,1,0,79.6,1,Mid-size,Data Scientist,77.77,79.6,0
S6179,8.26,Electrical and Electronics Engineering,2,0,0,1,1,99.0,4.5,60.9,2,2,0,62.3,1,MNC,Software Engineer,90.76,62.3,0
S6180,8.28,Civil Engineering,2,1,1,0,1,9.2,5.5,95.5,0,2,0,55.7,1,Mid-size,Analyst,66.73,55.7,0
S6181,9.87,Mechanical Engineering,3,1,1,0,1,94.9,9.9,76.8,2,3,0,90.3,1,MNC,Software Engineer,92.22,90.3,0
S6182,9.68,Electronics and Communication Engineering,3,1,1,1,1,11.8,7.9,49.4,2,5,0,100.0,1,MNC,Analyst,76.93,111.4,1
S6183,7.68,Electronics and Communication Engineering,2,1,0,1,0,75.7,9.0,92.0,0,6,1,78.4,1,MNC,Data Scientist,70.27,78.4,0
S6184,6.63,Electronics and Communication Engineering,2,1,1,1,0,91.9,6.3,90.3,1,1,0,63.3,1,MNC,Data Scientist,82.25,63.3,0
S6185,8.72,Mechanical Engineering,1,0,0,0,0,64.8,5.7,42.5,3,5,0,73.8,1,Startup,Analyst,50.26,73.8,0
S6186,9.91,Electronics and Communication Engineering,1,1,1,0,0,95.4,4.8,92.5,1,1,1,54.1,1,MNC,Analyst,76.72,54.1,0
S6187,8.85,Mechanical Engineering,3,0,0,0,0,92.4,5.0,64.8,1,2,0,37.6,0,Not placed,Not placed,,37.6,0
S6188,9.25,Electrical and Electronics Engineering,2,1,1,0,1,19.1,7.2,63.7,1,4,0,78.4,1,Mid-size,Analyst,69.25,78.4,0
S6189,7.92,Mechanical Engineering,2,1,0,0,0,24.9,9.6,46.5,2,3,0,78.2,1,Startup,Data Scientist,47.29,78.2,0
S6190,6.15,Mechanical Engineering,1,1,1,0,0,71.7,5.7,45.8,3,4,1,87.7,1,Mid-size,Analyst,68.37,87.7,0
S6191,7.15,Information Technology,3,0,1,0,0,57.3,9.6,52.5,0,4,3,53.9,0,Not placed,Not placed,,53.9,0
S6192,8.42,Civil Engineering,2,0,0,0,1,58.3,5.0,76.9,0,1,0,30.1,1,Startup,Analyst,39.97,30.1,0
S6193,5.86,Information Technology,2,0,1,1,1,47.5,8.2,67.3,1,4,1,81.9,1,Mid-size,Data Scientist,61.66,81.9,0
S6194,6.14,Computer Science and Engineering,3,1,0,0,0,27.8,6.8,97.0,1,4,0,56.3,1,Startup,Analyst,39.21,56.3,0
S6195,8.76,Civil Engineering,1,0,0,0,0,27.6,7.4,71.5,1,3,0,48.3,0,Not placed,Not placed,,48.3,0
S6196,8.55,Information Technology,3,1,0,0,0,21.0,6.2,85.3,1,1,0,46.5,0,Not placed,Not placed,,46.5,0
S6197,9.55,Civil Engineering,2,0,1,0,1,56.6,4.7,66.2,1,5,0,70.5,1,Mid-size,Data Scientist,72.46,70.5,0
S6198,5.95,Civil Engineering,2,1,0,0,0,54.6,7.2,91.0,1,5,3,63.5,0,Not placed,Not placed,,63.5,0
S6199,6.75,Electronics and Communication Engineering,1,1,1,0,0,29.6,9.3,49.2,1,3,0,73.8,1,MNC,Web Developer,85.11,73.8,0
S6200,6.11,Electrical and Electronics Engineering,3,1,0,1,1,67.8,5.9,93.6,0,2,2,58.9,0,Not placed,Not placed,,58.9,0
S6201,7.21,Electronics and Communication Engineering,3,1,1,0,0,42.1,8.0,56.0,2,3,0,78.4,1,MNC,Web Developer,91.51,78.4,0
S6202,6.08,Mechanical Engineering,2,1,0,0,0,85.1,7.1,86.9,0,1,0,31.6,0,Not placed,Not placed,,31.6,0
S6203,5.12,Information Technology,2,0,1,1,0,8.1,8.2,73.2,0,2,0,50.3,1,MNC,Software Engineer,77.27,50.3,0
S6204,9.99,Electronics and Communication Engineering,1,0,1,0,1,41.0,8.0,99.7,0,1,3,53.4,0,Not placed,Not placed,,53.4,0
S6205,5.49,Electrical and Electronics Engineering,3,1,1,1,1,61.5,4.7,66.5,1,6,0,95.8,1,MNC,Web Developer,84.2,95.8,0
S6206,9.95,Computer Science and Engineering,1,1,0,0,1,52.2,9.9,66.0,2,1,0,79.7,1,MNC,Data Scientist,87.8,79.7,0
S6207,8.52,Electronics and Communication Engineering,2,1,1,0,0,29.9,8.7,87.6,1,6,0,85.7,1,Mid-size,Web Developer,69.91,85.7,0
S6208,9.35,Mechanical Engineering,3,1,0,0,1,68.6,9.1,94.3,0,5,0,68.5,1,Mid-size,Analyst,64.28,68.5,0
S6209,9.69,Mechanical Engineering,3,0,0,1,1,77.8,6.3,56.5,1,2,1,60.3,1,MNC,Web Developer,77.82,60.3,0
S6210,7.55,Information Technology,2,1,0,1,1,23.6,4.2,50.3,1,2,3,64.8,0,Not placed,Not placed,,64.8,0
S6211,5.9,Computer Science and Engineering,2,1,0,1,0,19.7,7.7,94.9,0,4,2,59.5,0,Not placed,Not placed,,59.5,0
S6212,6.0,Civil Engineering,2,0,0,1,1,12.0,4.8,96.1,1,6,0,70.5,1,MNC,Software Engineer,77.76,70.5,0
S6213,5.17,Electrical and Electronics Engineering,2,1,1,0,1,65.7,6.3,87.8,2,3,0,86.4,1,Mid-size,Web Developer,56.7,86.4,0
S6214,6.23,Electronics and Communication Engineering,1,0,0,0,0,66.7,6.6,51.3,1,3,0,42.2,1,Startup,Data Scientist,46.38,42.2,0
S6215,5.47,Information Technology,1,1,0,0,1,88.8,5.6,56.1,2,1,0,64.2,1,MNC,Analyst,81.04,64.2,0
S6216,8.35,Computer Science and Engineering,1,1,0,0,0,8.6,9.6,91.7,1,1,0,51.7,1,Startup,Software Engineer,47.26,51.7,0
S6217,5.46,Electronics and Communication Engineering,1,0,0,0,0,26.9,9.4,85.2,0,2,1,39.2,0,Not placed,Not placed,,39.2,0
S6218,5.9,Mechanical Engineering,3,1,1,0,1,94.4,8.3,95.4,1,5,0,86.2,1,Mid-size,Analyst,53.21,86.2,0
S6219,9.63,Information Technology,1,0,1,0,1,52.1,6.7,93.5,1,6,0,79.4,1,MNC,Web Developer,88.26,79.4,0
S6220,9.61,Information Technology,1,1,0,0,0,27.6,7.2,54.0,2,5,0,75.4,1,Startup,Software Engineer,47.91,75.4,0
S6221,5.21,Computer Science and Engineering,1,1,0,0,0,98.2,9.7,89.5,0,3,0,54.7,1,Startup,Analyst,48.3,54.7,0
S6222,7.06,Mechanical Engineering,3,1,1,1,1,94.6,6.6,44.2,0,4,0,79.0,1,Mid-size,Analyst,63.02,79.0,0
S6223,5.44,Electronics and Communication Engineering,2,0,0,0,0,9.4,9.4,89.7,1,2,0,49.7,0,Not placed,Not placed,,49.7,0
S6224,7.92,Information Technology,1,1,0,0,0,8.0,5.8,52.1,0,6,0,58.4,1,Startup,Data Scientist,44.66,58.4,0
S6225,9.84,Mechanical Engineering,3,1,0,1,0,15.2,6.3,60.0,1,6,1,74.7,1,MNC,Analyst,83.79,74.7,0
S6226,7.84,Mechanical Engineering,2,0,0,1,0,66.0,8.8,71.8,1,5,0,70.7,1,Startup,Data Scientist,39.48,70.7,0
S6227,8.34,Information Technology,1,0,0,1,1,34.6,10.0,58.6,0,4,0,73.6,1,Mid-size,Analyst,62.38,73.6,0
S6228,7.03,Information Technology,1,1,0,1,0,54.4,6.1,95.3,1,6,0,81.0,1,MNC,Web Developer,72.72,81.0,0
S6229,7.66,Information Technology,3,0,1,1,0,74.0,7.9,56.2,0,3,0,55.4,1,MNC,Software Engineer,76.45,55.4,0
S6230,5.26,Information Technology,1,1,1,0,0,8.3,5.0,66.9,2,5,1,83.9,1,MNC,Analyst,80.57,83.9,0
S6231,7.97,Electrical and Electronics Engineering,1,1,1,1,1,2.1,8.4,59.9,2,3,0,100.0,1,MNC,Software Engineer,92.96,103.9,1
S6232,8.78,Information Technology,2,1,1,1,1,5.6,4.9,72.5,3,5,0,100.0,1,MNC,Data Scientist,92.44,111.2,1
S6233,9.3,Information Technology,2,1,1,0,0,59.6,5.6,88.4,2,1,0,64.7,1,MNC,Data Scientist,85.89,64.7,0
S6234,8.52,Information Technology,1,0,1,0,0,12.8,4.8,75.3,0,4,0,42.9,0,Not placed,Not placed,,42.9,0
S6235,9.2,Electronics and Communication Engineering,1,1,0,0,0,1.7,5.8,52.6,0,6,0,53.1,1,Startup,Software Engineer,45.37,53.1,0
S6236,9.27,Information Technology,3,0,1,1,0,16.4,6.3,85.6,2,3,0,78.6,1,MNC,Analyst,82.98,78.6,0
S6237,7.89,Electrical and Electronics Engineering,3,1,1,0,1,24.3,5.3,44.5,1,1,0,57.9,1,Mid-size,Web Developer,65.63,57.9,0
S6238,5.29,Electrical and Electronics Engineering,1,0,0,0,0,8.3,6.8,71.8,1,6,0,64.4,1,Startup,Data Scientist,42.81,64.4,0
S6239,7.63,Computer Science and Engineering,1,1,1,1,0,11.4,4.3,92.0,0,5,0,71.7,1,MNC,Web Developer,66.09,71.7,0
S6240,7.11,Civil Engineering,2,1,1,1,1,34.3,7.1,89.6,1,3,0,88.0,1,MNC,Web Developer,70.37,88.0,0
S6241,6.58,Information Technology,3,0,0,0,0,97.1,4.1,57.0,3,6,0,76.4,1,Startup,Web Developer,48.26,76.4,0
S6242,6.41,Mechanical Engineering,2,1,0,0,1,16.1,4.1,61.5,0,2,1,38.9,0,Not placed,Not placed,,38.9,0
S6243,7.69,Computer Science and Engineering,3,1,0,1,0,87.1,6.5,59.6,3,5,0,91.6,1,MNC,Analyst,80.43,91.6,0
S6244,6.82,Information Technology,3,1,1,0,1,70.0,8.9,48.2,1,6,0,93.9,1,MNC,Web Developer,79.46,93.9,0
S6245,8.33,Electrical and Electronics Engineering,3,1,0,0,0,42.6,10.0,66.8,0,1,0,48.8,1,Startup,Analyst,38.19,48.8,0
S6246,8.29,Electronics and Communication Engineering,1,0,1,0,1,7.5,8.3,60.2,1,2,1,63.6,1,Mid-size,Web Developer,60.57,63.6,0
S6247,8.5,Mechanical Engineering,3,1,0,0,0,31.6,9.7,69.4,3,1,0,76.7,1,Startup,Web Developer,54.29,76.7,0
S6248,7.02,Electrical and Electronics Engineering,3,0,1,0,0,85.2,6.3,49.1,1,6,0,66.6,1,Startup,Data Scientist,47.42,66.6,0
S6249,6.97,Electronics and Communication Engineering,1,1,0,0,1,13.0,5.1,98.3,2,2,0,62.1,1,MNC,Software Engineer,82.64,62.1,0
S6250,7.04,Mechanical Engineering,3,0,1,0,0,44.9,8.6,44.3,2,1,0,57.1,1,Startup,Web Developer,49.32,57.1,0
S6251,9.35,Information Technology,2,0,0,1,0,66.5,5.1,70.4,3,3,1,70.3,1,Startup,Data Scientist,44.63,70.3,0
S6252,6.34,Information Technology,2,0,1,0,0,73.0,7.7,51.0,0,4,3,52.2,0,Not placed,Not placed,,52.2,0
S6253,8.7,Electronics and Communication Engineering,2,1,1,0,0,31.5,9.5,61.0,1,4,3,79.6,1,MNC,Analyst,78.99,79.6,0
S6254,5.97,Information Technology,3,1,0,1,0,60.7,4.8,40.0,2,4,1,70.7,1,Mid-size,Analyst,49.69,70.7,0
S6255,9.18,Information Technology,2,0,0,0,1,96.5,5.3,46.5,0,2,0,38.2,1,Startup,Web Developer,38.78,38.2,0
S6256,8.04,Computer Science and Engineering,3,1,0,0,0,13.4,7.5,52.0,0,4,0,54.7,0,Not placed,Not placed,,54.7,0
S6257,7.62,Mechanical Engineering,1,0,1,0,1,30.9,6.5,89.6,3,5,1,89.6,1,Mid-size,Software Engineer,54.85,89.6,0
S6258,6.69,Electrical and Electronics Engineering,3,1,0,1,0,78.3,8.1,83.9,0,6,0,78.6,1,MNC,Software Engineer,76.86,78.6,0
S6259,5.6,Electrical and Electronics Engineering,3,0,0,1,0,96.4,9.0,55.7,0,3,1,56.2,0,Not placed,Not placed,,56.2,0
S6260,7.29,Electronics and Communication Engineering,2,1,0,0,1,70.0,4.7,92.0,2,3,0,65.2,1,MNC,Web Developer,74.93,65.2,0
S6261,5.12,Computer Science and Engineering,2,1,1,0,1,76.6,6.1,64.8,2,6,0,97.7,1,Mid-size,Web Developer,65.2,97.7,0
S6262,9.45,Civil Engineering,2,1,0,0,1,96.9,5.1,65.0,0,4,0,57.3,1,Mid-size,Web Developer,64.99,57.3,0
S6263,5.47,Computer Science and Engineering,2,0,0,1,1,24.8,5.8,50.2,1,2,1,57.0,0,Not placed,Not placed,,57.0,0
S6264,6.82,Electronics and Communication Engineering,2,1,0,0,0,95.7,7.2,72.2,1,4,0,64.9,1,Startup,Data Scientist,50.18,64.9,0
S6265,9.21,Electronics and Communication Engineering,2,1,1,1,0,38.6,9.3,40.8,0,1,3,67.2,0,Not placed,Not placed,,67.2,0
S6266,6.26,Electronics and Communication Engineering,2,1,0,0,0,60.2,8.1,82.9,3,4,2,86.7,1,Startup,Data Scientist,47.47,86.7,0
S6267,8.49,Information Technology,1,1,1,0,0,41.0,4.0,70.4,1,6,1,68.7,1,MNC,Data Scientist,86.52,68.7,0
S6268,7.91,Computer Science and Engineering,2,0,1,0,1,88.0,8.9,89.3,0,5,0,73.9,1,Mid-size,Analyst,52.23,73.9,0
S6269,6.57,Computer Science and Engineering,1,1,0,1,1,12.3,5.5,48.6,1,4,0,73.4,1,Mid-size,Software Engineer,58.24,73.4,0
S6270,6.94,Civil Engineering,1,1,1,1,0,20.1,7.3,83.6,1,2,0,67.5,1,MNC,Software Engineer,90.98,67.5,0
S6271,5.36,Mechanical Engineering,3,1,0,1,1,53.6,9.6,76.4,2,5,0,100.0,1,Mid-size,Software Engineer,71.36,106.0,1
S6272,7.3,Electronics and Communication Engineering,1,1,0,0,0,93.2,7.8,94.1,0,1,0,34.9,1,Startup,Analyst,50.43,34.9,0
S6273,5.03,Electrical and Electronics Engineering,1,1,0,0,0,75.5,9.6,40.6,0,1,0,39.2,1,Startup,Analyst,44.08,39.2,0
S6274,6.88,Information Technology,2,1,0,0,1,27.1,5.0,93.1,3,6,0,93.5,1,MNC,Analyst,87.69,93.5,0
S6275,7.51,Information Technology,1,1,0,0,0,5.4,6.4,97.1,1,6,0,71.5,1,Startup,Web Developer,43.8,71.5,0
S6276,7.4,Electronics and Communication Engineering,1,1,0,0,1,98.6,7.4,73.0,1,5,0,73.8,1,MNC,Software Engineer,72.13,73.8,0
S6277,8.36,Information Technology,1,1,1,0,0,22.4,4.2,92.8,2,3,1,65.5,1,MNC,Software Engineer,85.97,65.5,0
S6278,9.72,Mechanical Engineering,3,1,1,0,1,4.2,4.1,58.2,2,3,0,73.1,1,Mid-size,Data Scientist,70.41,73.1,0
S6279,7.09,Electronics and Communication Engineering,3,0,0,0,0,91.2,6.1,87.8,1,4,0,51.5,1,Startup,Web Developer,46.82,51.5,0
S6280,5.5,Electrical and Electronics Engineering,1,1,0,0,0,77.9,6.4,79.9,1,1,0,44.7,1,Startup,Data Scientist,48.36,44.7,0
S6281,8.08,Computer Science and Engineering,1,0,1,0,0,96.4,9.2,50.8,2,5,3,84.7,1,Startup,Software Engineer,52.54,84.7,0
S6282,8.53,Computer Science and Engineering,1,1,1,0,1,16.0,8.4,40.3,1,1,0,71.7,1,Mid-size,Analyst,61.07,71.7,0
S6283,9.75,Information Technology,3,1,0,1,0,15.7,5.4,98.1,1,2,0,58.2,1,MNC,Software Engineer,82.16,58.2,0
S6284,8.57,Electrical and Electronics Engineering,3,1,1,0,0,25.1,8.9,44.8,0,4,0,64.8,0,Not placed,Not placed,,64.8,0
S6285,6.68,Electronics and Communication Engineering,3,1,0,1,0,71.8,6.4,54.3,0,3,1,49.4,0,Not placed,Not placed,,49.4,0
S6286,8.72,Information Technology,1,0,0,0,0,42.1,4.7,90.3,2,1,0,42.8,1,Startup,Data Scientist,40.02,42.8,0
S6287,9.44,Information Technology,1,1,1,0,0,98.2,6.1,66.9,0,4,0,60.1,1,MNC,Analyst,78.49,60.1,0
S6288,9.9,Information Technology,2,1,0,0,1,27.2,9.3,96.5,1,5,0,80.6,1,MNC,Software Engineer,69.02,80.6,0
S6289,7.4,Mechanical Engineering,3,1,0,0,0,77.5,6.9,72.5,1,3,0,54.7,1,Startup,Software Engineer,41.42,54.7,0
S6290,8.17,Electrical and Electronics Engineering,1,0,1,1,0,49.8,8.8,85.8,1,5,0,77.9,1,Mid-size,Data Scientist,56.01,77.9,0
S6291,6.0,Computer Science and Engineering,2,1,1,0,1,69.9,9.5,90.1,2,4,1,94.6,1,Mid-size,Data Scientist,53.92,94.6,0
S6292,5.17,Information Technology,1,1,1,0,1,30.4,4.7,99.5,0,5,0,73.9,1,Mid-size,Analyst,47.71,73.9,0
S6293,9.28,Mechanical Engineering,2,1,1,0,1,23.1,9.2,97.4,0,1,0,63.9,1,MNC,Web Developer,73.28,63.9,0
S6294,6.57,Information Technology,2,0,0,0,1,62.8,5.7,86.3,3,4,0,75.0,1,Startup,Data Scientist,41.4,75.0,0
S6295,9.14,Civil Engineering,1,1,1,0,0,53.1,7.8,71.5,0,4,1,66.9,1,MNC,Data Scientist,85.46,66.9,0
S6296,9.3,Information Technology,3,1,0,1,0,31.8,6.7,93.2,0,5,1,66.3,1,MNC,Software Engineer,75.68,66.3,0
S6297,9.23,Computer Science and Engineering,2,0,0,0,1,21.0,5.4,58.9,2,1,1,51.1,1,Startup,Data Scientist,36.98,51.1,0
S6298,9.16,Computer Science and Engineering,2,1,1,0,0,3.9,5.6,92.9,0,4,0,61.2,1,MNC,Web Developer,80.24,61.2,0
S6299,5.83,Mechanical Engineering,2,0,0,0,0,48.4,4.2,98.0,1,5,0,48.8,1,Startup,Web Developer,43.44,48.8,0
S6300,9.76,Mechanical Engineering,3,0,0,1,1,71.7,7.8,71.6,0,2,0,49.5,1,Mid-size,Web Developer,53.6,49.5,0
S6301,8.95,Mechanical Engineering,2,0,1,1,1,30.8,7.9,67.1,1,1,0,63.8,1,Mid-size,Analyst,55.97,63.8,0
S6302,6.53,Mechanical Engineering,3,1,0,1,0,30.9,8.0,70.7,1,5,2,83.5,0,Not placed,Not placed,,83.5,0
S6303,6.61,Civil Engineering,3,1,0,0,1,26.0,9.0,54.8,1,5,0,78.1,1,MNC,Web Developer,80.19,78.1,0
S6304,7.38,Electronics and Communication Engineering,3,1,1,0,0,13.5,5.4,58.3,2,5,0,76.3,1,MNC,Web Developer,63.91,76.3,0
S6305,9.9,Information Technology,3,1,1,1,0,38.9,5.8,99.7,3,1,0,87.4,1,MNC,Web Developer,91.26,87.4,0
S6306,7.87,Information Technology,1,1,0,0,1,23.2,9.2,78.3,1,1,1,65.2,1,Mid-size,Data Scientist,55.56,65.2,0
S6307,8.42,Computer Science and Engineering,3,0,0,1,1,21.9,8.0,58.6,0,1,0,50.9,1,MNC,Analyst,66.88,50.9,0
S6308,7.9,Electronics and Communication Engineering,1,1,0,0,0,23.4,6.3,82.5,1,3,1,55.0,0,Not placed,Not placed,,55.0,0
S6309,9.07,Mechanical Engineering,2,1,1,0,0,69.0,6.1,60.8,0,6,0,66.5,1,Mid-size,Web Developer,70.78,66.5,0
S6310,7.42,Electrical and Electronics Engineering,2,1,0,0,0,51.4,4.4,44.8,3,6,0,83.6,1,Startup,Analyst,47.8,83.6,0
S6311,7.75,Computer Science and Engineering,2,1,0,0,1,9.7,8.1,56.3,0,5,0,73.6,1,Mid-size,Web Developer,53.01,73.6,0
S6312,6.65,Information Technology,1,1,1,1,0,1.9,5.9,70.7,2,3,0,85.1,1,Mid-size,Data Scientist,49.39,85.1,0
S6313,8.08,Electrical and Electronics Engineering,3,1,0,0,0,42.5,4.4,42.5,1,3,0,48.3,0,Not placed,Not placed,,48.3,0
S6314,9.3,Information Technology,2,1,1,0,1,32.7,4.4,86.5,3,4,0,95.2,1,Mid-size,Data Scientist,72.36,95.2,0
S6315,8.9,Civil Engineering,2,1,1,0,0,84.0,4.5,61.6,3,5,1,85.2,1,MNC,Web Developer,86.66,85.2,0
S6316,9.43,Information Technology,1,0,1,0,0,53.3,8.6,53.3,0,6,3,67.7,1,Startup,Software Engineer,48.29,67.7,0
S6317,5.55,Information Technology,2,1,1,1,1,50.5,9.6,85.2,0,5,1,95.9,1,MNC,Analyst,84.68,95.9,0
S6318,6.64,Electrical and Electronics Engineering,2,1,0,1,1,40.6,5.7,61.6,0,4,0,71.9,1,MNC,Web Developer,83.1,71.9,0
S6319,7.97,Civil Engineering,2,1,0,0,0,13.8,9.6,72.6,2,2,0,67.1,1,Startup,Analyst,41.88,67.1,0
S6320,9.01,Information Technology,2,0,1,0,0,6.7,5.7,68.4,1,3,2,55.3,0,Not placed,Not placed,,55.3,0
S6321,5.81,Information Technology,2,1,1,0,0,12.4,6.3,70.0,0,3,2,54.9,0,Not placed,Not placed,,54.9,0
S6322,8.7,Computer Science and Engineering,1,1,1,0,0,38.1,9.2,91.1,1,1,0,67.3,1,MNC,Data Scientist,84.79,67.3,0
S6323,5.79,Civil Engineering,1,0,0,0,0,59.0,8.1,75.7,0,4,0,41.5,1,Startup,Analyst,45.7,41.5,0
S6324,8.44,Electronics and Communication Engineering,1,1,1,0,1,98.0,8.7,47.7,1,6,0,100.0,1,MNC,Analyst,74.43,100.4,1
S6325,6.77,Electrical and Electronics Engineering,2,1,0,0,0,3.5,7.7,60.7,1,4,0,59.8,1,Startup,Web Developer,35.03,59.8,0
S6326,5.46,Computer Science and Engineering,3,1,0,0,1,71.3,5.1,60.9,0,2,0,45.6,1,MNC,Analyst,79.83,45.6,0
S6327,8.56,Electronics and Communication Engineering,3,0,1,0,1,2.3,7.1,45.8,0,5,0,63.6,0,Not placed,Not placed,,63.6,0
S6328,9.27,Mechanical Engineering,2,1,0,1,1,77.5,4.8,59.2,1,6,0,81.8,1,Mid-size,Software Engineer,72.37,81.8,0
S6329,8.87,Electrical and Electronics Engineering,1,0,1,1,0,69.8,6.8,65.7,1,5,0,71.6,1,Mid-size,Analyst,69.7,71.6,0
S6330,5.87,Electronics and Communication Engineering,1,1,0,0,1,63.1,7.7,79.2,1,3,0,65.4,1,Mid-size,Analyst,64.58,65.4,0
S6331,6.99,Mechanical Engineering,1,0,0,0,1,86.1,6.6,50.8,0,5,0,49.9,1,Startup,Software Engineer,49.39,49.9,0
S6332,7.69,Computer Science and Engineering,1,0,1,0,1,56.9,4.4,99.8,1,6,0,76.2,1,MNC,Analyst,76.37,76.2,0
S6333,7.31,Computer Science and Engineering,1,1,1,0,0,9.9,5.1,45.3,0,5,3,63.2,0,Not placed,Not placed,,63.2,0
S6334,7.75,Mechanical Engineering,1,1,0,0,1,68.6,5.7,70.9,1,1,0,49.9,1,MNC,Analyst,65.37,49.9,0
S6335,6.26,Computer Science and Engineering,2,1,1,0,0,94.3,5.9,51.8,1,2,0,60.3,1,MNC,Web Developer,75.24,60.3,0
S6336,5.62,Electronics and Communication Engineering,3,1,0,0,0,52.4,7.3,69.4,0,4,1,54.9,0,Not placed,Not placed,,54.9,0
S6337,6.67,Electrical and Electronics Engineering,2,0,1,0,0,40.2,5.2,75.0,2,3,1,60.2,1,Startup,Analyst,38.72,60.2,0
S6338,9.96,Electronics and Communication Engineering,2,0,0,0,0,38.8,5.2,96.3,3,4,1,62.8,1,Startup,Software Engineer,42.45,62.8,0
S6339,8.97,Mechanical Engineering,3,1,1,1,0,26.6,6.1,91.4,2,6,0,100.0,1,MNC,Software Engineer,72.14,103.3,1
S6340,5.12,Electrical and Electronics Engineering,2,1,1,1,1,11.1,6.2,73.3,2,6,1,100.0,1,Mid-size,Web Developer,55.39,109.1,1
S6341,9.45,Mechanical Engineering,1,1,1,0,0,57.7,5.5,85.9,1,1,0,48.8,1,MNC,Software Engineer,88.64,48.8,0
S6342,6.63,Information Technology,2,0,1,0,0,54.6,4.2,40.3,0,3,1,35.9,0,Not placed,Not placed,,35.9,0
S6343,7.75,Electronics and Communication Engineering,3,1,0,0,1,26.1,5.4,93.4,1,1,0,52.2,1,Mid-size,Web Developer,57.96,52.2,0
S6344,6.49,Civil Engineering,3,1,0,1,0,65.6,8.0,95.9,1,1,2,54.7,0,Not placed,Not placed,,54.7,0
S6345,5.76,Civil Engineering,2,1,0,0,0,67.4,6.8,92.4,1,5,1,67.2,1,Startup,Data Scientist,40.55,67.2,0
S6346,6.13,Information Technology,1,1,1,0,1,6.9,7.4,57.8,1,1,0,68.9,1,MNC,Software Engineer,89.17,68.9,0
S6347,5.63,Mechanical Engineering,2,1,1,1,0,73.8,4.4,78.0,1,4,0,68.5,1,Mid-size,Analyst,48.56,68.5,0
S6348,6.09,Electrical and Electronics Engineering,1,1,1,1,1,71.3,8.6,73.7,1,3,0,87.8,1,Mid-size,Software Engineer,57.26,87.8,0
S6349,9.74,Computer Science and Engineering,2,0,1,0,1,19.4,7.4,46.6,0,4,0,60.1,1,Mid-size,Software Engineer,54.41,60.1,0
S6350,8.13,Information Technology,1,0,0,1,0,24.1,6.1,71.8,0,5,0,51.7,1,Startup,Web Developer,45.95,51.7,0
S6351,7.52,Mechanical Engineering,1,1,1,0,0,70.0,7.3,84.0,0,5,0,70.4,1,Mid-size,Web Developer,68.88,70.4,0
S6352,7.68,Information Technology,2,0,0,1,1,10.4,9.9,45.0,1,6,0,91.9,1,Mid-size,Analyst,63.52,91.9,0
S6353,6.11,Information Technology,1,1,1,0,1,12.5,8.8,41.3,0,2,0,66.6,1,MNC,Software Engineer,77.02,66.6,0
S6354,6.97,Information Technology,1,1,0,1,1,59.3,5.2,77.6,2,6,1,98.5,1,Mid-size,Analyst,61.4,98.5,0
S6355,6.05,Civil Engineering,2,0,0,0,0,30.9,9.6,58.8,1,5,0,63.4,1,Startup,Software Engineer,36.93,63.4,0
S6356,7.75,Information Technology,2,1,1,1,0,5.6,9.9,93.0,0,4,1,74.9,1,MNC,Data Scientist,88.96,74.9,0
S6357,7.13,Civil Engineering,2,0,1,1,1,88.5,5.6,44.5,1,2,0,65.2,1,Mid-size,Software Engineer,59.98,65.2,0
S6358,7.78,Computer Science and Engineering,3,1,0,0,1,65.4,8.1,54.7,0,5,2,68.4,1,MNC,Web Developer,73.16,68.4,0
S6359,6.47,Electronics and Communication Engineering,3,0,0,0,1,81.4,9.0,65.7,0,6,0,66.3,1,Startup,Analyst,42.09,66.3,0
S6360,5.02,Electrical and Electronics Engineering,2,0,1,0,0,69.9,4.2,69.2,1,4,0,55.8,1,Startup,Analyst,36.65,55.8,0
S6361,8.87,Civil Engineering,3,1,1,0,0,72.1,7.3,70.1,2,1,0,65.4,1,MNC,Analyst,92.73,65.4,0
S6362,8.73,Mechanical Engineering,1,0,1,0,0,72.9,9.9,83.7,0,4,0,63.8,1,Startup,Analyst,51.25,63.8,0
S6363,6.18,Mechanical Engineering,1,0,1,0,0,75.3,8.9,64.7,1,4,2,70.3,1,Startup,Data Scientist,43.79,70.3,0
S6364,8.11,Computer Science and Engineering,2,1,1,0,0,44.6,8.4,67.2,1,3,0,69.0,1,MNC,Web Developer,72.19,69.0,0
S6365,8.69,Electronics and Communication Engineering,2,1,0,0,0,20.2,7.3,87.6,1,1,0,51.1,0,Not placed,Not placed,,51.1,0
S6366,7.05,Mechanical Engineering,2,1,1,1,1,26.8,6.3,78.0,2,2,2,89.2,1,Mid-size,Web Developer,53.67,89.2,0
S6367,5.74,Civil Engineering,2,0,1,0,1,51.9,5.9,91.9,1,4,0,63.3,1,MNC,Software Engineer,75.5,63.3,0
S6368,6.06,Mechanical Engineering,2,1,0,1,0,9.3,7.6,48.2,0,6,1,72.7,0,Not placed,Not placed,,72.7,0
S6369,5.84,Electronics and Communication Engineering,1,1,1,0,0,35.8,9.9,79.1,1,3,0,72.3,1,MNC,Data Scientist,85.87,72.3,0
S6370,8.12,Mechanical Engineering,1,1,0,1,0,1.0,5.6,56.7,0,3,0,51.8,1,MNC,Data Scientist,68.93,51.8,0
S6371,5.37,Information Technology,2,1,1,0,0,22.3,9.3,79.0,0,3,1,59.5,1,Mid-size,Data Scientist,65.15,59.5,0
S6372,9.96,Computer Science and Engineering,3,1,0,0,1,97.6,4.4,60.4,1,5,2,71.2,1,MNC,Analyst,88.49,71.2,0
S6373,5.41,Electrical and Electronics Engineering,3,1,0,0,0,4.8,7.1,66.1,2,6,0,77.9,1,Startup,Web Developer,47.42,77.9,0
S6374,9.86,Electrical and Electronics Engineering,3,1,1,0,1,50.0,6.8,57.9,0,1,0,50.6,1,MNC,Analyst,73.95,50.6,0
S6375,5.5,Electronics and Communication Engineering,1,0,0,1,1,52.2,8.9,48.1,1,3,0,75.5,1,MNC,Data Scientist,72.12,75.5,0
S6376,8.06,Information Technology,3,1,1,0,1,19.2,9.5,92.1,2,2,0,90.0,1,MNC,Web Developer,81.6,90.0,0
S6377,7.3,Civil Engineering,1,1,1,0,1,83.8,5.9,42.4,2,1,1,74.7,1,Top Tech,Analyst,107.92,74.7,0
S6378,10.0,Computer Science and Engineering,2,1,0,0,0,91.8,7.1,94.1,1,5,1,64.1,1,Startup,Web Developer,53.02,64.1,0
S6379,8.98,Electrical and Electronics Engineering,1,0,1,0,0,96.4,7.6,92.1,2,6,0,83.9,1,Startup,Web Developer,55.43,83.9,0
S6380,9.65,Electrical and Electronics Engineering,1,0,1,0,0,39.0,9.8,97.6,0,1,0,42.7,1,Startup,Analyst,43.74,42.7,0
S6381,6.03,Electronics and Communication Engineering,1,0,0,1,1,8.2,5.3,53.9,0,4,0,57.2,1,Mid-size,Analyst,48.69,57.2,0
S6382,8.05,Information Technology,2,0,0,0,1,99.1,5.5,88.5,2,5,0,75.7,1,Startup,Web Developer,53.34,75.7,0
S6383,8.65,Electrical and Electronics Engineering,3,0,1,0,0,61.6,5.7,56.2,0,6,0,60.9,1,Startup,Data Scientist,38.5,60.9,0
S6384,5.84,Electrical and Electronics Engineering,2,1,0,0,1,79.3,5.6,58.1,1,2,3,56.4,0,Not placed,Not placed,,56.4,0
S6385,8.81,Information Technology,2,1,1,0,0,41.9,4.6,72.2,0,4,1,54.7,1,Mid-size,Data Scientist,49.96,54.7,0
S6386,5.68,Mechanical Engineering,1,1,1,0,0,85.8,6.7,89.8,3,3,1,86.0,1,MNC,Analyst,95.79,86.0,0
S6387,9.75,Information Technology,3,1,0,0,0,83.0,5.5,48.4,2,4,1,69.0,1,Startup,Analyst,44.08,69.0,0
S6388,9.39,Mechanical Engineering,2,0,1,0,0,3.1,6.1,69.1,0,3,1,41.7,0,Not placed,Not placed,,41.7,0
S6389,5.06,Computer Science and Engineering,1,1,1,0,0,86.6,5.7,71.6,1,6,0,77.0,1,MNC,Software Engineer,88.78,77.0,0
S6390,7.2,Computer Science and Engineering,3,1,0,1,0,62.1,7.2,67.0,1,5,0,75.2,1,Mid-size,Software Engineer,57.55,75.2,0
S6391,8.04,Information Technology,3,0,1,0,0,84.1,5.3,44.1,1,6,0,68.1,1,Startup,Web Developer,48.93,68.1,0
S6392,7.15,Electrical and Electronics Engineering,1,1,0,1,0,84.9,5.8,79.6,0,6,1,68.5,1,Mid-size,Data Scientist,70.56,68.5,0
S6393,5.7,Computer Science and Engineering,1,0,1,0,0,59.7,6.4,92.2,0,1,0,36.6,1,Startup,Web Developer,39.15,36.6,0
S6394,9.04,Information Technology,1,0,1,1,0,89.9,4.7,99.8,1,5,0,65.1,1,Mid-size,Data Scientist,56.52,65.1,0
S6395,5.05,Electronics and Communication Engineering,2,1,1,0,0,96.7,4.8,92.4,0,3,0,51.5,1,MNC,Analyst,83.6,51.5,0
S6396,9.39,Civil Engineering,3,1,0,0,1,89.0,8.8,62.4,1,6,0,81.9,1,MNC,Software Engineer,81.69,81.9,0
S6397,7.51,Computer Science and Engineering,1,1,1,1,0,56.5,4.4,44.3,2,5,0,85.6,1,Mid-size,Analyst,63.9,85.6,0
S6398,9.84,Electronics and Communication Engineering,1,0,1,0,0,99.0,8.1,40.8,2,6,2,88.9,1,Startup,Software Engineer,49.81,88.9,0
S6399,9.51,Mechanical Engineering,1,1,0,0,0,59.7,7.8,44.8,2,2,0,65.0,1,Startup,Software Engineer,49.0,65.0,0
S6400,8.32,Mechanical Engineering,1,1,1,0,0,36.4,5.8,77.5,0,1,0,42.9,1,MNC,Data Scientist,87.15,42.9,0
S6401,8.38,Information Technology,2,1,1,0,1,9.7,9.8,89.1,0,1,2,66.7,0,Not placed,Not placed,,66.7,0
S6402,9.08,Electrical and Electronics Engineering,1,1,1,0,0,56.1,8.0,86.3,1,5,0,83.8,1,Mid-size,Analyst,71.38,83.8,0
S6403,6.38,Mechanical Engineering,2,0,1,0,0,36.7,8.2,64.5,1,1,0,46.1,0,Not placed,Not placed,,46.1,0
S6404,7.06,Mechanical Engineering,3,0,0,1,0,5.1,8.1,63.2,2,5,0,74.7,1,Startup,Software Engineer,49.85,74.7,0
S6405,6.89,Mechanical Engineering,2,1,0,1,1,72.4,5.8,88.8,2,3,2,80.3,1,Mid-size,Data Scientist,66.39,80.3,0
S6406,5.81,Computer Science and Engineering,2,0,0,1,0,35.8,8.4,60.8,2,2,0,62.2,1,Startup,Analyst,42.13,62.2,0
S6407,9.62,Information Technology,3,0,0,1,0,18.8,9.5,93.0,0,3,1,51.2,0,Not placed,Not placed,,51.2,0
S6408,5.2,Civil Engineering,3,1,0,0,1,45.4,4.6,70.3,1,1,0,44.1,0,Not placed,Not placed,,44.1,0
S6409,5.79,Computer Science and Engineering,2,1,1,0,0,12.8,6.3,49.0,0,5,0,59.5,1,MNC,Data Scientist,78.46,59.5,0
S6410,6.53,Civil Engineering,2,1,1,1,0,44.9,4.4,71.5,1,4,0,73.5,1,MNC,Software Engineer,71.72,73.5,0
S6411,9.94,Electrical and Electronics Engineering,2,0,0,0,0,62.4,4.4,47.4,3,2,1,55.4,1,Startup,Data Scientist,48.12,55.4,0
S6412,8.08,Civil Engineering,2,1,1,0,0,67.8,5.4,91.2,2,1,0,60.2,1,MNC,Web Developer,84.35,60.2,0
S6413,7.06,Electronics and Communication Engineering,3,1,0,0,0,76.0,7.8,68.8,1,3,0,58.0,1,Startup,Analyst,40.65,58.0,0
S6414,5.07,Electronics and Communication Engineering,3,1,0,0,1,98.6,6.9,80.2,0,4,0,56.7,1,Mid-size,Web Developer,49.0,56.7,0
S6415,9.91,Electrical and Electronics Engineering,1,1,1,0,0,13.5,7.7,74.6,3,2,1,84.0,1,MNC,Analyst,88.37,84.0,0
S6416,5.91,Civil Engineering,2,0,1,0,0,41.1,7.4,52.7,0,3,0,49.6,0,Not placed,Not placed,,49.6,0
S6417,5.94,Information Technology,1,1,1,1,0,56.8,7.7,57.6,0,6,0,83.1,1,MNC,Web Developer,73.7,83.1,0
S6418,5.29,Information Technology,3,0,0,1,1,57.1,5.8,52.4,1,3,0,65.1,1,Mid-size,Data Scientist,46.94,65.1,0
S6419,6.24,Computer Science and Engineering,1,1,0,0,0,35.1,5.7,41.7,3,4,0,78.0,1,Startup,Software Engineer,41.76,78.0,0
S6420,5.78,Mechanical Engineering,1,1,1,1,0,63.4,5.3,57.3,1,6,0,87.8,1,Mid-size,Data Scientist,51.4,87.8,0
S6421,7.72,Computer Science and Engineering,2,0,1,0,0,80.5,8.3,89.7,1,1,0,46.0,1,Startup,Data Scientist,43.43,46.0,0
S6422,8.26,Information Technology,3,1,1,0,1,49.2,6.1,68.6,0,2,0,57.1,1,Mid-size,Software Engineer,56.25,57.1,0
S6423,8.16,Electronics and Communication Engineering,2,0,1,1,0,13.5,8.5,76.7,0,6,0,78.3,1,Mid-size,Analyst,50.68,78.3,0
S6424,9.86,Mechanical Engineering,1,1,1,1,1,54.5,8.5,51.5,0,2,2,73.5,1,MNC,Web Developer,75.42,73.5,0
S6425,7.39,Electrical and Electronics Engineering,2,1,1,0,1,43.1,6.5,93.1,0,5,0,70.8,1,Mid-size,Software Engineer,54.37,70.8,0
S6426,8.69,Civil Engineering,3,1,0,1,0,53.6,7.1,71.9,2,5,0,88.2,1,MNC,Analyst,85.69,88.2,0
S6427,5.88,Civil Engineering,1,1,1,0,0,56.2,9.4,70.6,0,2,0,62.8,1,MNC,Web Developer,81.22,62.8,0
S6428,9.35,Civil Engineering,1,0,1,0,1,67.7,4.8,61.4,2,6,0,84.0,1,Mid-size,Analyst,63.82,84.0,0
S6429,6.62,Information Technology,2,1,1,0,0,57.7,4.0,84.1,2,3,1,63.2,1,MNC,Data Scientist,73.82,63.2,0
S6430,6.1,Electronics and Communication Engineering,1,0,1,1,1,92.2,4.4,85.9,1,3,0,66.1,1,Top Tech,Software Engineer,110.1,66.1,0
S6431,9.28,Computer Science and Engineering,2,1,1,1,0,90.6,4.2,83.1,1,5,1,76.5,1,Mid-size,Web Developer,57.2,76.5,0
S6432,6.78,Information Technology,2,1,1,0,1,32.4,9.3,96.1,0,2,0,65.0,1,Mid-size,Web Developer,54.78,65.0,0
S6433,6.61,Civil Engineering,2,1,1,0,0,60.6,4.3,46.6,1,1,0,44.8,0,Not placed,Not placed,,44.8,0
S6434,9.1,Civil Engineering,2,1,1,0,0,43.1,4.7,55.2,2,3,0,67.4,1,MNC,Web Developer,88.02,67.4,0
S6435,6.24,Information Technology,2,1,1,0,0,14.5,5.3,53.1,2,4,1,75.8,1,MNC,Web Developer,75.38,75.8,0
S6436,9.11,Civil Engineering,2,1,1,0,1,69.0,8.6,41.1,2,4,0,93.3,1,Mid-size,Data Scientist,76.25,93.3,0
S6437,8.33,Computer Science and Engineering,1,1,1,0,0,19.2,5.9,64.0,2,4,0,74.5,1,MNC,Analyst,85.84,74.5,0
S6438,7.64,Electrical and Electronics Engineering,1,1,1,0,1,24.5,9.0,48.9,1,6,0,92.8,1,MNC,Web Developer,84.97,92.8,0
S6439,7.95,Electronics and Communication Engineering,1,1,1,0,1,95.5,8.3,48.3,2,2,1,86.9,1,MNC,Software Engineer,90.49,86.9,0
S6440,5.58,Information Technology,1,1,0,0,1,32.5,9.2,65.8,0,6,1,82.3,1,Mid-size,Web Developer,47.99,82.3,0
S6441,9.24,Electronics and Communication Engineering,1,1,0,1,1,70.0,6.8,65.0,1,1,0,64.7,1,MNC,Data Scientist,90.54,64.7,0
S6442,5.21,Electrical and Electronics Engineering,1,1,1,0,0,6.5,6.9,67.4,0,6,0,72.8,1,MNC,Software Engineer,73.67,72.8,0
S6443,6.48,Civil Engineering,2,1,1,0,0,15.8,6.7,41.0,2,1,0,63.8,1,MNC,Analyst,69.92,63.8,0
S6444,9.12,Mechanical Engineering,2,1,0,0,0,42.0,6.9,61.0,1,2,0,48.3,1,Startup,Analyst,50.77,48.3,0
S6445,9.07,Computer Science and Engineering,1,1,1,0,1,31.9,9.8,68.5,3,4,0,100.0,1,MNC,Web Developer,81.04,114.4,1
S6446,7.28,Mechanical Engineering,1,0,1,0,0,74.5,7.4,46.6,2,6,0,83.3,1,Startup,Data Scientist,53.22,83.3,0
S6447,9.89,Information Technology,2,0,1,0,0,74.4,9.8,49.2,0,5,0,63.8,1,Startup,Analyst,41.9,63.8,0
S6448,5.55,Mechanical Engineering,2,0,0,1,0,66.2,7.5,80.5,2,3,0,69.5,1,Startup,Data Scientist,43.6,69.5,0
S6449,5.43,Electrical and Electronics Engineering,3,0,0,0,0,9.9,6.6,94.6,1,3,0,41.8,0,Not placed,Not placed,,41.8,0
S6450,6.36,Computer Science and Engineering,2,1,1,0,0,99.4,6.7,44.1,1,6,1,79.6,1,Mid-size,Analyst,64.78,79.6,0
S6451,5.4,Mechanical Engineering,2,0,1,0,0,18.8,4.7,59.1,1,3,2,49.3,0,Not placed,Not placed,,49.3,0
S6452,5.07,Computer Science and Engineering,2,1,1,0,0,41.8,7.4,81.3,0,1,0,50.9,0,Not placed,Not placed,,50.9,0
S6453,9.56,Electronics and Communication Engineering,1,0,0,0,1,11.3,9.0,93.9,1,3,0,66.2,1,Startup,Web Developer,41.15,66.2,0
S6454,9.05,Mechanical Engineering,3,0,1,0,1,68.4,6.5,65.6,0,3,1,55.3,0,Not placed,Not placed,,55.3,0
S6455,7.67,Computer Science and Engineering,2,1,1,0,0,64.8,4.4,95.1,2,3,0,68.7,1,MNC,Web Developer,72.7,68.7,0
S6456,7.88,Electrical and Electronics Engineering,3,1,1,1,1,16.9,9.7,50.3,2,6,0,100.0,1,MNC,Data Scientist,72.18,121.2,1
S6457,6.95,Electronics and Communication Engineering,3,0,1,1,0,96.5,6.5,50.1,0,5,1,63.4,1,MNC,Data Scientist,87.09,63.4,0
S6458,7.58,Electrical and Electronics Engineering,2,1,1,0,0,55.2,7.3,92.6,0,2,0,48.4,1,MNC,Analyst,86.31,48.4,0
S6459,5.45,Civil Engineering,1,0,1,1,0,98.7,7.4,88.4,0,1,1,42.3,1,MNC,Data Scientist,73.74,42.3,0
S6460,9.04,Civil Engineering,3,1,1,1,1,18.2,7.8,48.9,1,1,0,78.2,1,Mid-size,Analyst,64.85,78.2,0
S6461,9.15,Electrical and Electronics Engineering,2,1,0,0,1,74.8,6.2,86.7,0,6,1,64.9,1,MNC,Software Engineer,84.15,64.9,0
S6462,9.51,Mechanical Engineering,1,1,1,0,1,97.8,4.8,47.5,1,4,0,70.0,1,Top Tech,Software Engineer,91.31,70.0,0
S6463,6.07,Information Technology,2,0,0,0,0,68.6,4.9,94.5,0,3,0,31.3,1,Startup,Data Scientist,41.26,31.3,0
S6464,9.44,Electrical and Electronics Engineering,1,1,0,0,0,83.6,5.1,100.0,0,4,1,45.8,1,Startup,Web Developer,45.18,45.8,0
S6465,9.15,Computer Science and Engineering,1,1,1,1,1,82.1,8.9,79.6,1,5,0,98.0,1,MNC,Analyst,91.54,98.0,0
S6466,8.36,Mechanical Engineering,3,1,0,1,1,33.2,8.5,78.4,0,2,0,61.0,1,MNC,Web Developer,74.21,61.0,0
S6467,6.15,Computer Science and Engineering,3,1,1,1,1,82.1,4.4,93.2,0,2,2,64.4,0,Not placed,Not placed,,64.4,0
S6468,8.53,Civil Engineering,3,1,1,0,0,83.2,7.7,67.1,0,3,0,55.0,1,MNC,Analyst,68.89,55.0,0
S6469,8.56,Mechanical Engineering,3,1,1,0,0,15.1,5.1,67.0,0,5,3,55.9,0,Not placed,Not placed,,55.9,0
S6470,8.73,Computer Science and Engineering,2,1,1,0,0,67.2,5.9,60.6,1,5,1,70.1,1,Mid-size,Data Scientist,61.89,70.1,0
S6471,7.19,Mechanical Engineering,3,1,1,1,1,76.2,9.9,87.8,1,3,1,91.4,1,Mid-size,Analyst,60.9,91.4,0
S6472,9.7,Computer Science and Engineering,1,1,1,1,0,18.2,9.4,87.2,0,5,0,86.3,1,MNC,Web Developer,85.2,86.3,0
S6473,8.43,Mechanical Engineering,3,1,0,0,0,18.0,4.7,42.3,0,5,0,44.7,1,Startup,Analyst,42.42,44.7,0
S6474,7.44,Information Technology,3,0,1,0,0,19.1,7.6,66.1,0,5,0,53.4,0,Not placed,Not placed,,53.4,0
S6475,9.42,Civil Engineering,1,1,0,0,0,93.5,7.5,93.4,2,5,2,78.6,1,Startup,Software Engineer,53.88,78.6,0
S6476,5.79,Civil Engineering,2,0,1,0,1,61.2,7.4,73.6,1,3,0,67.3,1,MNC,Software Engineer,67.33,67.3,0
S6477,6.31,Electronics and Communication Engineering,3,1,0,1,1,16.2,9.9,56.0,0,5,0,87.5,1,MNC,Data Scientist,68.93,87.5,0
S6478,6.54,Electrical and Electronics Engineering,1,1,1,0,0,28.3,7.3,86.3,0,4,0,64.8,1,MNC,Software Engineer,70.06,64.8,0
S6479,9.99,Information Technology,3,1,0,1,0,51.1,4.2,96.4,2,1,1,62.1,1,MNC,Analyst,71.7,62.1,0
S6480,6.86,Information Technology,3,0,1,0,0,82.5,8.9,47.1,0,6,2,67.2,0,Not placed,Not placed,,67.2,0
S6481,9.32,Electronics and Communication Engineering,3,1,0,1,0,57.2,9.7,57.7,0,4,0,71.6,1,Mid-size,Analyst,63.19,71.6,0
S6482,6.23,Electrical and Electronics Engineering,1,1,1,0,0,37.0,9.9,53.6,1,4,0,79.4,1,Mid-size,Web Developer,73.93,79.4,0
S6483,9.3,Information Technology,3,0,0,0,1,76.1,7.8,51.6,3,3,1,75.1,1,Startup,Data Scientist,45.52,75.1,0
S6484,5.53,Electronics and Communication Engineering,1,1,0,0,1,63.5,7.0,47.6,1,3,0,69.9,1,MNC,Analyst,67.95,69.9,0
S6485,8.02,Electronics and Communication Engineering,3,1,1,1,1,70.0,6.6,69.3,2,5,0,100.0,1,Mid-size,Software Engineer,74.81,108.8,1
S6486,7.82,Computer Science and Engineering,1,1,0,0,1,0.0,4.5,72.5,2,2,0,67.9,1,MNC,Software Engineer,77.46,67.9,0
S6487,5.68,Computer Science and Engineering,1,1,0,0,0,13.7,6.3,65.0,1,4,2,58.1,0,Not placed,Not placed,,58.1,0
S6488,9.8,Computer Science and Engineering,2,1,1,0,1,52.2,6.9,50.7,1,3,0,79.1,1,MNC,Data Scientist,77.49,79.1,0
S6489,5.97,Computer Science and Engineering,2,1,1,0,0,79.9,5.4,59.6,1,6,0,72.8,1,MNC,Analyst,89.21,72.8,0
S6490,9.42,Computer Science and Engineering,3,0,1,0,0,28.9,6.4,66.3,0,6,0,63.7,0,Not placed,Not placed,,63.7,0
S6491,7.17,Mechanical Engineering,2,0,0,0,0,1.5,5.0,60.1,0,3,2,28.2,0,Not placed,Not placed,,28.2,0
S6492,7.59,Mechanical Engineering,1,1,1,0,1,58.6,8.6,85.3,1,2,0,76.9,1,Mid-size,Web Developer,53.1,76.9,0
S6493,8.38,Civil Engineering,3,0,0,0,0,57.6,8.6,72.9,1,1,0,44.1,0,Not placed,Not placed,,44.1,0
S6494,8.94,Electronics and Communication Engineering,1,1,0,1,1,84.1,7.9,47.4,1,5,0,85.9,1,MNC,Analyst,72.88,85.9,0
S6495,9.89,Computer Science and Engineering,2,0,0,0,0,25.9,9.7,48.4,0,2,0,44.0,0,Not placed,Not placed,,44.0,0
S6496,8.14,Information Technology,2,0,0,0,1,47.5,6.7,48.2,1,4,0,55.2,1,Startup,Data Scientist,39.57,55.2,0
S6497,7.37,Mechanical Engineering,2,1,1,0,0,63.3,5.8,96.2,0,5,0,66.7,1,MNC,Software Engineer,81.12,66.7,0
S6498,9.3,Mechanical Engineering,1,0,1,0,0,47.3,5.4,65.0,3,6,3,85.9,1,Startup,Software Engineer,39.11,85.9,0
S6499,6.78,Information Technology,1,0,1,0,0,60.6,4.8,92.0,2,1,0,45.3,1,Startup,Analyst,43.81,45.3,0
S6500,5.07,Information Technology,3,0,1,0,0,97.4,6.1,76.4,2,4,1,69.3,1,Startup,Data Scientist,52.36,69.3,0
S6501,8.2,Electrical and Electronics Engineering,3,1,1,0,0,40.7,6.5,89.9,2,1,0,65.7,1,Mid-size,Analyst,51.4,65.7,0
S6502,8.04,Computer Science and Engineering,2,0,0,0,0,54.8,6.3,68.0,1,1,0,34.8,0,Not placed,Not placed,,34.8,0
S6503,8.63,Electrical and Electronics Engineering,2,1,0,0,1,68.9,5.1,63.5,1,4,0,65.8,1,MNC,Software Engineer,89.58,65.8,0
S6504,7.04,Mechanical Engineering,2,0,0,1,1,32.5,9.6,70.1,2,2,0,83.8,1,MNC,Data Scientist,88.61,83.8,0
S6505,6.72,Information Technology,1,0,1,0,1,46.2,5.3,60.3,0,1,2,41.6,0,Not placed,Not placed,,41.6,0
S6506,8.82,Mechanical Engineering,3,1,1,0,0,38.3,6.0,41.3,0,6,0,66.4,1,MNC,Web Developer,79.01,66.4,0
S6507,9.81,Mechanical Engineering,3,1,1,0,0,47.8,7.7,47.8,2,6,1,95.0,1,MNC,Software Engineer,73.33,95.0,0
S6508,8.49,Civil Engineering,1,1,1,1,1,27.0,9.1,97.5,2,1,0,95.3,1,MNC,Web Developer,83.92,95.3,0
S6509,6.05,Mechanical Engineering,2,1,1,0,0,43.7,5.4,54.4,0,1,0,40.7,1,Mid-size,Web Developer,57.81,40.7,0
S6510,6.45,Electronics and Communication Engineering,3,0,1,1,0,29.8,7.9,52.5,0,3,1,54.8,0,Not placed,Not placed,,54.8,0
S6511,5.84,Electronics and Communication Engineering,1,1,1,1,1,7.6,5.7,95.5,3,6,2,100.0,1,MNC,Software Engineer,75.79,113.3,1
S6512,9.44,Computer Science and Engineering,2,1,0,0,1,44.0,5.2,58.6,1,5,1,73.0,1,Mid-size,Data Scientist,66.31,73.0,0
S6513,9.35,Computer Science and Engineering,3,1,1,0,1,73.9,8.2,72.0,2,3,1,84.7,1,MNC,Analyst,91.99,84.7,0
S6514,6.22,Computer Science and Engineering,3,0,0,0,1,61.3,9.1,81.9,1,3,0,64.2,1,Startup,Analyst,52.85,64.2,0
S6515,7.89,Civil Engineering,2,1,0,1,0,4.1,6.1,53.8,1,2,0,53.3,1,MNC,Web Developer,81.8,53.3,0
S6516,6.16,Civil Engineering,1,1,0,0,1,50.9,9.5,55.4,0,6,0,80.4,1,MNC,Analyst,89.64,80.4,0
S6517,6.0,Electrical and Electronics Engineering,1,1,0,0,1,15.4,5.7,86.0,1,2,0,61.0,1,MNC,Data Scientist,84.21,61.0,0
S6518,6.04,Computer Science and Engineering,3,0,0,0,1,78.3,8.9,44.4,3,2,0,72.5,1,Startup,Software Engineer,43.01,72.5,0
S6519,5.06,Mechanical Engineering,1,1,0,0,0,1.1,4.6,75.7,0,4,0,39.2,1,Startup,Web Developer,36.42,39.2,0
S6520,9.37,Electrical and Electronics Engineering,3,0,0,0,0,47.6,9.4,66.8,0,1,1,28.3,0,Not placed,Not placed,,28.3,0
S6521,6.68,Mechanical Engineering,3,0,1,1,1,76.0,6.4,67.0,2,5,1,92.8,1,Mid-size,Analyst,68.29,92.8,0
S6522,5.26,Computer Science and Engineering,3,1,1,1,1,76.2,8.7,40.9,2,5,0,100.0,1,MNC,Software Engineer,77.04,114.1,1
S6523,8.99,Civil Engineering,2,1,0,0,1,7.1,4.2,42.8,3,4,0,87.6,1,MNC,Data Scientist,69.85,87.6,0
S6524,5.3,Electronics and Communication Engineering,3,1,1,0,1,99.6,6.2,97.8,0,1,1,49.0,1,MNC,Web Developer,68.67,49.0,0
S6525,6.06,Electronics and Communication Engineering,1,1,0,0,0,61.3,6.8,59.1,2,1,1,59.3,1,Startup,Software Engineer,50.11,59.3,0
S6526,9.47,Computer Science and Engineering,2,1,0,0,0,0.2,8.9,91.0,2,6,1,82.1,1,Startup,Data Scientist,44.19,82.1,0
S6527,7.09,Civil Engineering,2,1,0,1,0,40.0,9.2,40.1,0,3,0,58.4,1,MNC,Web Developer,79.72,58.4,0
S6528,6.38,Information Technology,2,0,0,0,1,74.2,7.0,56.1,0,1,0,35.3,0,Not placed,Not placed,,35.3,0
S6529,7.94,Electronics and Communication Engineering,2,1,1,1,0,26.8,7.4,54.8,0,4,0,77.1,1,MNC,Software Engineer,76.34,77.1,0
S6530,6.02,Mechanical Engineering,2,0,1,0,0,41.0,9.0,90.5,1,5,0,67.8,1,Startup,Software Engineer,46.35,67.8,0
S6531,9.23,Electrical and Electronics Engineering,2,1,0,0,1,87.2,4.1,74.7,0,5,0,55.3,1,MNC,Analyst,75.64,55.3,0
S6532,5.11,Electrical and Electronics Engineering,1,1,0,0,1,71.2,5.7,55.6,3,1,2,72.9,1,Mid-size,Software Engineer,67.73,72.9,0
S6533,6.64,Electronics and Communication Engineering,2,1,1,0,0,29.4,9.9,86.8,1,6,0,90.8,1,MNC,Data Scientist,91.78,90.8,0
S6534,9.8,Civil Engineering,1,1,0,0,1,65.6,6.3,43.2,2,6,0,85.7,1,MNC,Data Scientist,85.8,85.7,0
S6535,7.22,Mechanical Engineering,3,0,1,1,0,43.1,5.9,87.1,1,4,0,71.3,1,MNC,Software Engineer,80.58,71.3,0
S6536,8.69,Electronics and Communication Engineering,1,1,1,0,0,22.7,6.1,78.2,1,4,1,71.6,1,MNC,Software Engineer,90.87,71.6,0
S6537,5.31,Electronics and Communication Engineering,2,0,1,0,1,64.1,9.9,40.8,1,5,0,86.2,1,Mid-size,Analyst,59.02,86.2,0
S6538,5.64,Computer Science and Engineering,1,0,1,0,1,1.6,9.6,41.2,1,5,1,82.8,1,MNC,Data Scientist,63.75,82.8,0
S6539,6.21,Mechanical Engineering,1,1,1,0,0,98.2,9.1,66.6,1,5,0,86.2,1,MNC,Data Scientist,78.01,86.2,0
S6540,9.43,Computer Science and Engineering,2,1,1,0,0,66.4,9.6,65.7,1,4,1,81.8,1,MNC,Analyst,71.33,81.8,0
S6541,9.85,Mechanical Engineering,3,1,0,0,0,33.5,9.2,98.2,1,4,1,70.6,1,Startup,Software Engineer,43.03,70.6,0
S6542,5.46,Civil Engineering,3,1,0,0,1,0.8,4.3,60.1,1,6,1,70.2,0,Not placed,Not placed,,70.2,0
S6543,5.3,Mechanical Engineering,3,1,0,0,1,17.1,6.8,45.7,1,2,0,59.2,1,MNC,Analyst,78.33,59.2,0
S6544,5.93,Mechanical Engineering,3,1,1,0,0,40.5,8.2,85.6,2,3,0,74.6,1,MNC,Analyst,87.19,74.6,0
S6545,5.43,Computer Science and Engineering,2,1,0,0,0,40.3,6.8,62.5,2,3,0,68.2,1,Startup,Software Engineer,39.2,68.2,0
S6546,8.99,Electronics and Communication Engineering,2,1,1,0,1,51.4,7.4,92.8,1,5,0,91.9,1,MNC,Software Engineer,70.9,91.9,0
S6547,6.18,Civil Engineering,2,1,1,0,0,69.2,4.3,53.2,0,6,0,64.4,1,MNC,Analyst,74.73,64.4,0
S6548,8.48,Civil Engineering,1,1,1,1,1,74.4,8.1,58.0,0,3,0,80.4,1,MNC,Data Scientist,92.91,80.4,0
S6549,7.48,Computer Science and Engineering,1,1,0,0,1,87.1,9.7,72.6,2,5,0,91.2,1,Mid-size,Software Engineer,69.5,91.2,0
S6550,6.06,Computer Science and Engineering,2,0,0,0,1,59.4,8.2,70.6,1,6,1,72.2,1,Startup,Software Engineer,38.27,72.2,0
S6551,7.2,Electrical and Electronics Engineering,2,1,0,0,1,28.6,6.9,49.9,2,5,1,89.9,1,MNC,Web Developer,85.41,89.9,0
S6552,9.33,Mechanical Engineering,1,1,1,1,1,18.6,8.3,64.0,2,6,0,100.0,1,Mid-size,Analyst,59.8,117.4,1
S6553,6.73,Information Technology,3,1,1,1,1,35.4,4.9,81.2,1,5,0,89.2,1,Mid-size,Data Scientist,60.21,89.2,0
S6554,8.11,Computer Science and Engineering,2,1,1,0,0,23.1,4.8,88.7,1,6,1,70.3,1,Mid-size,Data Scientist,67.76,70.3,0
S6555,8.76,Information Technology,3,1,1,1,1,9.1,9.0,56.5,1,4,0,100.0,1,MNC,Software Engineer,69.94,101.3,1
S6556,9.63,Civil Engineering,1,0,1,0,0,77.2,6.6,68.8,1,3,0,50.4,1,Startup,Web Developer,50.25,50.4,0
S6557,5.25,Information Technology,3,0,1,0,0,95.3,4.4,95.9,0,4,1,46.9,0,Not placed,Not placed,,46.9,0
S6558,6.69,Civil Engineering,1,1,1,1,0,18.0,7.3,66.5,3,6,1,100.0,1,MNC,Data Scientist,72.25,112.6,1
S6559,8.96,Civil Engineering,3,1,0,1,1,7.0,4.6,46.1,0,1,0,49.0,0,Not placed,Not placed,,49.0,0
S6560,6.77,Mechanical Engineering,1,0,0,0,0,79.7,5.6,54.0,0,2,0,26.9,0,Not placed,Not placed,,26.9,0
S6561,9.2,Electrical and Electronics Engineering,1,1,1,0,1,6.3,5.8,47.9,0,4,0,66.5,1,MNC,Analyst,67.41,66.5,0
S6562,7.25,Mechanical Engineering,3,0,1,0,0,17.3,7.9,47.3,1,4,0,67.9,1,Startup,Data Scientist,47.48,67.9,0
S6563,5.35,Electrical and Electronics Engineering,3,1,1,0,0,80.0,7.4,50.4,1,6,0,82.7,1,MNC,Data Scientist,83.96,82.7,0
S6564,7.42,Computer Science and Engineering,2,0,0,0,0,88.8,9.1,88.0,0,4,0,46.6,1,Startup,Data Scientist,42.17,46.6,0
S6565,9.92,Mechanical Engineering,3,1,1,0,0,81.7,5.9,56.4,1,1,3,54.2,1,MNC,Web Developer,78.75,54.2,0
S6566,9.53,Information Technology,3,1,1,0,1,50.9,9.2,42.5,2,2,0,87.0,1,Mid-size,Analyst,59.91,87.0,0
S6567,6.69,Electronics and Communication Engineering,1,1,0,0,1,15.7,9.5,74.1,0,2,0,57.2,1,MNC,Web Developer,67.81,57.2,0
S6568,9.65,Mechanical Engineering,2,0,0,0,1,71.0,7.3,67.8,1,6,0,75.5,1,Startup,Analyst,50.09,75.5,0
S6569,9.66,Electronics and Communication Engineering,1,1,1,0,1,34.3,5.5,54.7,3,5,0,98.4,1,MNC,Software Engineer,93.74,98.4,0
S6570,9.45,Civil Engineering,2,0,1,0,1,7.7,9.0,72.0,0,2,0,54.4,1,Mid-size,Analyst,50.75,54.4,0
S6571,7.42,Civil Engineering,3,1,1,0,0,51.3,4.7,65.7,2,4,0,77.6,1,MNC,Web Developer,85.2,77.6,0
S6572,8.54,Computer Science and Engineering,1,1,1,1,0,57.5,9.3,97.9,0,2,1,70.1,1,MNC,Web Developer,77.91,70.1,0
S6573,8.69,Mechanical Engineering,1,0,0,0,1,67.4,7.7,91.0,2,2,1,66.0,1,Startup,Analyst,47.9,66.0,0
S6574,6.18,Civil Engineering,1,1,1,0,0,99.3,6.2,41.7,0,3,0,52.0,1,Mid-size,Data Scientist,64.09,52.0,0
S6575,6.04,Civil Engineering,3,0,0,1,0,78.9,4.4,49.9,2,4,0,60.4,1,Startup,Software Engineer,45.76,60.4,0
S6576,7.05,Civil Engineering,1,0,0,0,1,84.7,5.4,50.4,0,6,0,56.6,1,Startup,Data Scientist,49.05,56.6,0
S6577,8.68,Civil Engineering,1,1,0,0,1,81.8,8.0,63.5,3,4,0,90.0,1,Mid-size,Data Scientist,65.9,90.0,0
S6578,8.94,Information Technology,3,1,0,0,1,75.1,6.3,40.3,0,2,0,50.4,1,Mid-size,Software Engineer,72.4,50.4,0
S6579,5.01,Civil Engineering,1,1,1,0,1,43.7,9.1,49.8,0,4,3,79.4,1,Mid-size,Web Developer,61.46,79.4,0
S6580,9.53,Information Technology,1,1,1,1,1,30.8,4.7,83.0,3,6,0,100.0,1,Mid-size,Analyst,58.31,114.9,1
S6581,5.91,Computer Science and Engineering,3,0,0,0,0,51.2,9.5,42.4,1,1,0,44.1,0,Not placed,Not placed,,44.1,0
S6582,7.66,Computer Science and Engineering,3,0,1,0,1,51.8,6.3,43.9,0,1,1,43.6,0,Not placed,Not placed,,43.6,0
S6583,9.07,Information Technology,3,1,0,0,0,87.0,7.0,62.5,1,3,1,54.8,1,Startup,Software Engineer,50.56,54.8,0
S6584,6.38,Civil Engineering,1,1,1,1,1,71.2,8.3,40.3,0,2,0,74.3,1,Mid-size,Web Developer,76.29,74.3,0
S6585,8.46,Computer Science and Engineering,2,1,1,1,0,7.5,4.6,94.7,1,5,3,80.7,0,Not placed,Not placed,,80.7,0
S6586,8.47,Information Technology,2,1,1,1,0,11.1,7.8,64.0,1,6,0,93.7,1,MNC,Data Scientist,70.54,93.7,0
S6587,6.11,Information Technology,3,1,0,0,1,19.4,4.1,56.7,3,1,2,71.1,0,Not placed,Not placed,,71.1,0
S6588,5.95,Civil Engineering,1,1,1,0,1,98.0,9.0,81.3,1,5,0,95.5,1,Top Tech,Analyst,106.73,95.5,0
S6589,9.84,Electronics and Communication Engineering,2,1,0,0,0,49.2,7.8,99.6,2,1,1,62.1,1,Startup,Web Developer,41.51,62.1,0
S6590,8.24,Civil Engineering,3,1,1,1,1,64.2,4.8,63.6,0,4,0,78.4,1,MNC,Analyst,95.29,78.4,0
S6591,5.12,Electrical and Electronics Engineering,3,1,1,0,0,77.4,8.5,95.6,1,5,1,81.8,1,Mid-size,Data Scientist,70.33,81.8,0
S6592,5.63,Civil Engineering,1,1,1,0,1,16.5,5.0,76.0,0,3,0,62.1,1,Mid-size,Data Scientist,58.13,62.1,0
S6593,8.7,Electrical and Electronics Engineering,2,1,0,1,0,77.9,8.1,64.6,2,4,3,83.9,1,MNC,Data Scientist,88.37,83.9,0
S6594,5.64,Civil Engineering,3,0,1,0,1,44.6,9.2,44.1,0,2,0,62.2,0,Not placed,Not placed,,62.2,0
S6595,7.32,Information Technology,2,1,1,1,0,70.8,7.7,99.1,2,5,2,100.0,1,Mid-size,Web Developer,62.7,101.2,1
S6596,8.67,Electronics and Communication Engineering,2,1,0,0,0,70.4,8.0,55.0,1,5,0,69.6,1,Startup,Software Engineer,43.07,69.6,0
S6597,9.03,Electronics and Communication Engineering,1,1,0,0,1,81.9,9.9,64.0,0,6,1,77.0,1,MNC,Web Developer,81.47,77.0,0
S6598,5.21,Electrical and Electronics Engineering,1,0,0,0,0,69.1,5.5,64.4,1,2,0,36.7,0,Not placed,Not placed,,36.7,0
S6599,6.56,Computer Science and Engineering,1,1,0,1,0,43.0,9.9,75.3,1,3,1,77.9,1,Mid-size,Web Developer,53.8,77.9,0
S6600,8.34,Mechanical Engineering,2,0,0,0,0,76.1,8.4,95.3,0,1,0,25.3,0,Not placed,Not placed,,25.3,0
S6601,5.65,Information Technology,2,1,1,0,0,53.5,5.1,72.5,1,4,0,63.0,1,MNC,Software Engineer,74.64,63.0,0
S6602,9.24,Electronics and Communication Engineering,1,1,1,0,1,78.6,8.7,84.2,2,2,0,82.9,1,Top Tech,Analyst,98.1,82.9,0
S6603,7.76,Electronics and Communication Engineering,1,1,1,0,1,77.3,5.6,53.8,0,2,0,58.0,1,Top Tech,Web Developer,106.7,58.0,0
S6604,6.05,Computer Science and Engineering,2,1,0,0,1,6.0,5.9,42.2,1,4,1,66.1,1,MNC,Software Engineer,70.89,66.1,0
S6605,5.05,Mechanical Engineering,2,0,1,1,1,34.1,8.9,45.0,0,6,0,81.8,1,Mid-size,Analyst,53.46,81.8,0
S6606,9.59,Electronics and Communication Engineering,3,0,1,1,1,93.6,9.8,86.4,0,3,0,71.9,1,MNC,Data Scientist,98.45,71.9,0
S6607,9.44,Electrical and Electronics Engineering,1,0,0,0,0,27.1,9.8,61.4,3,4,0,78.7,1,Startup,Analyst,42.81,78.7,0
S6608,8.69,Electrical and Electronics Engineering,2,1,1,1,0,81.4,8.6,64.2,0,1,0,64.5,1,MNC,Analyst,75.85,64.5,0
S6609,5.97,Information Technology,2,0,1,0,0,29.3,5.8,92.3,1,3,1,48.4,0,Not placed,Not placed,,48.4,0
S6610,5.62,Information Technology,2,1,1,0,0,12.4,7.1,55.7,3,2,3,84.9,1,MNC,Data Scientist,70.0,84.9,0
S6611,5.03,Computer Science and Engineering,1,1,0,1,1,13.8,7.3,54.0,1,4,3,82.7,1,MNC,Web Developer,72.1,82.7,0
S6612,9.89,Electrical and Electronics Engineering,1,1,1,0,0,63.7,9.1,79.7,2,5,0,91.2,1,Mid-size,Data Scientist,52.56,91.2,0
S6613,8.33,Computer Science and Engineering,2,0,0,0,0,20.1,5.1,40.6,2,1,0,38.7,0,Not placed,Not placed,,38.7,0
S6614,7.57,Civil Engineering,2,0,1,0,1,8.1,9.1,68.6,0,5,1,70.0,1,Mid-size,Analyst,56.01,70.0,0
S6615,5.64,Civil Engineering,1,0,1,0,0,99.2,9.0,74.8,3,1,0,74.1,1,Startup,Analyst,47.14,74.1,0
S6616,6.53,Civil Engineering,3,1,0,0,1,76.9,8.7,61.2,1,3,1,75.7,1,MNC,Analyst,90.09,75.7,0
S6617,5.65,Civil Engineering,2,1,1,0,0,14.2,8.9,70.1,2,2,3,76.3,0,Not placed,Not placed,,76.3,0
S6618,8.03,Computer Science and Engineering,1,1,0,0,1,45.9,7.4,82.6,1,2,0,66.5,1,MNC,Software Engineer,90.87,66.5,0
S6619,7.64,Information Technology,2,1,1,0,1,75.3,8.8,44.5,3,3,0,98.9,1,Mid-size,Analyst,62.68,98.9,0
S6620,7.72,Information Technology,3,0,1,0,0,82.9,8.8,57.5,0,5,2,65.0,0,Not placed,Not placed,,65.0,0
S6621,9.82,Mechanical Engineering,3,1,1,0,1,52.9,7.2,51.5,1,6,1,93.2,1,MNC,Data Scientist,93.24,93.2,0
S6622,5.73,Civil Engineering,2,0,0,1,0,65.8,7.1,59.0,1,1,0,43.3,1,Startup,Software Engineer,50.67,43.3,0
S6623,7.79,Information Technology,1,1,1,0,1,30.2,9.1,59.8,2,5,0,100.0,1,MNC,Analyst,70.87,107.1,1
S6624,5.9,Civil Engineering,3,1,1,0,1,22.1,9.7,57.2,0,5,0,81.9,1,MNC,Web Developer,79.11,81.9,0
S6625,6.62,Mechanical Engineering,2,0,0,0,1,14.5,8.5,45.1,0,1,0,44.1,0,Not placed,Not placed,,44.1,0
S6626,7.73,Computer Science and Engineering,2,0,0,1,1,95.0,5.2,84.9,0,6,1,67.2,1,MNC,Data Scientist,82.53,67.2,0
S6627,8.18,Information Technology,1,1,0,1,0,45.7,7.3,77.4,0,4,0,57.7,1,MNC,Analyst,65.27,57.7,0
S6628,6.29,Civil Engineering,2,0,0,0,0,81.4,4.8,41.6,0,2,0,28.4,0,Not placed,Not placed,,28.4,0
S6629,8.31,Electronics and Communication Engineering,3,0,1,1,1,23.3,9.2,62.2,3,2,0,94.6,1,MNC,Analyst,87.04,94.6,0
S6630,9.61,Mechanical Engineering,1,1,1,0,0,77.6,5.9,52.6,0,2,1,42.8,1,MNC,Web Developer,75.67,42.8,0
S6631,9.53,Civil Engineering,3,1,1,0,0,47.4,7.4,89.0,0,5,0,66.6,1,MNC,Analyst,75.76,66.6,0
S6632,8.7,Computer Science and Engineering,2,1,0,0,0,39.1,6.0,79.9,0,2,0,42.7,0,Not placed,Not placed,,42.7,0
S6633,8.66,Electrical and Electronics Engineering,3,1,1,0,1,36.3,5.4,99.2,3,5,0,100.0,1,Mid-size,Data Scientist,64.09,105.9,1
S6634,7.43,Information Technology,2,1,1,1,0,75.2,9.7,41.4,0,1,0,61.7,1,Mid-size,Software Engineer,54.86,61.7,0
S6635,9.23,Electronics and Communication Engineering,2,1,1,0,0,0.3,5.1,96.8,1,6,0,72.1,1,Mid-size,Web Developer,62.2,72.1,0
S6636,8.41,Information Technology,3,1,1,1,0,24.1,8.3,99.0,2,3,0,91.7,1,MNC,Analyst,90.99,91.7,0
S6637,9.02,Electrical and Electronics Engineering,1,0,1,0,0,12.3,9.0,78.8,2,5,0,85.2,1,Startup,Web Developer,42.33,85.2,0
S6638,5.83,Mechanical Engineering,1,0,1,1,0,42.9,5.7,56.9,0,2,0,43.1,1,Mid-size,Software Engineer,57.91,43.1,0
S6639,6.49,Computer Science and Engineering,3,1,1,0,0,17.3,8.3,84.6,0,4,0,61.5,1,MNC,Data Scientist,84.82,61.5,0
S6640,9.33,Information Technology,2,1,0,0,1,59.1,8.6,97.7,0,6,0,76.1,1,MNC,Software Engineer,79.73,76.1,0
S6641,6.47,Information Technology,2,1,1,0,1,19.8,5.8,40.4,0,1,1,47.9,1,MNC,Web Developer,81.42,47.9,0
S6642,8.83,Mechanical Engineering,3,1,0,0,0,83.0,7.4,82.6,1,6,0,73.4,1,Startup,Software Engineer,42.32,73.4,0
S6643,6.82,Computer Science and Engineering,3,0,1,0,1,81.9,9.3,42.5,0,1,0,48.1,0,Not placed,Not placed,,48.1,0
S6644,7.38,Mechanical Engineering,2,1,1,0,0,78.6,5.9,83.9,3,4,0,91.7,1,Mid-size,Data Scientist,70.18,91.7,0
S6645,5.43,Information Technology,3,0,0,0,0,58.6,8.6,46.5,0,1,0,29.5,0,Not placed,Not placed,,29.5,0
S6646,9.72,Information Technology,1,1,1,1,0,73.6,5.5,84.6,2,3,0,83.7,1,Mid-size,Analyst,55.71,83.7,0
S6647,5.83,Computer Science and Engineering,1,0,1,1,0,99.0,5.7,49.0,2,4,0,74.6,1,MNC,Analyst,88.2,74.6,0
S6648,9.71,Computer Science and Engineering,3,1,0,0,0,70.3,4.9,96.4,0,5,0,50.7,1,Startup,Web Developer,40.46,50.7,0
S6649,9.28,Computer Science and Engineering,2,1,1,0,0,81.5,7.8,97.5,1,5,1,77.1,1,MNC,Web Developer,75.6,77.1,0
S6650,7.45,Information Technology,1,0,1,0,0,63.5,8.5,47.0,0,2,0,46.3,1,Startup,Analyst,42.51,46.3,0
S6651,8.8,Information Technology,3,1,1,0,1,14.3,8.3,61.0,0,1,1,56.4,0,Not placed,Not placed,,56.4,0
S6652,7.37,Computer Science and Engineering,1,1,0,0,1,66.2,7.5,69.4,0,4,0,63.2,1,Mid-size,Analyst,53.59,63.2,0
S6653,8.8,Mechanical Engineering,3,0,1,0,0,58.1,8.0,62.4,0,4,1,54.3,0,Not placed,Not placed,,54.3,0
S6654,7.07,Civil Engineering,3,1,0,0,0,17.8,6.4,88.0,2,1,3,51.1,0,Not placed,Not placed,,51.1,0
S6655,9.62,Information Technology,1,1,1,0,0,92.7,9.0,70.8,1,5,2,85.2,1,Mid-size,Web Developer,60.1,85.2,0
S6656,6.57,Civil Engineering,2,0,1,0,1,29.0,4.9,92.2,2,2,2,66.6,1,Mid-size,Data Scientist,59.86,66.6,0
S6657,8.06,Civil Engineering,3,1,0,0,0,9.6,7.4,43.9,1,2,0,47.4,0,Not placed,Not placed,,47.4,0
S6658,5.28,Civil Engineering,1,0,1,1,0,16.9,6.3,54.1,0,5,1,67.3,1,MNC,Web Developer,68.19,67.3,0
S6659,9.6,Information Technology,2,1,0,1,0,61.2,6.6,52.5,2,2,0,70.0,1,MNC,Analyst,82.47,70.0,0
S6660,5.56,Computer Science and Engineering,1,0,1,0,0,22.1,9.3,50.3,0,3,0,55.1,1,Startup,Data Scientist,43.39,55.1,0
S6661,6.64,Mechanical Engineering,2,1,1,0,0,21.2,7.9,98.3,1,5,0,75.4,1,MNC,Software Engineer,66.66,75.4,0
S6662,9.57,Electrical and Electronics Engineering,3,1,0,0,1,99.2,9.9,58.7,3,6,0,100.0,1,MNC,Analyst,76.06,105.4,1
S6663,6.31,Electronics and Communication Engineering,2,1,1,0,0,4.1,6.7,94.1,1,4,0,67.5,1,MNC,Data Scientist,69.86,67.5,0
S6664,6.98,Computer Science and Engineering,3,1,1,0,0,5.5,6.3,91.1,2,5,1,88.7,1,Mid-size,Software Engineer,63.34,88.7,0
S6665,8.97,Civil Engineering,3,0,0,1,1,40.0,4.1,75.9,0,1,0,42.0,1,Mid-size,Software Engineer,59.32,42.0,0
S6666,6.07,Civil Engineering,2,0,1,1,1,85.0,9.4,48.8,1,6,0,100.0,1,MNC,Data Scientist,73.43,102.6,1
S6667,7.55,Information Technology,1,1,1,1,1,96.5,7.2,56.9,1,1,0,72.7,1,MNC,Data Scientist,96.89,72.7,0
S6668,9.81,Civil Engineering,1,1,1,1,0,21.3,5.5,49.7,2,6,0,97.6,1,Mid-size,Data Scientist,49.88,97.6,0
S6669,6.63,Information Technology,1,0,0,0,0,86.1,5.3,72.1,2,4,0,56.6,1,Startup,Data Scientist,43.31,56.6,0
S6670,6.75,Information Technology,2,0,1,0,1,47.7,7.9,95.2,2,1,0,66.7,1,MNC,Web Developer,89.89,66.7,0
S6671,5.66,Computer Science and Engineering,3,0,0,0,0,61.3,8.4,91.5,2,3,0,57.0,1,Startup,Web Developer,43.93,57.0,0
S6672,5.82,Information Technology,3,0,0,0,0,82.6,6.8,75.6,1,3,0,41.2,0,Not placed,Not placed,,41.2,0
S6673,8.55,Information Technology,1,1,0,0,0,53.3,9.8,49.0,1,6,0,83.9,1,Startup,Software Engineer,49.66,83.9,0
S6674,6.29,Civil Engineering,3,1,1,0,0,69.5,6.8,62.7,2,1,0,64.3,1,Mid-size,Data Scientist,55.41,64.3,0
S6675,8.11,Electronics and Communication Engineering,3,0,0,0,0,60.3,7.6,90.1,0,3,1,38.4,0,Not placed,Not placed,,38.4,0
S6676,6.57,Electronics and Communication Engineering,3,1,1,0,1,38.7,9.9,64.4,0,2,1,67.7,1,Mid-size,Web Developer,61.5,67.7,0
S6677,7.98,Information Technology,3,0,0,1,1,85.0,9.2,61.4,0,2,1,55.0,1,MNC,Software Engineer,75.28,55.0,0
S6678,9.6,Information Technology,2,1,0,0,1,41.1,6.7,60.5,1,1,1,58.9,1,MNC,Web Developer,88.82,58.9,0
S6679,5.94,Computer Science and Engineering,1,1,1,1,1,72.2,9.3,64.6,0,5,0,96.4,1,MNC,Analyst,78.7,96.4,0
S6680,5.62,Computer Science and Engineering,3,1,0,1,1,77.9,8.0,70.0,1,2,0,74.2,1,MNC,Data Scientist,90.2,74.2,0
S6681,7.62,Civil Engineering,2,1,0,0,0,57.5,5.2,51.0,0,3,0,39.2,1,Startup,Software Engineer,39.68,39.2,0
S6682,6.33,Computer Science and Engineering,1,1,1,0,0,13.5,9.5,61.6,0,6,0,81.4,1,MNC,Data Scientist,67.96,81.4,0
S6683,7.95,Computer Science and Engineering,1,1,1,0,1,25.6,6.8,84.7,0,5,0,70.9,1,MNC,Web Developer,64.79,70.9,0
S6684,5.32,Computer Science and Engineering,2,1,1,1,1,66.4,4.7,43.5,3,2,0,92.5,1,Mid-size,Data Scientist,70.81,92.5,0
S6685,8.46,Civil Engineering,1,0,1,0,0,66.3,9.1,91.7,0,1,0,42.4,1,Startup,Analyst,43.17,42.4,0
S6686,6.61,Civil Engineering,3,1,1,0,1,44.4,4.1,99.4,1,4,0,67.4,1,MNC,Analyst,75.49,67.4,0
S6687,7.19,Electrical and Electronics Engineering,1,1,0,0,0,26.7,5.5,70.8,2,4,1,61.9,1,Startup,Data Scientist,44.39,61.9,0
S6688,5.76,Electrical and Electronics Engineering,2,1,0,0,1,6.5,5.2,87.5,0,3,0,50.8,0,Not placed,Not placed,,50.8,0
S6689,7.08,Information Technology,3,1,1,1,1,22.8,5.3,88.8,1,5,0,94.5,1,MNC,Web Developer,74.21,94.5,0
S6690,9.3,Electronics and Communication Engineering,2,1,1,0,1,32.1,9.9,85.4,1,3,0,84.7,1,MNC,Analyst,90.83,84.7,0
S6691,8.53,Mechanical Engineering,1,1,1,0,0,5.9,7.2,53.7,1,4,0,75.8,1,MNC,Software Engineer,78.15,75.8,0
S6692,7.91,Information Technology,2,0,1,1,0,65.7,5.0,52.3,3,1,0,71.3,1,MNC,Analyst,87.21,71.3,0
S6693,9.41,Electrical and Electronics Engineering,3,1,1,0,0,48.7,8.6,95.4,0,1,0,49.4,1,Mid-size,Web Developer,63.25,49.4,0
S6694,6.53,Computer Science and Engineering,3,1,1,1,0,83.9,8.8,84.5,1,5,0,95.4,1,Mid-size,Software Engineer,56.8,95.4,0
S6695,9.44,Civil Engineering,1,1,0,0,0,73.8,5.8,77.2,0,4,0,49.9,1,Startup,Software Engineer,49.49,49.9,0
S6696,9.65,Information Technology,3,0,1,0,0,3.5,7.1,42.1,3,6,0,95.2,1,Startup,Software Engineer,42.26,95.2,0
S6697,8.34,Mechanical Engineering,2,1,0,0,1,53.0,4.3,71.1,2,2,0,66.1,1,Mid-size,Web Developer,62.58,66.1,0
S6698,7.88,Civil Engineering,3,1,0,0,0,19.4,8.0,77.1,1,4,0,63.8,1,Startup,Data Scientist,44.2,63.8,0
S6699,7.52,Computer Science and Engineering,3,1,0,0,0,4.7,7.9,42.9,1,3,0,62.4,0,Not placed,Not placed,,62.4,0
S6700,8.08,Information Technology,3,0,0,1,1,55.5,5.1,40.8,1,5,0,73.7,1,MNC,Data Scientist,82.41,73.7,0
S6701,7.02,Information Technology,1,1,1,0,1,74.5,6.5,69.8,1,6,0,85.4,1,Mid-size,Software Engineer,55.95,85.4,0
S6702,8.54,Mechanical Engineering,3,0,1,1,0,20.3,6.1,99.4,2,3,0,77.0,1,Mid-size,Software Engineer,51.38,77.0,0
S6703,9.1,Information Technology,3,1,1,0,1,21.0,7.0,90.9,1,6,0,94.8,1,Mid-size,Software Engineer,74.61,94.8,0
S6704,8.24,Electronics and Communication Engineering,3,1,0,0,0,16.8,4.8,82.0,0,5,0,49.2,0,Not placed,Not placed,,49.2,0
S6705,8.61,Mechanical Engineering,1,0,0,0,0,3.9,4.3,69.3,3,3,0,62.9,1,Startup,Analyst,41.23,62.9,0
S6706,7.76,Electronics and Communication Engineering,2,0,1,0,0,25.2,4.7,70.0,1,2,0,41.9,1,Startup,Data Scientist,44.36,41.9,0
S6707,8.52,Information Technology,1,1,1,0,0,5.9,5.1,53.2,2,5,0,83.8,1,MNC,Web Developer,90.71,83.8,0
S6708,6.85,Electrical and Electronics Engineering,1,1,0,1,1,65.9,9.0,73.7,0,1,1,61.7,1,Mid-size,Data Scientist,63.14,61.7,0
S6709,6.59,Information Technology,3,1,1,1,0,72.7,8.9,61.8,0,1,0,59.2,1,MNC,Software Engineer,73.45,59.2,0
S6710,5.37,Mechanical Engineering,1,1,1,1,0,90.1,7.2,71.7,1,5,0,89.3,1,Top Tech,Web Developer,91.17,89.3,0
S6711,6.9,Computer Science and Engineering,2,0,1,1,1,29.7,5.9,77.0,1,4,0,78.3,1,MNC,Software Engineer,70.04,78.3,0
S6712,7.46,Civil Engineering,2,1,1,0,1,53.2,9.8,85.0,3,5,0,100.0,1,Mid-size,Web Developer,63.76,111.4,1
S6713,9.73,Information Technology,3,1,0,0,1,17.6,6.9,82.6,0,2,0,52.7,1,MNC,Analyst,83.2,52.7,0
S6714,5.56,Electronics and Communication Engineering,1,0,1,0,0,24.3,6.8,49.6,0,1,1,31.0,0,Not placed,Not placed,,31.0,0
S6715,7.97,Computer Science and Engineering,1,1,1,0,0,62.9,7.6,99.6,0,2,0,51.0,1,MNC,Software Engineer,81.05,51.0,0
S6716,8.97,Civil Engineering,3,1,1,1,0,89.2,9.0,48.3,1,5,0,87.2,1,MNC,Software Engineer,84.5,87.2,0
S6717,9.97,Civil Engineering,1,1,1,1,0,53.4,7.4,89.1,0,3,0,69.9,1,Mid-size,Software Engineer,62.38,69.9,0
S6718,5.1,Electronics and Communication Engineering,1,1,0,0,0,18.0,6.7,71.8,1,3,0,59.2,1,Startup,Software Engineer,42.51,59.2,0
S6719,9.54,Computer Science and Engineering,3,1,0,0,0,70.6,6.8,96.9,1,2,1,53.7,1,Startup,Data Scientist,44.41,53.7,0
S6720,6.03,Electrical and Electronics Engineering,1,0,1,1,1,54.7,5.8,47.3,0,3,3,65.2,1,Mid-size,Web Developer,59.52,65.2,0
S6721,8.09,Mechanical Engineering,3,0,0,0,0,56.6,6.6,67.1,1,6,0,59.1,1,Startup,Analyst,39.15,59.1,0
S6722,8.88,Computer Science and Engineering,3,0,1,0,0,82.9,7.4,83.2,1,5,0,71.0,1,Startup,Software Engineer,44.94,71.0,0
S6723,9.96,Civil Engineering,1,1,1,0,0,51.0,9.0,42.5,1,4,0,81.8,1,Mid-size,Analyst,56.38,81.8,0
S6724,8.61,Electronics and Communication Engineering,2,0,0,0,0,6.6,9.8,57.6,2,6,3,75.8,0,Not placed,Not placed,,75.8,0
S6725,7.16,Civil Engineering,1,1,1,1,1,28.9,8.8,69.5,0,2,0,79.7,1,Mid-size,Analyst,69.01,79.7,0
S6726,8.71,Electronics and Communication Engineering,2,1,1,1,1,51.6,8.2,70.4,1,1,0,79.4,1,Mid-size,Data Scientist,69.8,79.4,0
S6727,6.84,Computer Science and Engineering,3,0,1,0,1,57.5,5.1,40.8,2,2,1,62.2,1,MNC,Data Scientist,76.79,62.2,0
S6728,6.37,Mechanical Engineering,3,1,1,0,0,74.1,8.3,49.8,3,4,1,98.7,1,Mid-size,Web Developer,71.07,98.7,0
S6729,6.32,Electronics and Communication Engineering,2,1,1,1,1,6.8,7.3,72.9,3,5,0,100.0,1,Mid-size,Software Engineer,67.27,116.7,1
S6730,6.39,Information Technology,1,1,0,0,0,32.4,8.7,44.1,0,1,0,38.7,1,Startup,Analyst,45.69,38.7,0
S6731,9.08,Mechanical Engineering,3,0,0,0,1,57.0,7.1,40.4,1,6,0,75.9,1,Startup,Software Engineer,47.43,75.9,0
S6732,5.5,Electronics and Communication Engineering,2,1,0,0,1,70.3,4.2,95.9,3,5,0,83.6,1,MNC,Web Developer,72.59,83.6,0
S6733,9.79,Computer Science and Engineering,3,0,1,0,0,65.5,6.8,97.8,1,6,0,72.3,1,Startup,Web Developer,47.6,72.3,0
S6734,6.89,Electrical and Electronics Engineering,1,0,1,0,0,75.8,5.4,67.0,0,5,1,52.1,1,Startup,Software Engineer,44.44,52.1,0
S6735,9.75,Mechanical Engineering,1,0,1,1,1,32.5,6.5,90.9,0,4,0,68.3,1,MNC,Software Engineer,82.5,68.3,0
S6736,8.24,Civil Engineering,2,1,0,0,0,33.4,6.5,92.3,2,4,0,65.9,1,Startup,Data Scientist,47.48,65.9,0
S6737,9.95,Electrical and Electronics Engineering,2,1,0,0,1,71.1,5.8,56.9,0,4,0,54.5,1,MNC,Analyst,82.37,54.5,0
S6738,7.15,Computer Science and Engineering,2,0,0,0,1,1.6,6.1,77.8,2,3,1,61.4,0,Not placed,Not placed,,61.4,0
S6739,9.41,Civil Engineering,3,0,1,0,0,98.5,7.8,58.6,1,5,0,67.8,1,Startup,Analyst,44.04,67.8,0
S6740,7.12,Mechanical Engineering,1,1,1,0,0,52.9,8.0,49.9,1,2,2,62.0,0,Not placed,Not placed,,62.0,0
S6741,7.49,Electrical and Electronics Engineering,2,1,1,0,1,15.5,6.1,52.5,1,2,1,63.3,1,MNC,Software Engineer,79.84,63.3,0
S6742,9.51,Information Technology,2,1,1,0,1,94.6,4.4,73.5,0,3,0,59.0,1,MNC,Data Scientist,72.61,59.0,0
S6743,8.67,Electronics and Communication Engineering,3,1,1,1,0,53.2,6.9,89.8,3,3,0,94.9,1,Mid-size,Data Scientist,69.96,94.9,0
S6744,7.81,Electronics and Communication Engineering,2,1,1,0,0,15.7,5.9,97.9,3,1,0,71.0,1,MNC,Software Engineer,65.93,71.0,0
S6745,9.8,Electronics and Communication Engineering,2,1,0,1,1,67.3,7.1,48.2,0,1,0,52.8,1,MNC,Data Scientist,82.28,52.8,0
S6746,9.9,Mechanical Engineering,2,1,1,0,0,68.8,4.7,93.7,1,2,1,58.6,1,MNC,Software Engineer,70.7,58.6,0
S6747,6.37,Mechanical Engineering,3,0,0,0,0,2.6,7.5,66.2,2,1,3,52.0,0,Not placed,Not placed,,52.0,0
S6748,5.16,Computer Science and Engineering,3,1,0,0,0,31.6,7.4,54.6,0,6,0,65.5,1,Startup,Web Developer,43.52,65.5,0
S6749,6.97,Computer Science and Engineering,2,1,0,0,0,96.9,8.0,73.3,2,1,0,55.7,1,Startup,Data Scientist,39.78,55.7,0
S6750,7.72,Information Technology,2,1,0,1,0,56.1,4.5,50.0,3,5,0,91.7,1,Mid-size,Web Developer,69.22,91.7,0
S6751,9.7,Mechanical Engineering,2,0,1,0,0,88.5,4.1,89.6,0,1,0,31.9,1,Startup,Software Engineer,45.37,31.9,0
S6752,8.15,Mechanical Engineering,3,0,1,0,0,18.7,8.4,70.1,2,1,0,56.8,1,Startup,Data Scientist,51.54,56.8,0
S6753,9.33,Information Technology,1,1,0,0,0,57.6,9.4,85.0,0,3,2,54.4,1,Startup,Software Engineer,45.8,54.4,0
S6754,5.09,Electronics and Communication Engineering,1,1,0,1,0,92.7,9.7,41.3,2,6,0,94.5,1,MNC,Software Engineer,81.86,94.5,0
S6755,5.78,Electrical and Electronics Engineering,2,0,1,0,0,33.8,9.4,93.5,1,3,0,58.8,1,Startup,Software Engineer,44.92,58.8,0
S6756,7.14,Mechanical Engineering,3,1,1,0,0,16.6,5.5,64.7,1,5,0,66.7,1,Mid-size,Software Engineer,58.36,66.7,0
S6757,8.28,Electronics and Communication Engineering,3,0,0,0,1,28.9,4.9,98.7,0,2,0,34.7,0,Not placed,Not placed,,34.7,0
S6758,8.37,Civil Engineering,2,1,1,0,1,83.6,8.5,66.3,1,4,2,80.8,1,MNC,Data Scientist,68.34,80.8,0
S6759,9.96,Mechanical Engineering,2,0,1,0,1,67.1,9.6,91.3,0,2,1,58.6,1,Mid-size,Web Developer,64.27,58.6,0
S6760,8.22,Information Technology,3,1,0,0,0,60.5,8.5,98.1,1,4,2,62.3,1,Startup,Data Scientist,45.39,62.3,0
S6761,8.73,Electrical and Electronics Engineering,3,0,1,1,0,57.2,6.5,95.6,3,6,0,100.0,1,Mid-size,Data Scientist,61.95,102.8,1
S6762,7.57,Mechanical Engineering,3,1,1,1,0,64.8,9.2,47.9,1,2,1,75.6,1,Mid-size,Software Engineer,62.52,75.6,0
S6763,7.37,Electrical and Electronics Engineering,2,0,1,1,0,79.9,5.4,75.6,1,3,0,59.8,1,MNC,Data Scientist,73.47,59.8,0
S6764,7.96,Information Technology,3,1,0,0,0,50.5,6.4,44.6,1,2,0,45.5,0,Not placed,Not placed,,45.5,0
S6765,7.35,Computer Science and Engineering,1,1,0,1,0,66.6,9.6,82.9,0,5,1,71.5,1,Mid-size,Web Developer,58.11,71.5,0
S6766,6.94,Mechanical Engineering,3,1,1,0,0,34.6,9.6,51.8,3,3,0,95.9,1,Mid-size,Analyst,58.43,95.9,0
S6767,8.08,Civil Engineering,1,0,1,1,1,29.3,4.2,93.4,2,5,0,87.3,1,MNC,Analyst,81.5,87.3,0
S6768,7.91,Electrical and Electronics Engineering,2,1,1,1,0,41.7,6.8,76.6,1,4,0,75.7,1,Mid-size,Data Scientist,50.17,75.7,0
S6769,7.38,Computer Science and Engineering,1,1,1,0,0,4.3,10.0,92.0,0,5,0,79.3,1,Mid-size,Web Developer,64.41,79.3,0
S6770,7.6,Civil Engineering,1,0,1,1,0,23.3,5.5,87.5,3,5,1,91.0,1,Mid-size,Analyst,55.2,91.0,0
S6771,9.09,Civil Engineering,3,0,0,0,0,73.0,4.0,70.4,2,6,0,57.5,1,Startup,Web Developer,37.21,57.5,0
S6772,7.11,Information Technology,1,0,1,0,0,1.0,7.1,88.6,3,1,0,67.8,1,Startup,Analyst,42.46,67.8,0
S6773,5.47,Electronics and Communication Engineering,1,0,1,0,1,13.9,8.1,75.9,2,3,0,82.1,1,Mid-size,Web Developer,53.36,82.1,0
S6774,8.92,Computer Science and Engineering,2,1,1,1,0,48.1,9.9,87.7,1,3,0,87.0,1,Mid-size,Analyst,50.65,87.0,0
S6775,5.51,Civil Engineering,2,0,0,1,0,42.2,9.5,87.7,0,2,0,50.7,1,Startup,Data Scientist,41.92,50.7,0
S6776,5.5,Electronics and Communication Engineering,2,0,0,1,1,83.1,5.7,69.5,0,1,1,39.2,1,Mid-size,Analyst,53.49,39.2,0
S6777,7.52,Computer Science and Engineering,1,1,1,0,1,72.5,6.1,83.8,0,3,0,65.4,1,Mid-size,Web Developer,62.1,65.4,0
S6778,9.65,Information Technology,3,1,1,1,1,97.4,9.3,84.7,0,1,1,72.2,1,MNC,Analyst,79.19,72.2,0
S6779,5.95,Electronics and Communication Engineering,3,1,0,1,1,45.6,5.1,42.9,1,6,0,83.2,1,Mid-size,Data Scientist,58.59,83.2,0
S6780,6.61,Electronics and Communication Engineering,1,1,1,0,0,66.6,7.8,94.6,0,3,2,59.1,1,Mid-size,Software Engineer,56.13,59.1,0
S6781,9.68,Civil Engineering,1,1,0,0,1,57.8,6.7,77.5,2,3,0,78.1,1,Mid-size,Web Developer,76.14,78.1,0
S6782,7.93,Electrical and Electronics Engineering,2,0,1,1,0,70.3,9.4,52.6,2,6,1,94.5,1,Mid-size,Web Developer,73.57,94.5,0
S6783,8.01,Electronics and Communication Engineering,2,0,0,1,1,48.1,7.7,98.7,0,2,0,52.8,1,MNC,Software Engineer,77.26,52.8,0
S6784,8.83,Information Technology,3,0,0,0,0,54.6,9.7,81.6,0,4,2,50.4,0,Not placed,Not placed,,50.4,0
S6785,5.69,Computer Science and Engineering,2,1,0,1,0,23.6,7.8,79.4,2,2,0,74.6,1,Mid-size,Data Scientist,59.67,74.6,0
S6786,5.21,Mechanical Engineering,3,0,0,0,0,30.6,6.7,76.6,1,1,1,31.7,0,Not placed,Not placed,,31.7,0
S6787,7.96,Mechanical Engineering,3,0,0,0,0,20.0,6.4,53.0,1,3,1,45.9,0,Not placed,Not placed,,45.9,0
S6788,6.19,Information Technology,2,1,1,0,1,7.9,5.1,94.3,0,5,0,74.7,1,Mid-size,Analyst,53.21,74.7,0
S6789,9.39,Civil Engineering,1,1,1,0,0,85.8,5.1,73.7,1,3,0,65.1,1,MNC,Web Developer,91.48,65.1,0
S6790,7.59,Mechanical Engineering,3,1,1,1,0,71.1,6.8,56.7,0,3,1,65.7,1,MNC,Software Engineer,67.39,65.7,0
S6791,7.83,Civil Engineering,3,1,0,0,0,60.2,9.2,95.8,2,6,0,84.5,1,Startup,Analyst,47.41,84.5,0
S6792,9.14,Computer Science and Engineering,2,1,1,0,1,17.9,5.8,89.7,0,2,1,61.4,0,Not placed,Not placed,,61.4,0
S6793,8.86,Civil Engineering,3,1,1,0,0,26.0,7.4,57.4,0,5,0,69.8,1,MNC,Software Engineer,86.88,69.8,0
S6794,8.62,Electronics and Communication Engineering,1,1,1,0,0,93.5,6.8,50.5,0,1,0,45.6,1,MNC,Data Scientist,72.67,45.6,0
S6795,5.86,Information Technology,1,0,0,0,0,4.0,7.7,54.5,3,6,0,81.2,1,Startup,Analyst,37.1,81.2,0
S6796,7.83,Information Technology,3,0,1,0,1,53.9,6.3,98.1,2,3,0,73.6,1,MNC,Analyst,77.01,73.6,0
S6797,8.2,Mechanical Engineering,2,1,1,0,0,55.4,7.5,59.3,1,1,2,56.8,0,Not placed,Not placed,,56.8,0
S6798,7.03,Civil Engineering,1,1,0,0,0,47.8,7.3,41.8,2,1,0,61.5,1,Startup,Web Developer,40.95,61.5,0
S6799,8.48,Civil Engineering,1,1,0,1,1,81.0,9.0,90.9,2,4,0,92.5,1,Top Tech,Data Scientist,95.86,92.5,0
S6800,5.38,Computer Science and Engineering,1,0,1,0,1,99.3,6.6,72.3,0,1,2,41.6,1,MNC,Software Engineer,73.09,41.6,0
S6801,7.97,Civil Engineering,3,0,1,0,1,16.2,9.2,87.0,3,4,0,94.4,1,Mid-size,Web Developer,62.69,94.4,0
S6802,6.55,Mechanical Engineering,2,0,1,0,0,83.7,9.4,82.3,1,2,0,55.9,1,Startup,Software Engineer,41.59,55.9,0
S6803,8.4,Mechanical Engineering,1,1,0,0,0,0.5,4.3,44.4,2,1,0,43.4,1,Startup,Data Scientist,41.89,43.4,0
S6804,8.61,Information Technology,3,1,1,0,0,18.3,6.5,54.3,2,2,1,70.1,0,Not placed,Not placed,,70.1,0
S6805,9.01,Computer Science and Engineering,3,0,1,0,0,40.9,7.4,61.3,1,2,1,53.2,0,Not placed,Not placed,,53.2,0
S6806,7.66,Civil Engineering,1,1,1,0,1,79.5,8.4,85.0,0,4,0,72.8,1,MNC,Web Developer,81.75,72.8,0
S6807,6.84,Information Technology,1,1,0,0,1,68.1,4.4,51.0,0,6,1,63.8,1,MNC,Web Developer,67.47,63.8,0
S6808,8.4,Civil Engineering,2,1,1,1,0,94.8,9.1,91.3,0,4,0,78.2,1,MNC,Data Scientist,72.73,78.2,0
S6809,8.21,Computer Science and Engineering,2,0,0,1,1,68.1,6.5,74.4,1,3,1,69.3,1,Mid-size,Software Engineer,69.04,69.3,0
S6810,5.17,Civil Engineering,1,0,0,0,1,41.1,8.0,69.0,1,1,0,44.2,1,Startup,Software Engineer,40.55,44.2,0
S6811,8.29,Mechanical Engineering,3,0,0,0,0,27.3,5.9,55.3,0,3,0,35.7,0,Not placed,Not placed,,35.7,0
S6812,6.5,Electrical and Electronics Engineering,2,1,0,1,0,42.8,7.3,47.5,1,3,0,70.1,1,MNC,Web Developer,80.47,70.1,0
S6813,5.02,Computer Science and Engineering,2,1,1,1,1,37.4,6.3,48.7,2,6,1,100.0,1,MNC,Web Developer,76.6,104.1,1
S6814,7.45,Mechanical Engineering,3,1,1,0,1,42.7,9.6,92.7,2,3,0,89.0,1,Mid-size,Software Engineer,58.1,89.0,0
S6815,7.07,Computer Science and Engineering,1,1,1,0,1,17.8,9.5,92.1,1,2,1,79.1,1,MNC,Data Scientist,66.98,79.1,0
S6816,7.7,Computer Science and Engineering,1,1,1,0,0,1.2,5.4,72.3,0,6,0,67.1,1,Mid-size,Software Engineer,50.48,67.1,0
S6817,9.53,Electronics and Communication Engineering,2,1,0,0,0,39.1,7.7,83.4,2,6,0,85.6,1,Startup,Software Engineer,53.17,85.6,0
S6818,5.58,Mechanical Engineering,1,1,0,0,1,82.5,7.6,78.1,0,1,0,50.1,1,Mid-size,Software Engineer,48.24,50.1,0
S6819,10.0,Information Technology,3,0,0,1,0,29.1,4.9,65.5,1,3,1,48.5,0,Not placed,Not placed,,48.5,0
S6820,8.44,Electrical and Electronics Engineering,2,1,0,1,0,38.0,8.7,89.0,0,2,0,51.4,1,MNC,Web Developer,88.65,51.4,0
S6821,9.12,Civil Engineering,3,0,1,0,1,12.4,4.1,50.5,3,1,0,70.9,1,MNC,Web Developer,77.73,70.9,0
S6822,5.26,Electronics and Communication Engineering,3,0,1,0,1,24.1,7.2,71.9,1,5,0,76.2,1,MNC,Analyst,69.07,76.2,0
S6823,5.9,Mechanical Engineering,1,0,0,1,1,10.4,4.7,90.2,3,6,1,92.7,1,MNC,Web Developer,83.99,92.7,0
S6824,7.54,Computer Science and Engineering,3,0,0,1,0,9.0,5.4,80.6,1,4,0,57.2,1,Startup,Data Scientist,36.32,57.2,0
S6825,5.82,Electrical and Electronics Engineering,2,0,1,1,1,93.0,4.5,95.8,1,6,0,80.4,1,Mid-size,Analyst,54.21,80.4,0
S6826,5.43,Information Technology,1,1,0,1,1,24.3,6.4,69.8,3,3,2,93.8,1,MNC,Software Engineer,91.76,93.8,0
S6827,9.89,Electronics and Communication Engineering,3,1,1,1,1,17.2,7.7,81.6,2,4,1,100.0,1,MNC,Software Engineer,88.85,105.1,1
S6828,7.19,Computer Science and Engineering,3,1,1,0,0,35.9,6.9,77.8,3,5,0,98.7,1,Mid-size,Analyst,54.0,98.7,0
S6829,9.96,Computer Science and Engineering,3,1,1,1,0,9.0,6.6,55.9,1,2,0,67.3,1,MNC,Analyst,70.07,67.3,0
S6830,8.98,Information Technology,1,1,0,0,1,33.7,4.6,60.2,1,5,0,66.6,1,Mid-size,Web Developer,57.6,66.6,0
S6831,8.47,Mechanical Engineering,2,1,0,1,0,86.6,6.0,94.5,0,2,0,50.8,1,MNC,Analyst,83.59,50.8,0
S6832,6.68,Computer Science and Engineering,3,1,0,0,0,32.2,5.6,60.3,1,4,0,53.0,1,Startup,Data Scientist,45.08,53.0,0
S6833,6.32,Electrical and Electronics Engineering,1,0,1,0,0,41.5,6.1,87.3,1,6,0,70.8,1,Startup,Data Scientist,41.63,70.8,0
S6834,8.09,Civil Engineering,1,1,0,1,1,10.2,9.9,60.8,1,1,0,75.4,1,Mid-size,Data Scientist,73.12,75.4,0
S6835,8.6,Mechanical Engineering,3,0,0,0,1,65.2,4.2,83.4,0,4,0,46.0,0,Not placed,Not placed,,46.0,0
S6836,7.8,Mechanical Engineering,1,0,1,0,1,91.6,8.0,48.8,0,6,0,77.4,1,Mid-size,Software Engineer,72.92,77.4,0
S6837,5.57,Information Technology,2,0,1,0,0,96.9,6.2,42.5,0,1,0,30.6,0,Not placed,Not placed,,30.6,0
S6838,7.59,Electronics and Communication Engineering,2,1,0,0,1,49.5,9.6,81.0,0,4,0,64.4,1,Mid-size,Analyst,60.71,64.4,0
S6839,6.19,Electrical and Electronics Engineering,1,1,0,0,0,59.5,9.2,76.5,0,4,0,60.7,1,Startup,Software Engineer,40.45,60.7,0
S6840,6.68,Electronics and Communication Engineering,1,0,1,0,0,61.8,8.9,72.9,0,3,0,53.9,1,Startup,Analyst,39.84,53.9,0
S6841,6.21,Information Technology,3,1,1,0,0,53.6,6.5,70.8,0,1,0,49.2,0,Not placed,Not placed,,49.2,0
S6842,6.93,Mechanical Engineering,2,1,1,0,1,72.4,9.5,93.3,1,1,2,71.5,1,MNC,Software Engineer,73.6,71.5,0
S6843,5.95,Electronics and Communication Engineering,3,1,1,1,1,51.7,7.6,86.5,0,2,0,75.2,1,Mid-size,Software Engineer,63.18,75.2,0
S6844,8.65,Electronics and Communication Engineering,1,0,1,1,1,99.9,6.4,63.6,0,6,0,75.3,1,Top Tech,Web Developer,103.13,75.3,0
S6845,7.4,Electrical and Electronics Engineering,2,1,1,1,0,94.5,7.7,58.5,0,6,1,80.5,1,MNC,Web Developer,92.56,80.5,0
S6846,5.38,Civil Engineering,1,1,1,0,1,91.7,9.4,93.4,2,5,0,100.0,1,Top Tech,Software Engineer,114.14,106.0,1
S6847,7.11,Computer Science and Engineering,3,1,0,1,1,87.2,4.0,88.2,2,3,0,74.9,1,MNC,Data Scientist,83.65,74.9,0
S6848,9.1,Electrical and Electronics Engineering,1,1,1,0,1,99.8,5.4,78.8,2,6,2,98.0,1,MNC,Software Engineer,87.6,98.0,0
S6849,6.06,Information Technology,1,1,1,1,1,86.1,4.2,50.6,1,5,2,91.2,1,MNC,Data Scientist,87.16,91.2,0
S6850,9.18,Electronics and Communication Engineering,2,0,1,1,0,62.2,5.3,68.0,0,6,0,66.9,1,MNC,Web Developer,91.71,66.9,0
S6851,5.89,Mechanical Engineering,1,1,1,0,1,35.3,10.0,72.6,0,2,2,74.0,1,MNC,Software Engineer,88.51,74.0,0
S6852,6.89,Electrical and Electronics Engineering,1,1,1,1,1,84.8,4.4,85.4,1,2,1,76.9,1,Top Tech,Web Developer,87.46,76.9,0
S6853,7.21,Computer Science and Engineering,2,1,1,0,1,57.0,5.4,52.0,1,3,3,70.6,1,MNC,Data Scientist,72.99,70.6,0
S6854,9.86,Computer Science and Engineering,1,1,1,0,0,76.6,7.3,88.8,1,2,0,59.8,1,MNC,Data Scientist,91.48,59.8,0
S6855,6.54,Electronics and Communication Engineering,2,1,1,1,0,99.2,6.4,47.8,0,4,0,70.1,1,MNC,Analyst,75.08,70.1,0
S6856,9.97,Computer Science and Engineering,2,1,1,0,1,17.4,4.3,98.4,1,6,1,79.8,1,MNC,Data Scientist,75.76,79.8,0
S6857,7.74,Electrical and Electronics Engineering,3,0,1,0,1,86.2,6.7,60.0,1,6,1,77.4,1,MNC,Software Engineer,71.76,77.4,0
S6858,5.23,Electrical and Electronics Engineering,3,0,0,0,0,76.7,4.7,45.3,0,6,0,45.5,0,Not placed,Not placed,,45.5,0
S6859,7.07,Electrical and Electronics Engineering,2,1,1,0,1,38.8,9.8,51.1,0,5,0,88.9,1,MNC,Data Scientist,75.25,88.9,0
S6860,9.19,Mechanical Engineering,1,1,1,0,1,61.0,5.1,54.5,1,3,1,71.6,1,Mid-size,Analyst,52.68,71.6,0
S6861,8.3,Electronics and Communication Engineering,3,0,1,0,0,55.7,4.2,66.3,0,4,0,41.5,0,Not placed,Not placed,,41.5,0
S6862,9.19,Computer Science and Engineering,1,0,0,1,0,69.1,4.5,80.4,1,4,0,49.7,1,Startup,Data Scientist,42.41,49.7,0
S6863,8.84,Electronics and Communication Engineering,3,1,0,0,0,22.5,5.6,89.4,2,2,1,52.4,0,Not placed,Not placed,,52.4,0
S6864,8.4,Computer Science and Engineering,3,1,1,0,0,52.2,8.1,63.7,1,6,0,86.8,1,Mid-size,Web Developer,60.64,86.8,0
S6865,8.46,Information Technology,2,1,1,0,0,98.6,6.7,99.0,0,6,0,70.6,1,Mid-size,Analyst,50.52,70.6,0
S6866,6.53,Information Technology,2,1,1,1,0,70.4,7.5,64.5,0,4,0,72.0,1,MNC,Data Scientist,86.25,72.0,0
S6867,7.54,Electrical and Electronics Engineering,1,0,0,0,0,59.5,6.6,89.2,0,5,0,42.9,1,Startup,Data Scientist,45.43,42.9,0
S6868,9.89,Information Technology,3,1,1,0,0,27.6,9.9,53.8,0,2,1,64.6,1,MNC,Analyst,72.15,64.6,0
S6869,9.71,Mechanical Engineering,3,1,1,0,1,92.3,6.9,89.0,0,1,1,57.7,1,MNC,Software Engineer,94.93,57.7,0
S6870,9.45,Computer Science and Engineering,1,1,0,0,0,38.6,7.0,68.5,3,6,0,91.7,1,Startup,Analyst,41.72,91.7,0
S6871,7.5,Electrical and Electronics Engineering,3,1,1,0,0,24.0,8.7,53.0,2,1,0,67.2,1,MNC,Software Engineer,76.7,67.2,0
S6872,9.2,Mechanical Engineering,1,0,1,0,1,62.3,6.0,92.2,3,2,0,77.2,1,Mid-size,Analyst,72.43,77.2,0
S6873,8.57,Mechanical Engineering,3,1,1,0,0,44.8,4.2,69.3,0,2,1,40.9,0,Not placed,Not placed,,40.9,0
S6874,6.93,Civil Engineering,1,1,0,0,0,26.8,4.6,55.8,1,3,0,47.7,1,Startup,Analyst,39.22,47.7,0
S6875,8.17,Electronics and Communication Engineering,3,1,0,1,1,12.7,9.9,74.1,1,6,0,100.0,1,MNC,Data Scientist,72.5,101.6,1
S6876,7.13,Computer Science and Engineering,3,1,1,1,0,70.2,4.3,40.6,2,3,0,74.4,1,Mid-size,Web Developer,55.23,74.4,0
S6877,7.94,Electronics and Communication Engineering,3,1,1,0,1,66.7,4.9,81.1,1,5,0,75.7,1,MNC,Data Scientist,80.79,75.7,0
S6878,9.42,Electrical and Electronics Engineering,3,1,1,0,0,89.3,8.9,47.1,2,5,1,87.9,1,MNC,Web Developer,92.67,87.9,0
S6879,8.82,Mechanical Engineering,3,1,0,1,1,22.2,5.4,81.2,2,6,1,100.0,1,Mid-size,Web Developer,56.3,101.2,1
S6880,6.74,Civil Engineering,2,1,0,0,0,78.0,9.2,42.4,0,6,0,63.5,1,Startup,Web Developer,42.26,63.5,0
S6881,9.99,Computer Science and Engineering,3,1,0,0,0,41.8,5.7,97.8,0,2,1,32.4,0,Not placed,Not placed,,32.4,0
S6882,6.4,Electronics and Communication Engineering,1,1,1,0,1,55.2,8.5,83.5,0,5,0,84.7,1,MNC,Analyst,88.5,84.7,0
S6883,7.86,Mechanical Engineering,2,1,1,0,0,29.5,8.7,87.0,3,5,0,100.0,1,Mid-size,Data Scientist,61.36,100.7,1
S6884,7.34,Information Technology,2,1,0,0,0,46.8,8.4,53.7,1,4,0,65.4,1,Startup,Software Engineer,43.24,65.4,0
S6885,7.66,Electronics and Communication Engineering,1,1,0,0,1,88.5,5.3,67.4,0,1,0,44.9,1,MNC,Analyst,77.59,44.9,0
S6886,9.1,Mechanical Engineering,3,0,1,0,0,15.3,7.0,64.7,0,1,0,36.9,0,Not placed,Not placed,,36.9,0
S6887,6.58,Information Technology,1,0,1,0,1,63.8,4.2,83.1,2,5,0,78.8,1,Mid-size,Data Scientist,52.62,78.8,0
S6888,9.65,Computer Science and Engineering,1,1,0,0,0,3.5,9.2,66.1,2,4,0,72.6,1,Startup,Data Scientist,44.07,72.6,0
S6889,6.28,Electronics and Communication Engineering,1,1,1,0,1,86.7,6.1,79.5,1,2,0,71.1,1,Top Tech,Web Developer,109.88,71.1,0
S6890,8.71,Electrical and Electronics Engineering,3,1,1,0,1,82.4,6.4,91.5,0,6,0,75.5,1,MNC,Software Engineer,74.44,75.5,0
S6891,9.86,Electrical and Electronics Engineering,3,1,1,1,0,9.9,9.4,73.1,0,4,0,80.1,1,MNC,Software Engineer,75.82,80.1,0
S6892,9.55,Mechanical Engineering,2,1,0,0,0,9.3,7.6,55.2,0,1,0,37.1,0,Not placed,Not placed,,37.1,0
S6893,5.35,Information Technology,2,0,0,0,1,72.5,4.9,94.1,2,6,0,76.6,1,Startup,Software Engineer,41.25,76.6,0
S6894,5.65,Electrical and Electronics Engineering,2,1,1,0,0,87.5,5.4,92.5,0,4,1,51.9,1,Mid-size,Software Engineer,60.32,51.9,0
S6895,9.7,Civil Engineering,2,0,0,1,0,5.8,4.5,53.7,0,1,0,24.0,0,Not placed,Not placed,,24.0,0
S6896,9.43,Information Technology,3,1,0,0,0,76.5,8.5,53.3,0,6,0,64.0,1,Startup,Data Scientist,49.34,64.0,0
S6897,5.03,Electronics and Communication Engineering,3,1,1,0,0,5.1,5.4,78.4,0,1,2,36.5,0,Not placed,Not placed,,36.5,0
S6898,5.08,Civil Engineering,1,1,0,1,1,49.8,9.7,92.0,0,3,0,72.1,1,MNC,Data Scientist,73.1,72.1,0
S6899,7.6,Electronics and Communication Engineering,3,0,1,1,0,0.5,4.4,53.1,1,3,0,54.3,0,Not placed,Not placed,,54.3,0
S6900,5.05,Civil Engineering,3,1,1,0,0,17.5,7.9,66.8,1,1,0,58.2,0,Not placed,Not placed,,58.2,0
S6901,7.38,Electronics and Communication Engineering,3,1,0,1,0,85.8,7.5,90.3,1,2,0,67.1,1,MNC,Data Scientist,92.13,67.1,0
S6902,7.71,Mechanical Engineering,1,0,0,0,0,88.7,5.6,46.4,3,2,0,57.5,1,Startup,Software Engineer,53.09,57.5,0
S6903,8.75,Electronics and Communication Engineering,1,1,1,0,0,92.4,5.6,62.8,0,5,1,60.2,1,MNC,Analyst,78.67,60.2,0
S6904,6.3,Electrical and Electronics Engineering,3,1,0,1,0,83.2,5.4,66.8,0,5,1,60.7,1,MNC,Software Engineer,83.64,60.7,0
S6905,8.95,Information Technology,3,0,1,0,1,28.5,8.7,40.9,0,6,1,71.5,0,Not placed,Not placed,,71.5,0
S6906,7.18,Mechanical Engineering,3,1,1,0,1,54.5,6.0,68.6,0,3,0,64.4,1,Mid-size,Web Developer,55.02,64.4,0
S6907,8.75,Electronics and Communication Engineering,1,1,1,0,1,100.0,4.0,43.1,1,4,0,69.1,1,Top Tech,Data Scientist,98.88,69.1,0
S6908,8.26,Electrical and Electronics Engineering,3,1,1,0,0,21.2,5.6,90.5,2,4,0,81.3,1,MNC,Analyst,81.16,81.3,0
S6909,8.73,Mechanical Engineering,3,0,0,0,0,5.4,4.1,86.0,0,1,0,20.8,0,Not placed,Not placed,,20.8,0
S6910,6.41,Information Technology,2,0,0,0,1,6.4,5.3,83.6,1,3,3,54.0,0,Not placed,Not placed,,54.0,0
S6911,8.0,Civil Engineering,2,1,1,0,1,21.4,5.9,72.7,0,6,0,74.4,1,Mid-size,Software Engineer,64.3,74.4,0
S6912,7.71,Mechanical Engineering,2,1,1,0,0,11.9,6.6,62.3,1,1,0,50.8,1,MNC,Web Developer,77.56,50.8,0
S6913,9.15,Electronics and Communication Engineering,2,1,0,1,0,72.6,6.0,66.8,1,4,0,69.2,1,MNC,Software Engineer,84.8,69.2,0
S6914,6.64,Information Technology,1,0,1,0,1,63.2,7.9,92.6,1,5,1,73.7,1,MNC,Web Developer,76.0,73.7,0
S6915,7.15,Electrical and Electronics Engineering,1,1,1,0,0,70.4,6.0,50.1,1,4,0,68.6,1,Mid-size,Data Scientist,69.01,68.6,0
S6916,6.81,Information Technology,3,0,0,0,0,64.3,7.7,70.2,0,6,0,57.0,0,Not placed,Not placed,,57.0,0
S6917,8.78,Electronics and Communication Engineering,3,0,1,1,0,99.8,7.0,62.2,0,2,0,47.0,1,Mid-size,Analyst,55.09,47.0,0
S6918,7.43,Computer Science and Engineering,2,0,1,1,0,57.7,7.3,64.1,3,1,0,81.4,1,MNC,Data Scientist,89.64,81.4,0
S6919,5.88,Electronics and Communication Engineering,2,1,1,0,1,67.2,6.8,41.1,1,5,0,85.7,1,MNC,Data Scientist,70.95,85.7,0
S6920,9.1,Information Technology,3,1,1,0,0,78.1,7.1,44.8,1,2,0,64.1,1,Mid-size,Analyst,72.29,64.1,0
S6921,5.73,Mechanical Engineering,2,1,1,1,1,42.7,8.3,89.6,0,1,0,69.8,1,MNC,Software Engineer,90.94,69.8,0
S6922,9.46,Computer Science and Engineering,1,1,0,1,1,7.4,6.3,91.8,1,5,0,84.0,1,MNC,Web Developer,72.56,84.0,0
S6923,8.56,Information Technology,1,1,1,1,0,50.5,9.9,99.7,1,2,1,78.2,1,Mid-size,Software Engineer,61.68,78.2,0
S6924,7.64,Civil Engineering,3,1,0,0,1,34.3,7.7,94.5,2,3,0,79.2,1,MNC,Web Developer,67.47,79.2,0
S6925,6.79,Mechanical Engineering,2,1,1,0,1,44.6,6.1,62.9,1,4,0,78.7,1,MNC,Web Developer,77.15,78.7,0
S6926,6.35,Computer Science and Engineering,1,0,0,0,1,21.1,7.7,58.6,0,3,0,51.3,0,Not placed,Not placed,,51.3,0
S6927,5.35,Computer Science and Engineering,2,0,1,1,0,52.8,5.5,52.7,0,2,0,47.8,1,Mid-size,Data Scientist,63.95,47.8,0
S6928,9.67,Computer Science and Engineering,1,1,0,1,1,3.8,7.6,62.5,0,5,2,73.1,1,Mid-size,Data Scientist,60.2,73.1,0
S6929,6.93,Mechanical Engineering,2,1,0,0,1,82.1,6.3,43.9,3,6,2,98.9,1,MNC,Software Engineer,94.8,98.9,0
S6930,8.7,Computer Science and Engineering,1,1,1,1,0,92.8,9.4,53.8,1,4,0,92.7,1,MNC,Web Developer,79.07,92.7,0
S6931,8.31,Mechanical Engineering,1,1,1,0,1,92.2,6.7,65.0,1,5,0,80.7,1,Top Tech,Analyst,93.06,80.7,0
S6932,8.22,Computer Science and Engineering,2,1,1,0,0,5.9,7.0,78.8,0,6,0,74.5,1,Mid-size,Software Engineer,49.97,74.5,0
S6933,9.04,Civil Engineering,2,0,1,0,0,46.1,7.2,47.5,0,3,0,47.5,1,Startup,Software Engineer,38.54,47.5,0
S6934,8.57,Electrical and Electronics Engineering,2,1,1,0,0,78.5,9.3,50.3,0,2,1,55.5,1,MNC,Data Scientist,88.28,55.5,0
S6935,9.89,Civil Engineering,3,1,0,1,1,25.6,5.6,69.5,1,3,0,68.5,1,MNC,Data Scientist,73.45,68.5,0
S6936,5.3,Mechanical Engineering,2,1,1,0,0,34.3,6.6,49.7,1,4,2,65.4,1,Mid-size,Web Developer,60.1,65.4,0
S6937,5.58,Civil Engineering,1,1,1,1,1,2.1,9.9,73.9,3,4,0,100.0,1,MNC,Software Engineer,82.07,119.2,1
S6938,6.33,Civil Engineering,2,1,1,0,1,98.4,6.0,55.5,1,4,0,73.5,1,MNC,Data Scientist,70.22,73.5,0
S6939,7.9,Civil Engineering,2,1,0,1,1,10.1,7.5,42.4,1,4,3,83.3,1,Mid-size,Analyst,63.18,83.3,0
S6940,7.12,Computer Science and Engineering,2,1,1,0,0,15.9,4.2,42.3,1,5,0,71.7,1,MNC,Web Developer,72.5,71.7,0
S6941,8.19,Electrical and Electronics Engineering,3,1,0,1,1,39.5,5.4,96.6,0,3,0,64.9,1,MNC,Analyst,86.11,64.9,0
S6942,7.82,Electrical and Electronics Engineering,1,1,1,0,0,65.2,5.9,80.1,2,4,0,79.3,1,Mid-size,Software Engineer,52.43,79.3,0
S6943,7.52,Civil Engineering,2,1,1,0,1,99.2,9.1,88.9,0,3,0,77.2,1,MNC,Data Scientist,87.98,77.2,0
S6944,6.81,Civil Engineering,2,1,0,0,0,79.8,5.7,86.4,1,4,1,58.1,1,Startup,Web Developer,44.58,58.1,0
S6945,7.78,Civil Engineering,1,1,1,0,0,12.5,7.7,42.5,3,3,0,88.2,1,Mid-size,Data Scientist,65.64,88.2,0
S6946,7.05,Electronics and Communication Engineering,1,1,1,0,1,13.8,8.7,46.3,1,1,0,70.7,1,MNC,Software Engineer,82.79,70.7,0
S6947,6.82,Civil Engineering,2,0,0,1,1,37.1,9.2,66.3,0,6,0,76.9,1,Mid-size,Web Developer,58.85,76.9,0
S6948,6.3,Electrical and Electronics Engineering,1,1,1,1,0,73.9,9.5,63.7,1,2,1,74.4,1,MNC,Data Scientist,85.16,74.4,0
S6949,5.8,Mechanical Engineering,3,0,1,0,0,24.2,4.4,53.3,1,3,0,47.6,1,Startup,Software Engineer,41.91,47.6,0
S6950,7.97,Electronics and Communication Engineering,1,1,1,0,0,9.1,9.7,99.7,1,2,2,69.6,1,MNC,Web Developer,84.39,69.6,0
S6951,7.92,Mechanical Engineering,3,0,1,0,0,68.1,5.1,61.0,1,4,0,58.2,1,Startup,Analyst,40.45,58.2,0
S6952,5.76,Computer Science and Engineering,1,0,1,0,0,11.5,7.5,82.1,1,1,0,52.4,1,Startup,Data Scientist,43.42,52.4,0
S6953,9.92,Information Technology,2,1,1,0,0,16.9,6.4,57.8,2,1,1,62.9,1,Mid-size,Data Scientist,73.72,62.9,0
S6954,9.29,Computer Science and Engineering,1,0,1,0,0,96.3,6.5,92.1,0,6,0,60.4,1,Startup,Analyst,46.24,60.4,0
S6955,5.81,Electronics and Communication Engineering,3,1,1,0,1,45.6,7.1,64.4,1,4,1,85.3,1,MNC,Data Scientist,81.09,85.3,0
S6956,6.93,Information Technology,2,1,1,1,0,53.0,9.8,45.4,0,3,0,69.6,1,Mid-size,Web Developer,54.9,69.6,0
S6957,9.28,Computer Science and Engineering,2,0,0,1,1,35.9,4.1,62.9,2,3,0,65.8,1,Mid-size,Software Engineer,66.08,65.8,0
S6958,9.81,Electrical and Electronics Engineering,1,1,0,0,1,87.0,7.2,48.3,0,2,0,55.1,1,Mid-size,Data Scientist,74.18,55.1,0
S6959,7.87,Information Technology,3,1,0,0,1,0.9,9.5,74.6,1,3,2,75.4,0,Not placed,Not placed,,75.4,0
S6960,9.29,Computer Science and Engineering,1,1,1,1,0,11.1,7.7,74.2,1,6,0,95.9,1,MNC,Data Scientist,87.88,95.9,0
S6961,9.55,Computer Science and Engineering,2,0,0,0,0,5.0,6.5,97.7,1,6,1,58.5,0,Not placed,Not placed,,58.5,0
S6962,6.76,Computer Science and Engineering,1,1,0,0,0,89.8,5.8,54.4,3,6,0,88.2,1,Startup,Web Developer,52.54,88.2,0
S6963,5.13,Information Technology,3,1,1,0,0,39.2,4.7,94.7,1,2,1,53.3,0,Not placed,Not placed,,53.3,0
S6964,8.2,Civil Engineering,2,1,1,1,0,42.1,5.1,70.9,1,5,0,83.9,1,Mid-size,Data Scientist,56.37,83.9,0
S6965,7.49,Electrical and Electronics Engineering,2,1,1,0,1,19.3,6.1,92.0,2,2,0,76.7,1,MNC,Analyst,71.88,76.7,0
S6966,7.7,Electrical and Electronics Engineering,1,1,1,1,0,23.6,6.5,98.1,0,6,0,79.4,1,MNC,Data Scientist,76.81,79.4,0
S6967,9.57,Information Technology,2,1,1,0,0,20.2,7.6,82.5,0,4,0,65.5,1,MNC,Software Engineer,78.27,65.5,0
S6968,9.23,Civil Engineering,3,1,0,1,0,54.5,7.7,65.8,0,6,0,76.5,1,MNC,Analyst,82.6,76.5,0
S6969,6.44,Electronics and Communication Engineering,2,0,0,0,1,11.0,8.9,92.1,2,3,0,68.2,1,Startup,Software Engineer,37.08,68.2,0
S6970,8.14,Civil Engineering,1,1,0,0,0,93.7,7.6,46.4,1,6,0,77.8,1,Startup,Analyst,42.98,77.8,0
S6971,5.22,Computer Science and Engineering,1,1,0,1,0,94.4,5.4,56.8,1,1,0,54.4,1,MNC,Web Developer,86.71,54.4,0
S6972,8.05,Electronics and Communication Engineering,3,1,1,1,0,53.5,7.4,63.9,1,3,0,76.1,1,Mid-size,Software Engineer,56.31,76.1,0
S6973,8.69,Computer Science and Engineering,2,1,0,0,0,82.2,7.9,42.8,1,1,0,53.3,1,Startup,Analyst,49.84,53.3,0
S6974,7.66,Electronics and Communication Engineering,1,1,1,0,1,44.9,6.8,82.6,0,2,0,64.5,1,MNC,Data Scientist,82.01,64.5,0
S6975,7.94,Electrical and Electronics Engineering,1,1,0,1,0,38.6,5.2,95.0,0,2,1,49.1,1,MNC,Analyst,70.01,49.1,0
S6976,6.61,Computer Science and Engineering,2,1,0,0,0,60.7,4.7,98.3,2,6,2,71.3,1,Startup,Web Developer,43.44,71.3,0
S6977,6.49,Mechanical Engineering,1,0,1,0,1,51.0,9.6,41.1,0,4,0,66.0,1,Mid-size,Data Scientist,66.54,66.0,0
S6978,9.55,Electrical and Electronics Engineering,3,1,0,0,1,65.6,8.1,46.8,1,2,1,59.3,1,Mid-size,Web Developer,57.04,59.3,0
S6979,9.79,Civil Engineering,3,1,1,0,1,73.9,7.1,70.1,1,1,1,66.3,1,MNC,Data Scientist,91.88,66.3,0
S6980,7.18,Information Technology,1,0,1,0,1,82.5,7.2,94.1,1,4,0,73.8,1,Mid-size,Software Engineer,66.17,73.8,0
S6981,8.2,Information Technology,3,0,1,0,0,70.1,4.8,45.5,1,6,0,69.3,1,Startup,Software Engineer,48.74,69.3,0
S6982,5.19,Electrical and Electronics Engineering,3,0,1,0,0,80.6,7.9,77.1,2,5,0,77.4,1,Startup,Data Scientist,47.49,77.4,0
S6983,7.69,Computer Science and Engineering,3,1,1,0,0,89.9,8.2,70.6,1,2,0,67.2,1,Mid-size,Data Scientist,58.48,67.2,0
S6984,5.97,Electronics and Communication Engineering,3,0,0,0,1,93.4,7.6,78.0,1,5,0,64.5,1,Startup,Web Developer,43.71,64.5,0
S6985,5.82,Information Technology,3,1,0,0,1,10.1,8.6,75.2,1,1,0,62.1,0,Not placed,Not placed,,62.1,0
S6986,9.35,Mechanical Engineering,2,1,1,0,1,82.1,9.4,53.8,3,1,0,92.9,1,Mid-size,Web Developer,63.75,92.9,0
S6987,9.6,Civil Engineering,3,1,0,0,0,4.6,4.6,86.5,1,4,0,56.1,0,Not placed,Not placed,,56.1,0
S6988,7.98,Mechanical Engineering,2,1,1,0,0,39.3,4.6,83.3,0,3,0,50.1,1,MNC,Data Scientist,74.3,50.1,0
S6989,9.66,Electrical and Electronics Engineering,1,1,1,1,1,21.1,7.5,50.8,0,1,0,69.0,1,Mid-size,Data Scientist,55.37,69.0,0
S6990,8.73,Computer Science and Engineering,3,1,0,0,0,10.6,9.1,87.2,2,3,1,76.3,1,Startup,Data Scientist,44.65,76.3,0
S6991,5.83,Mechanical Engineering,3,1,0,0,0,40.3,6.9,50.5,0,4,0,55.6,0,Not placed,Not placed,,55.6,0
S6992,9.07,Electronics and Communication Engineering,2,0,1,0,1,80.4,6.5,87.7,1,2,0,58.8,1,Mid-size,Software Engineer,57.99,58.8,0
S6993,8.42,Electronics and Communication Engineering,1,0,1,1,0,61.1,5.0,54.4,1,1,0,50.8,1,MNC,Web Developer,82.31,50.8,0
S6994,5.57,Civil Engineering,1,1,1,1,0,77.3,6.0,76.5,1,2,0,65.3,1,Top Tech,Web Developer,100.82,65.3,0
S6995,8.88,Civil Engineering,3,0,0,1,1,94.4,5.7,53.5,1,1,1,47.8,0,Not placed,Not placed,,47.8,0
S6996,9.99,Mechanical Engineering,3,0,1,0,0,80.3,5.4,56.8,0,2,0,34.5,0,Not placed,Not placed,,34.5,0
S6997,7.21,Civil Engineering,2,1,1,0,0,32.0,6.2,85.0,0,5,0,65.0,1,MNC,Web Developer,79.33,65.0,0
S6998,8.99,Civil Engineering,1,0,1,0,1,9.8,9.1,99.7,1,6,0,91.8,1,MNC,Web Developer,74.23,91.8,0
S6999,8.5,Electrical and Electronics Engineering,3,0,1,1,0,81.4,8.8,63.0,0,4,0,64.0,1,Mid-size,Software Engineer,56.19,64.0,0
S7000,8.59,Electrical and Electronics Engineering,2,0,0,0,1,75.5,5.6,88.8,1,6,1,64.4,1,Startup,Data Scientist,48.4,64.4,0
S7001,5.47,Electrical and Electronics Engineering,3,1,0,0,1,8.9,9.0,73.7,0,5,0,69.5,1,MNC,Data Scientist,79.78,69.5,0
S7002,9.6,Computer Science and Engineering,2,1,0,1,0,29.3,8.1,87.9,1,4,0,77.2,1,Mid-size,Software Engineer,66.77,77.2,0
S7003,7.62,Electrical and Electronics Engineering,3,0,1,0,0,14.8,5.7,99.6,2,1,0,47.6,1,Startup,Data Scientist,44.23,47.6,0
S7004,6.18,Computer Science and Engineering,3,1,0,0,0,41.9,5.8,75.1,1,1,0,38.4,1,Startup,Data Scientist,37.36,38.4,0
S7005,9.91,Information Technology,1,1,1,0,1,62.5,9.0,50.9,1,6,0,92.1,1,MNC,Analyst,72.69,92.1,0
S7006,7.0,Electronics and Communication Engineering,3,0,1,0,0,80.4,5.7,88.0,1,4,0,59.7,1,Startup,Data Scientist,42.46,59.7,0
S7007,9.56,Computer Science and Engineering,2,1,1,0,1,63.1,6.3,46.8,1,3,0,78.4,1,Mid-size,Analyst,54.26,78.4,0
S7008,7.76,Computer Science and Engineering,2,1,1,0,0,38.4,8.0,43.2,0,2,0,55.9,1,MNC,Web Developer,66.13,55.9,0
S7009,5.83,Computer Science and Engineering,3,1,1,0,1,26.0,9.1,73.7,0,2,1,70.5,0,Not placed,Not placed,,70.5,0
S7010,6.35,Electronics and Communication Engineering,2,0,0,1,1,96.0,5.3,74.3,1,3,1,59.0,1,MNC,Data Scientist,81.25,59.0,0
S7011,5.98,Civil Engineering,1,1,0,0,0,91.1,5.2,90.3,0,3,0,42.1,1,Startup,Data Scientist,38.35,42.1,0
S7012,5.49,Computer Science and Engineering,3,1,0,1,1,53.1,8.5,67.5,0,3,0,74.2,1,MNC,Data Scientist,78.9,74.2,0
S7013,6.65,Electronics and Communication Engineering,3,1,1,0,0,50.8,7.4,58.0,1,6,0,83.3,1,MNC,Web Developer,73.69,83.3,0
S7014,6.6,Electrical and Electronics Engineering,3,0,0,0,0,66.2,4.4,93.5,1,5,0,46.8,1,Startup,Software Engineer,39.49,46.8,0
S7015,9.05,Mechanical Engineering,3,0,0,1,1,49.3,7.3,44.8,2,6,0,88.0,1,MNC,Analyst,80.1,88.0,0
S7016,5.7,Information Technology,2,0,0,0,0,65.8,9.8,93.4,0,1,0,30.2,1,Startup,Analyst,48.16,30.2,0
S7017,8.97,Mechanical Engineering,1,1,0,1,0,15.1,4.9,48.2,1,6,0,71.0,1,Mid-size,Data Scientist,53.86,71.0,0
S7018,9.4,Information Technology,1,1,0,0,1,48.7,8.2,49.5,1,5,0,78.4,1,Mid-size,Analyst,66.7,78.4,0
S7019,9.28,Computer Science and Engineering,3,1,1,0,0,7.1,6.3,83.8,1,5,0,71.2,1,Mid-size,Data Scientist,50.38,71.2,0
S7020,7.6,Civil Engineering,3,1,0,0,0,59.5,7.9,66.5,1,3,0,61.8,1,Startup,Web Developer,39.43,61.8,0
S7021,6.44,Civil Engineering,3,0,1,0,0,12.9,8.8,99.1,2,6,1,85.0,1,Startup,Analyst,38.49,85.0,0
S7022,9.19,Mechanical Engineering,2,1,1,0,0,40.9,4.5,80.4,1,6,0,71.5,1,Mid-size,Data Scientist,60.17,71.5,0
S7023,9.86,Electronics and Communication Engineering,3,1,0,0,0,83.5,6.4,70.3,1,3,1,57.6,1,Startup,Analyst,47.36,57.6,0
S7024,8.39,Civil Engineering,3,1,0,0,0,62.4,9.6,87.2,2,2,0,66.5,1,Startup,Software Engineer,51.35,66.5,0
S7025,5.68,Civil Engineering,1,0,1,1,1,47.8,5.5,86.0,0,3,0,65.5,1,MNC,Analyst,69.85,65.5,0
S7026,5.56,Electronics and Communication Engineering,2,0,1,0,1,95.0,6.7,58.2,1,6,0,83.0,1,MNC,Web Developer,74.62,83.0,0
S7027,6.1,Computer Science and Engineering,3,1,0,0,0,2.4,10.0,71.8,1,5,0,72.1,1,Startup,Web Developer,37.92,72.1,0
S7028,5.13,Computer Science and Engineering,2,1,1,1,0,40.5,8.5,96.5,0,5,0,77.9,1,MNC,Data Scientist,87.98,77.9,0
S7029,8.38,Information Technology,3,1,1,0,1,24.8,7.6,42.0,0,1,1,57.5,1,MNC,Web Developer,74.76,57.5,0
S7030,8.12,Electrical and Electronics Engineering,2,1,1,0,1,73.8,6.3,96.2,0,1,0,52.6,1,Mid-size,Web Developer,61.07,52.6,0
S7031,6.14,Information Technology,3,1,0,0,1,51.1,8.9,50.0,0,2,0,56.0,0,Not placed,Not placed,,56.0,0
S7032,8.9,Civil Engineering,1,1,0,0,0,57.8,7.3,47.5,1,5,0,69.8,1,Startup,Software Engineer,46.31,69.8,0
S7033,6.95,Mechanical Engineering,2,1,1,1,1,7.0,4.4,96.0,0,3,2,64.2,1,Mid-size,Analyst,57.59,64.2,0
S7034,9.26,Electrical and Electronics Engineering,1,0,0,1,1,53.1,6.2,85.5,1,6,1,80.9,1,Mid-size,Software Engineer,60.36,80.9,0
S7035,8.6,Civil Engineering,3,1,0,1,1,80.2,8.7,47.6,0,2,0,70.5,1,MNC,Web Developer,77.57,70.5,0
S7036,9.17,Electrical and Electronics Engineering,3,1,1,0,1,22.5,9.8,92.5,0,5,0,86.2,1,MNC,Web Developer,67.61,86.2,0
S7037,8.02,Electrical and Electronics Engineering,3,1,0,1,1,64.8,9.2,59.6,3,5,0,100.0,1,MNC,Data Scientist,96.46,109.8,1
S7038,6.67,Mechanical Engineering,3,1,0,0,0,55.7,7.2,78.1,0,3,0,46.8,0,Not placed,Not placed,,46.8,0
S7039,8.17,Electrical and Electronics Engineering,3,1,1,0,0,44.9,8.1,90.5,0,3,0,55.5,1,MNC,Web Developer,74.96,55.5,0
S7040,7.38,Civil Engineering,1,0,1,0,0,64.6,8.7,65.5,1,2,0,58.0,1,Startup,Data Scientist,47.29,58.0,0
S7041,8.19,Electronics and Communication Engineering,3,0,1,0,0,66.1,5.2,49.6,0,4,0,48.4,0,Not placed,Not placed,,48.4,0
S7042,9.12,Mechanical Engineering,1,0,0,0,1,71.6,7.4,54.4,1,1,0,44.2,1,Startup,Web Developer,49.48,44.2,0
S7043,7.99,Civil Engineering,1,1,0,0,0,98.4,7.9,48.0,2,4,2,71.7,1,Startup,Analyst,47.48,71.7,0
S7044,9.17,Civil Engineering,3,1,1,1,1,43.2,5.9,76.7,2,1,1,80.7,1,Mid-size,Software Engineer,53.72,80.7,0
S7045,7.5,Electrical and Electronics Engineering,3,1,0,0,1,3.0,6.8,52.3,0,2,0,48.1,0,Not placed,Not placed,,48.1,0
S7046,5.35,Information Technology,3,1,0,0,0,66.8,9.7,81.5,1,2,0,58.5,1,Startup,Data Scientist,44.37,58.5,0
S7047,7.89,Electronics and Communication Engineering,1,0,1,0,0,81.4,4.7,80.9,0,6,0,52.6,1,Startup,Analyst,45.16,52.6,0
S7048,7.97,Computer Science and Engineering,3,1,1,0,0,99.8,5.2,83.4,2,5,0,84.1,1,MNC,Analyst,84.32,84.1,0
S7049,6.09,Electrical and Electronics Engineering,2,1,1,0,1,67.7,4.7,60.4,1,1,0,54.1,1,MNC,Analyst,82.63,54.1,0
S7050,5.22,Civil Engineering,2,0,1,0,1,51.9,4.7,78.9,1,1,0,45.1,1,Mid-size,Software Engineer,57.72,45.1,0
S7051,9.3,Computer Science and Engineering,3,0,0,0,1,78.9,8.6,59.5,2,4,0,75.7,1,Startup,Software Engineer,44.72,75.7,0
S7052,8.38,Information Technology,2,1,1,1,1,44.4,6.4,79.5,0,4,0,79.8,1,MNC,Data Scientist,72.01,79.8,0
S7053,5.66,Civil Engineering,2,1,0,0,1,53.4,9.9,49.1,0,5,0,71.6,1,Mid-size,Analyst,62.05,71.6,0
S7054,8.53,Electronics and Communication Engineering,2,0,1,0,1,20.5,9.9,98.4,0,4,0,74.5,1,Mid-size,Data Scientist,71.2,74.5,0
S7055,8.62,Mechanical Engineering,2,1,1,1,1,48.3,9.3,70.6,1,6,0,100.0,1,MNC,Web Developer,80.78,107.3,1
S7056,7.98,Mechanical Engineering,2,0,1,0,0,28.5,9.4,42.0,0,5,0,62.4,1,Startup,Data Scientist,46.96,62.4,0
S7057,9.45,Information Technology,2,1,0,0,1,85.2,6.6,81.8,0,3,0,52.1,1,MNC,Analyst,81.93,52.1,0
S7058,7.67,Information Technology,3,1,1,0,0,36.1,6.1,61.3,0,5,0,64.0,1,MNC,Data Scientist,73.91,64.0,0
S7059,7.97,Civil Engineering,1,1,1,0,0,15.8,9.3,75.9,0,3,0,59.6,1,MNC,Analyst,73.55,59.6,0
S7060,5.42,Electrical and Electronics Engineering,1,1,1,0,0,97.2,6.7,51.2,0,6,1,68.2,1,MNC,Data Scientist,72.92,68.2,0
S7061,6.86,Mechanical Engineering,3,0,0,0,0,98.7,6.1,96.1,0,6,0,47.2,1,Startup,Software Engineer,40.04,47.2,0
S7062,5.99,Electronics and Communication Engineering,2,0,1,0,0,9.1,7.6,90.5,0,3,0,52.4,0,Not placed,Not placed,,52.4,0
S7063,5.64,Information Technology,2,1,0,0,0,20.6,8.8,61.6,3,2,0,75.5,1,Startup,Software Engineer,43.86,75.5,0
S7064,9.65,Civil Engineering,3,0,1,0,0,11.4,8.0,67.3,0,6,2,63.1,0,Not placed,Not placed,,63.1,0
S7065,5.68,Electronics and Communication Engineering,1,1,0,0,0,33.5,7.7,61.3,0,3,0,48.9,0,Not placed,Not placed,,48.9,0
S7066,6.1,Mechanical Engineering,2,1,1,0,0,79.9,9.5,90.4,0,3,2,67.1,1,MNC,Web Developer,73.84,67.1,0
S7067,8.11,Information Technology,2,1,0,0,0,63.8,7.7,50.3,0,3,0,48.4,1,Startup,Web Developer,44.87,48.4,0
S7068,5.47,Information Technology,3,1,1,0,0,83.8,5.6,62.7,0,6,0,63.0,1,Mid-size,Data Scientist,65.52,63.0,0
S7069,6.8,Electrical and Electronics Engineering,3,1,1,0,1,42.3,6.1,90.8,0,2,0,61.3,1,MNC,Data Scientist,64.38,61.3,0
S7070,6.35,Civil Engineering,1,0,1,0,0,60.5,5.8,89.6,2,1,0,49.0,1,Startup,Analyst,46.05,49.0,0
S7071,8.58,Mechanical Engineering,3,1,0,0,1,38.3,5.6,57.5,0,3,0,49.4,1,Mid-size,Analyst,47.04,49.4,0
S7072,9.88,Computer Science and Engineering,1,1,0,0,1,79.4,7.6,87.5,1,2,0,59.2,1,Mid-size,Software Engineer,69.84,59.2,0
S7073,9.38,Mechanical Engineering,3,0,1,0,1,98.4,6.5,97.0,0,4,1,59.4,1,Mid-size,Web Developer,58.46,59.4,0
S7074,9.68,Electronics and Communication Engineering,2,1,1,0,0,90.3,4.2,75.3,0,3,0,50.3,1,Mid-size,Software Engineer,63.74,50.3,0
S7075,9.36,Civil Engineering,2,1,0,0,1,41.1,8.8,68.0,1,3,0,71.2,1,Mid-size,Analyst,65.93,71.2,0
S7076,7.27,Electrical and Electronics Engineering,3,0,0,0,0,2.6,6.5,48.2,1,4,3,49.8,0,Not placed,Not placed,,49.8,0
S7077,7.2,Electronics and Communication Engineering,1,1,0,0,1,53.0,9.4,81.1,0,1,2,55.1,1,Mid-size,Analyst,50.28,55.1,0
S7078,6.97,Electrical and Electronics Engineering,3,0,1,0,1,25.7,8.2,66.3,0,3,1,60.1,0,Not placed,Not placed,,60.1,0
S7079,8.65,Electronics and Communication Engineering,2,1,0,0,0,78.5,8.3,51.1,2,4,0,70.7,1,Startup,Data Scientist,47.94,70.7,0
S7080,6.1,Computer Science and Engineering,1,1,0,1,0,95.9,9.4,68.7,2,3,1,82.7,1,MNC,Analyst,79.15,82.7,0
S7081,8.93,Civil Engineering,3,1,0,0,1,63.1,5.1,70.0,1,6,1,75.5,1,MNC,Software Engineer,70.5,75.5,0
S7082,5.67,Civil Engineering,3,0,1,1,0,36.6,8.4,89.4,1,6,1,89.5,1,MNC,Software Engineer,69.72,89.5,0
S7083,6.81,Computer Science and Engineering,2,1,0,1,1,31.3,8.6,58.3,0,2,0,68.1,1,Mid-size,Web Developer,58.15,68.1,0
S7084,7.42,Information Technology,1,1,0,1,1,53.0,6.7,85.9,0,2,0,61.8,1,MNC,Data Scientist,74.75,61.8,0
S7085,6.93,Mechanical Engineering,3,1,0,0,1,51.2,8.6,54.8,1,3,0,73.2,1,MNC,Analyst,82.6,73.2,0
S7086,6.91,Mechanical Engineering,1,1,0,0,0,61.4,5.5,96.7,0,4,0,50.9,1,Startup,Analyst,35.58,50.9,0
S7087,6.76,Computer Science and Engineering,1,1,1,0,0,44.7,7.9,83.2,1,2,0,59.5,1,MNC,Analyst,66.82,59.5,0
S7088,5.65,Information Technology,2,1,1,0,0,97.7,7.9,68.9,3,2,0,83.3,1,Mid-size,Analyst,69.83,83.3,0
S7089,7.17,Computer Science and Engineering,2,1,0,1,0,55.5,6.7,79.6,3,5,0,98.3,1,Mid-size,Analyst,62.47,98.3,0
S7090,6.14,Electrical and Electronics Engineering,1,1,1,0,0,55.6,9.9,66.8,1,3,0,72.4,1,MNC,Analyst,84.67,72.4,0
S7091,5.67,Electronics and Communication Engineering,1,0,0,0,0,8.2,8.1,83.0,1,3,0,48.2,1,Startup,Software Engineer,38.36,48.2,0
S7092,9.67,Information Technology,3,0,0,0,0,84.6,6.4,89.8,1,4,0,53.3,1,Startup,Data Scientist,42.73,53.3,0
S7093,8.36,Electronics and Communication Engineering,3,1,1,0,0,9.5,8.2,95.7,1,6,0,82.8,1,Mid-size,Data Scientist,52.04,82.8,0
S7094,9.19,Electrical and Electronics Engineering,2,1,0,1,0,68.4,9.1,43.8,0,5,0,75.1,1,Mid-size,Software Engineer,64.0,75.1,0
S7095,5.39,Information Technology,2,1,1,0,0,88.9,7.5,77.1,0,6,0,75.1,1,Mid-size,Web Developer,51.8,75.1,0
S7096,7.59,Electronics and Communication Engineering,1,0,1,1,1,21.3,4.8,93.3,0,4,0,66.4,1,Mid-size,Software Engineer,51.31,66.4,0
S7097,7.16,Mechanical Engineering,2,1,0,0,0,77.0,8.2,77.5,1,5,0,74.0,1,Startup,Data Scientist,40.96,74.0,0
S7098,9.55,Civil Engineering,3,1,1,1,0,86.2,6.1,41.2,0,5,0,74.4,1,Mid-size,Software Engineer,67.04,74.4,0
S7099,7.79,Electronics and Communication Engineering,1,1,1,0,1,35.0,6.7,41.0,3,6,0,100.0,1,MNC,Software Engineer,81.4,109.3,1
S7100,5.1,Electronics and Communication Engineering,1,0,0,0,0,23.0,4.0,99.3,0,2,0,20.1,1,Startup,Web Developer,32.83,20.1,0
S7101,6.59,Electrical and Electronics Engineering,3,1,0,0,0,82.4,7.4,93.7,2,3,3,65.7,1,Startup,Software Engineer,41.81,65.7,0
S7102,9.27,Civil Engineering,3,1,0,1,0,16.9,7.2,68.2,2,6,0,90.5,1,MNC,Web Developer,75.5,90.5,0
S7103,9.82,Mechanical Engineering,1,0,0,0,1,25.1,7.2,65.2,2,6,1,80.0,1,Startup,Data Scientist,51.23,80.0,0
S7104,6.11,Electrical and Electronics Engineering,1,0,0,0,0,80.7,4.9,64.4,2,6,1,67.2,1,Startup,Analyst,46.42,67.2,0
S7105,7.08,Electronics and Communication Engineering,1,1,1,0,0,7.8,7.4,58.4,0,2,0,55.9,1,MNC,Data Scientist,65.19,55.9,0
S7106,6.75,Mechanical Engineering,3,1,0,0,0,23.8,9.9,87.8,1,6,0,79.5,1,Startup,Analyst,52.52,79.5,0
S7107,5.33,Electrical and Electronics Engineering,1,0,0,0,0,9.6,6.1,49.5,0,4,1,42.7,0,Not placed,Not placed,,42.7,0
S7108,6.09,Information Technology,2,1,0,1,1,28.5,8.7,94.7,0,2,0,66.8,1,MNC,Web Developer,75.65,66.8,0
S7109,5.27,Electrical and Electronics Engineering,1,1,1,0,1,25.6,7.5,89.2,3,6,0,100.0,1,Mid-size,Analyst,68.46,108.7,1
S7110,7.15,Mechanical Engineering,3,1,1,1,0,29.9,7.4,83.6,1,4,0,81.8,1,MNC,Web Developer,65.72,81.8,0
S7111,8.73,Electrical and Electronics Engineering,3,0,0,0,0,46.0,5.3,50.1,2,6,0,62.9,1,Startup,Web Developer,39.96,62.9,0
S7112,8.05,Electronics and Communication Engineering,2,1,0,0,1,56.9,6.5,59.0,0,5,2,68.2,1,MNC,Data Scientist,88.48,68.2,0
S7113,5.82,Information Technology,2,0,1,0,0,74.8,4.8,44.3,2,6,0,70.5,1,Startup,Analyst,40.03,70.5,0
S7114,6.66,Mechanical Engineering,2,0,0,0,0,96.9,7.2,94.5,0,6,0,54.4,1,Startup,Analyst,44.5,54.4,0
S7115,8.22,Mechanical Engineering,3,0,0,0,1,79.3,9.1,40.9,2,4,1,80.7,1,Startup,Analyst,42.99,80.7,0
S7116,5.89,Civil Engineering,3,1,0,0,0,4.9,9.9,79.9,1,6,0,82.4,1,Startup,Web Developer,47.54,82.4,0
S7117,6.83,Electronics and Communication Engineering,2,1,0,0,0,81.6,8.6,66.7,0,3,1,47.6,1,Startup,Analyst,46.28,47.6,0
S7118,8.36,Information Technology,3,1,1,0,0,33.5,6.9,45.4,0,1,1,49.4,0,Not placed,Not placed,,49.4,0
S7119,5.92,Information Technology,2,1,1,0,0,29.4,5.5,64.4,0,2,0,51.1,1,MNC,Software Engineer,74.6,51.1,0
S7120,6.99,Computer Science and Engineering,3,0,1,0,0,85.1,9.5,63.6,2,2,0,72.0,1,Startup,Web Developer,44.7,72.0,0
S7121,7.16,Electronics and Communication Engineering,1,1,1,1,1,10.3,4.2,66.1,0,1,1,57.2,1,Mid-size,Data Scientist,55.93,57.2,0
S7122,5.16,Computer Science and Engineering,1,0,1,0,0,13.6,8.3,61.7,0,1,0,44.2,0,Not placed,Not placed,,44.2,0
S7123,7.97,Computer Science and Engineering,1,1,0,0,0,19.7,6.5,57.0,0,6,0,59.1,1,Startup,Analyst,41.34,59.1,0
S7124,5.41,Electronics and Communication Engineering,3,1,0,0,0,90.0,10.0,57.8,0,1,0,49.8,0,Not placed,Not placed,,49.8,0
S7125,6.35,Information Technology,3,0,0,1,0,4.6,4.7,54.2,0,3,2,42.8,0,Not placed,Not placed,,42.8,0
S7126,6.6,Civil Engineering,1,1,1,0,1,18.8,7.7,73.0,0,1,0,60.4,1,MNC,Software Engineer,72.09,60.4,0
S7127,8.23,Information Technology,1,1,0,0,1,10.6,8.4,40.1,0,6,0,74.5,1,Mid-size,Software Engineer,58.85,74.5,0
S7128,8.03,Electronics and Communication Engineering,2,0,0,0,0,9.9,8.7,74.6,3,2,0,69.7,1,Startup,Software Engineer,40.11,69.7,0
S7129,6.43,Information Technology,1,1,1,0,0,62.6,7.7,95.5,1,5,0,73.9,1,MNC,Analyst,74.88,73.9,0
S7130,7.76,Electronics and Communication Engineering,2,0,0,0,1,76.2,8.9,41.1,2,4,0,80.2,1,Startup,Software Engineer,46.37,80.2,0
S7131,5.14,Mechanical Engineering,1,1,0,0,0,45.3,4.6,66.6,3,3,0,69.6,1,Startup,Web Developer,42.83,69.6,0
S7132,7.74,Mechanical Engineering,3,0,1,0,0,77.9,4.5,54.4,0,3,0,33.9,0,Not placed,Not placed,,33.9,0
S7133,6.28,Information Technology,3,0,0,0,0,86.1,5.8,64.9,1,6,0,57.7,1,Startup,Software Engineer,45.87,57.7,0
S7134,7.86,Electronics and Communication Engineering,2,1,1,0,1,95.3,6.0,61.4,0,6,0,80.7,1,Mid-size,Analyst,63.42,80.7,0
S7135,7.87,Mechanical Engineering,3,1,0,1,0,94.6,9.3,52.1,1,1,0,66.2,1,Mid-size,Web Developer,68.37,66.2,0
S7136,6.0,Electrical and Electronics Engineering,3,0,0,1,0,19.5,7.6,62.7,2,2,0,58.4,1,Startup,Web Developer,47.8,58.4,0
S7137,8.11,Information Technology,2,1,0,1,0,74.0,4.3,86.3,2,2,1,61.5,1,MNC,Data Scientist,66.85,61.5,0
S7138,7.51,Electrical and Electronics Engineering,2,1,0,0,0,58.6,7.2,40.5,2,1,1,56.6,0,Not placed,Not placed,,56.6,0
S7139,7.28,Civil Engineering,2,1,1,0,0,56.8,9.7,60.3,2,6,1,98.9,1,MNC,Analyst,80.59,98.9,0
S7140,8.02,Civil Engineering,2,1,1,1,0,73.5,4.0,75.6,1,4,0,73.3,1,MNC,Data Scientist,74.41,73.3,0
S7141,7.2,Civil Engineering,1,1,1,1,0,35.1,5.3,62.3,0,5,1,75.8,1,MNC,Data Scientist,82.92,75.8,0
S7142,5.65,Electronics and Communication Engineering,3,1,0,1,0,80.9,8.1,92.7,0,4,0,66.4,1,MNC,Data Scientist,65.13,66.4,0
S7143,5.57,Electronics and Communication Engineering,2,0,1,1,0,7.6,9.8,77.0,0,2,0,59.1,1,Mid-size,Data Scientist,52.97,59.1,0
S7144,7.44,Computer Science and Engineering,3,1,1,0,0,43.5,6.6,57.7,1,6,2,81.2,0,Not placed,Not placed,,81.2,0
S7145,8.95,Information Technology,1,0,1,1,1,12.2,7.3,82.5,0,3,0,63.9,1,Mid-size,Software Engineer,63.99,63.9,0
S7146,5.4,Civil Engineering,1,1,0,1,0,0.3,9.0,53.9,1,1,1,65.5,1,MNC,Data Scientist,59.52,65.5,0
S7147,6.54,Computer Science and Engineering,1,1,1,0,0,56.6,5.7,60.6,2,6,1,86.9,1,Mid-size,Data Scientist,71.51,86.9,0
S7148,5.1,Mechanical Engineering,1,0,1,1,1,90.1,8.8,92.3,2,2,0,84.2,1,Top Tech,Software Engineer,89.7,84.2,0
S7149,5.78,Civil Engineering,2,1,0,1,0,44.4,6.2,55.2,1,6,0,78.1,1,Mid-size,Software Engineer,62.82,78.1,0
S7150,6.59,Computer Science and Engineering,2,1,0,1,0,92.9,6.4,49.9,1,5,0,76.3,1,Mid-size,Software Engineer,53.38,76.3,0
S7151,5.39,Computer Science and Engineering,3,1,1,0,0,97.2,4.2,50.7,1,1,2,52.3,0,Not placed,Not placed,,52.3,0
S7152,6.2,Information Technology,2,0,0,0,0,47.7,6.8,87.6,2,6,0,67.3,1,Startup,Analyst,42.78,67.3,0
S7153,9.39,Electrical and Electronics Engineering,1,1,0,0,1,0.9,9.2,77.8,0,3,0,66.4,1,Mid-size,Data Scientist,62.81,66.4,0
S7154,9.08,Civil Engineering,3,1,1,0,1,48.2,5.6,44.9,2,6,1,96.1,1,MNC,Web Developer,82.24,96.1,0
S7155,6.59,Electronics and Communication Engineering,1,1,0,0,0,11.1,9.6,99.0,0,3,0,52.3,1,Startup,Data Scientist,44.49,52.3,0
S7156,9.63,Electrical and Electronics Engineering,2,0,0,0,1,12.5,7.4,86.7,1,2,1,49.3,0,Not placed,Not placed,,49.3,0
S7157,8.84,Mechanical Engineering,3,0,1,0,0,80.4,4.3,84.5,2,5,1,67.1,1,Startup,Software Engineer,43.63,67.1,0
S7158,5.69,Civil Engineering,2,1,0,1,1,52.0,9.1,50.2,1,5,2,88.2,1,MNC,Data Scientist,88.38,88.2,0
S7159,7.93,Information Technology,2,0,1,0,1,71.4,6.1,68.2,1,4,0,67.4,1,MNC,Web Developer,73.77,67.4,0
S7160,9.98,Electrical and Electronics Engineering,2,1,1,1,0,84.2,4.3,78.7,1,1,0,57.0,1,MNC,Analyst,74.66,57.0,0
S7161,5.03,Civil Engineering,2,1,0,1,0,70.0,5.6,69.9,1,5,0,72.4,1,MNC,Analyst,76.29,72.4,0
S7162,7.18,Electrical and Electronics Engineering,1,1,0,1,0,16.8,6.5,83.8,0,1,0,44.3,1,MNC,Web Developer,73.0,44.3,0
S7163,7.75,Information Technology,3,1,1,1,0,95.8,6.7,60.8,3,6,0,100.0,1,MNC,Software Engineer,95.35,105.6,1
S7164,9.83,Electronics and Communication Engineering,1,1,0,1,0,40.0,4.1,52.7,2,3,1,66.7,1,MNC,Software Engineer,83.21,66.7,0
S7165,6.63,Mechanical Engineering,3,1,1,0,0,12.8,5.7,71.4,3,5,1,94.2,1,MNC,Web Developer,70.12,94.2,0
S7166,5.2,Electrical and Electronics Engineering,3,1,1,0,0,44.0,8.5,70.9,1,2,1,68.2,1,Mid-size,Data Scientist,68.78,68.2,0
S7167,8.63,Civil Engineering,1,1,1,1,0,82.0,8.5,69.4,1,3,0,84.9,1,MNC,Web Developer,75.6,84.9,0
S7168,6.15,Computer Science and Engineering,3,1,1,0,0,30.8,6.9,88.6,1,5,3,73.8,0,Not placed,Not placed,,73.8,0
S7169,8.54,Information Technology,3,1,1,0,1,25.1,7.3,46.8,1,1,1,71.4,1,MNC,Web Developer,71.6,71.4,0
S7170,7.1,Computer Science and Engineering,3,1,0,0,1,48.2,6.4,62.0,1,5,0,70.2,1,MNC,Web Developer,71.47,70.2,0
S7171,5.86,Information Technology,1,1,0,1,1,67.5,7.2,95.6,0,6,1,81.3,1,MNC,Web Developer,75.86,81.3,0
S7172,6.15,Civil Engineering,1,1,1,1,0,94.4,6.0,67.5,2,2,0,78.2,1,MNC,Data Scientist,87.17,78.2,0
S7173,7.54,Electrical and Electronics Engineering,3,1,0,0,1,77.9,6.4,54.4,3,5,0,90.3,1,MNC,Data Scientist,87.29,90.3,0
S7174,7.73,Mechanical Engineering,3,1,1,1,0,20.0,7.3,51.5,0,3,0,63.8,1,Mid-size,Data Scientist,54.04,63.8,0
S7175,9.31,Computer Science and Engineering,2,0,1,1,0,54.6,8.8,59.9,0,2,0,52.8,1,MNC,Data Scientist,71.44,52.8,0
S7176,8.45,Information Technology,1,1,1,0,0,52.0,5.6,95.9,3,2,0,73.5,1,MNC,Data Scientist,83.73,73.5,0
S7177,5.8,Civil Engineering,2,1,1,1,1,67.4,8.7,97.5,2,5,0,100.0,1,Mid-size,Data Scientist,76.84,107.6,1
S7178,6.31,Computer Science and Engineering,3,1,0,1,0,91.0,4.7,59.0,1,3,1,54.4,1,Mid-size,Web Developer,68.14,54.4,0
S7179,6.14,Electronics and Communication Engineering,3,1,1,0,1,22.7,9.5,59.4,2,3,0,97.4,1,Mid-size,Software Engineer,64.13,97.4,0
S7180,7.2,Civil Engineering,2,0,0,0,1,51.3,4.7,71.2,0,3,0,34.8,1,Startup,Data Scientist,38.99,34.8,0
S7181,7.36,Mechanical Engineering,3,0,1,0,0,71.7,8.3,40.2,2,3,0,65.0,1,Startup,Data Scientist,54.25,65.0,0
S7182,5.95,Information Technology,1,1,1,1,0,19.8,5.2,71.1,2,2,0,78.5,1,MNC,Analyst,88.37,78.5,0
S7183,7.56,Civil Engineering,2,1,0,0,0,24.7,6.4,78.4,0,5,0,51.9,1,Startup,Data Scientist,42.12,51.9,0
S7184,5.89,Mechanical Engineering,3,0,0,0,0,95.2,10.0,92.3,2,2,3,57.9,0,Not placed,Not placed,,57.9,0
S7185,5.15,Information Technology,2,1,1,1,0,74.7,4.3,51.3,1,4,1,72.7,1,Mid-size,Analyst,58.7,72.7,0
S7186,7.32,Electronics and Communication Engineering,2,0,0,0,1,58.7,6.4,46.0,0,5,0,50.5,1,Startup,Software Engineer,39.58,50.5,0
S7187,5.86,Electrical and Electronics Engineering,3,1,1,1,1,81.1,4.0,80.3,2,6,0,100.0,1,MNC,Web Developer,81.91,101.7,1
S7188,7.52,Civil Engineering,3,0,1,1,0,26.7,4.6,84.3,1,1,0,51.3,0,Not placed,Not placed,,51.3,0
S7189,8.07,Electrical and Electronics Engineering,1,1,1,1,0,24.6,9.3,50.0,0,5,0,78.5,1,Mid-size,Data Scientist,64.84,78.5,0
S7190,8.1,Electrical and Electronics Engineering,2,0,0,0,0,24.0,4.4,98.5,0,2,0,26.3,0,Not placed,Not placed,,26.3,0
S7191,9.72,Information Technology,1,1,1,0,1,95.6,5.8,91.7,1,2,1,68.8,1,Top Tech,Analyst,106.2,68.8,0
S7192,8.92,Electronics and Communication Engineering,2,0,0,0,1,61.7,4.1,99.5,0,4,0,45.7,1,Startup,Web Developer,38.83,45.7,0
S7193,5.32,Mechanical Engineering,3,0,0,1,1,6.1,7.2,83.6,1,2,0,60.4,0,Not placed,Not placed,,60.4,0
S7194,5.73,Civil Engineering,1,1,1,0,1,54.3,9.8,56.8,0,4,0,79.9,1,Mid-size,Data Scientist,59.23,79.9,0
S7195,7.52,Electrical and Electronics Engineering,3,1,0,0,0,12.5,9.1,42.9,2,6,0,82.7,1,Startup,Web Developer,49.64,82.7,0
S7196,5.28,Computer Science and Engineering,1,1,1,0,0,80.3,8.0,63.7,2,4,0,83.3,1,MNC,Data Scientist,71.81,83.3,0
S7197,9.73,Electrical and Electronics Engineering,1,0,1,0,0,83.7,6.7,94.7,0,1,0,35.9,1,Startup,Data Scientist,50.52,35.9,0
S7198,9.87,Computer Science and Engineering,2,1,1,0,0,51.4,5.9,51.2,0,2,1,43.9,0,Not placed,Not placed,,43.9,0
S7199,9.84,Information Technology,3,1,1,0,0,50.0,6.2,74.8,2,2,3,70.9,1,MNC,Web Developer,76.34,70.9,0
S7200,5.41,Mechanical Engineering,2,1,1,1,0,39.0,4.2,82.5,2,3,0,82.0,1,Mid-size,Software Engineer,70.53,82.0,0
S7201,7.61,Information Technology,2,0,1,0,1,96.9,9.7,61.4,0,3,2,60.6,1,Mid-size,Analyst,56.91,60.6,0
S7202,9.6,Information Technology,3,1,0,0,0,33.2,4.1,42.8,1,5,0,58.1,1,Startup,Data Scientist,37.45,58.1,0
S7203,7.71,Information Technology,1,1,1,0,0,92.8,5.1,87.0,0,4,0,53.9,1,MNC,Software Engineer,79.28,53.9,0
S7204,6.44,Civil Engineering,1,1,0,0,0,6.0,4.2,40.5,1,6,1,63.4,1,Startup,Data Scientist,33.12,63.4,0
S7205,7.52,Electronics and Communication Engineering,2,1,1,0,0,61.4,5.9,98.5,3,3,1,79.5,1,Mid-size,Software Engineer,51.27,79.5,0
S7206,6.31,Mechanical Engineering,1,1,1,0,0,96.2,7.1,45.9,0,1,0,42.6,1,Mid-size,Data Scientist,62.36,42.6,0
S7207,8.53,Computer Science and Engineering,1,1,0,0,0,99.4,4.4,52.2,2,1,1,45.8,1,Startup,Analyst,48.02,45.8,0
S7208,6.5,Mechanical Engineering,2,1,1,0,0,2.2,7.4,76.7,0,6,1,73.1,1,MNC,Web Developer,62.96,73.1,0
S7209,9.12,Mechanical Engineering,3,1,1,0,0,17.8,4.2,89.3,0,1,0,35.3,0,Not placed,Not placed,,35.3,0
S7210,7.45,Mechanical Engineering,3,1,1,0,1,59.8,6.0,88.6,1,5,0,80.4,1,MNC,Web Developer,83.77,80.4,0
S7211,8.09,Electronics and Communication Engineering,3,0,1,0,0,58.8,6.6,65.1,1,1,0,45.4,1,Startup,Data Scientist,48.49,45.4,0
S7212,5.97,Civil Engineering,3,1,1,1,0,49.8,6.5,99.1,1,4,0,81.5,1,Mid-size,Analyst,56.84,81.5,0
S7213,9.34,Civil Engineering,3,1,1,1,0,33.0,5.8,62.7,0,1,0,52.4,0,Not placed,Not placed,,52.4,0
S7214,7.19,Electronics and Communication Engineering,1,1,0,0,0,83.5,9.4,40.6,1,6,0,80.4,1,Startup,Data Scientist,47.97,80.4,0
S7215,5.29,Civil Engineering,3,0,1,1,0,32.1,4.1,58.6,2,1,0,53.1,0,Not placed,Not placed,,53.1,0
S7216,5.9,Electrical and Electronics Engineering,1,0,0,1,0,87.7,5.3,97.3,0,5,2,55.1,0,Not placed,Not placed,,55.1,0
S7217,8.36,Computer Science and Engineering,1,1,1,0,1,18.0,9.3,54.5,1,4,0,85.7,1,MNC,Software Engineer,76.03,85.7,0
S7218,8.6,Electronics and Communication Engineering,2,1,0,1,0,65.6,6.4,40.0,1,6,0,79.7,1,Mid-size,Data Scientist,63.02,79.7,0
S7219,9.96,Electrical and Electronics Engineering,3,1,1,1,1,94.3,6.2,43.1,3,5,0,100.0,1,MNC,Software Engineer,76.45,115.5,1
S7220,5.05,Mechanical Engineering,3,1,0,1,1,41.9,9.9,55.0,0,5,1,87.2,1,MNC,Analyst,78.0,87.2,0
S7221,5.45,Computer Science and Engineering,2,1,1,0,0,3.9,6.2,48.8,1,6,0,76.6,1,MNC,Software Engineer,75.49,76.6,0
S7222,5.69,Electronics and Communication Engineering,1,1,1,0,0,88.3,6.9,57.0,0,2,1,46.0,1,MNC,Data Scientist,89.09,46.0,0
S7223,8.91,Civil Engineering,3,1,0,1,0,41.5,5.4,61.8,3,2,0,78.1,1,MNC,Software Engineer,92.6,78.1,0
S7224,8.75,Computer Science and Engineering,1,1,0,0,1,44.4,9.8,90.9,1,2,1,73.6,1,MNC,Data Scientist,79.96,73.6,0
S7225,6.72,Civil Engineering,3,0,0,0,1,96.9,7.2,63.4,0,1,2,34.2,0,Not placed,Not placed,,34.2,0
S7226,5.86,Civil Engineering,2,1,0,0,1,7.5,4.8,74.4,0,2,1,46.7,0,Not placed,Not placed,,46.7,0
S7227,9.19,Civil Engineering,1,1,1,1,0,46.5,5.5,47.4,2,3,1,84.6,1,MNC,Software Engineer,94.25,84.6,0
S7228,6.74,Electronics and Communication Engineering,1,1,0,0,0,39.2,8.1,40.7,0,5,2,62.0,0,Not placed,Not placed,,62.0,0
S7229,5.49,Electrical and Electronics Engineering,2,1,1,0,1,63.2,9.3,85.7,1,5,0,88.4,1,Mid-size,Data Scientist,60.01,88.4,0
S7230,9.99,Computer Science and Engineering,3,0,0,0,0,96.8,5.2,63.6,2,1,0,37.8,0,Not placed,Not placed,,37.8,0
S7231,7.5,Information Technology,1,1,1,1,0,53.0,6.9,93.7,1,6,2,95.0,1,Mid-size,Web Developer,71.39,95.0,0
S7232,7.36,Electrical and Electronics Engineering,1,0,0,0,0,71.2,4.3,45.8,0,1,2,20.7,0,Not placed,Not placed,,20.7,0
S7233,6.73,Information Technology,3,1,0,1,0,78.9,4.5,58.9,0,2,0,42.8,1,Mid-size,Web Developer,65.87,42.8,0
S7234,5.12,Computer Science and Engineering,3,1,0,0,0,55.3,9.6,82.2,1,4,3,70.6,0,Not placed,Not placed,,70.6,0
S7235,8.83,Computer Science and Engineering,1,0,1,0,0,67.6,4.6,68.5,3,1,0,60.0,1,Startup,Web Developer,49.39,60.0,0
S7236,7.89,Computer Science and Engineering,3,1,0,0,1,9.9,4.7,52.0,0,3,0,51.8,0,Not placed,Not placed,,51.8,0
S7237,8.04,Information Technology,3,0,1,0,0,47.6,9.8,67.9,1,4,0,70.4,1,Startup,Data Scientist,47.57,70.4,0
S7238,7.13,Computer Science and Engineering,1,0,0,0,1,45.8,7.8,92.0,0,1,3,36.6,0,Not placed,Not placed,,36.6,0
S7239,6.16,Information Technology,1,1,1,1,0,4.3,9.5,95.1,1,3,0,80.6,1,Mid-size,Web Developer,49.05,80.6,0
S7240,9.6,Electrical and Electronics Engineering,2,1,1,0,1,33.5,4.9,99.3,0,5,0,68.8,1,MNC,Data Scientist,72.1,68.8,0
S7241,7.33,Computer Science and Engineering,1,0,1,0,0,3.3,9.3,74.0,0,2,0,50.9,1,Startup,Software Engineer,46.5,50.9,0
S7242,9.98,Computer Science and Engineering,1,1,1,1,1,18.4,4.6,74.3,1,4,2,81.3,1,Mid-size,Web Developer,60.61,81.3,0
S7243,5.98,Electrical and Electronics Engineering,1,1,0,0,1,49.5,6.8,50.6,0,3,0,54.6,1,MNC,Data Scientist,71.14,54.6,0
S7244,8.97,Information Technology,1,1,0,0,1,79.1,4.6,51.6,1,2,1,50.1,1,Mid-size,Software Engineer,55.92,50.1,0
S7245,8.53,Mechanical Engineering,3,0,1,1,0,3.7,5.2,89.2,1,6,0,72.5,1,MNC,Software Engineer,71.39,72.5,0
S7246,5.54,Electrical and Electronics Engineering,1,0,1,0,0,31.9,6.8,54.2,1,4,2,58.6,1,Startup,Analyst,45.38,58.6,0
S7247,6.06,Civil Engineering,3,0,1,0,1,61.8,5.0,58.2,0,1,1,36.1,0,Not placed,Not placed,,36.1,0
S7248,7.93,Mechanical Engineering,2,1,0,0,0,28.1,8.3,64.9,0,6,0,63.3,1,Startup,Data Scientist,46.14,63.3,0
S7249,5.57,Information Technology,3,1,1,0,0,40.8,8.2,92.9,3,5,2,99.2,1,MNC,Data Scientist,95.02,99.2,0
S7250,7.91,Computer Science and Engineering,2,1,0,0,0,77.5,6.4,92.3,1,4,0,60.5,1,Startup,Data Scientist,37.83,60.5,0
S7251,5.82,Electrical and Electronics Engineering,2,0,0,0,0,87.9,5.5,84.3,3,1,0,46.5,1,Startup,Analyst,43.99,46.5,0
S7252,7.3,Information Technology,3,1,1,0,0,82.0,8.8,53.9,0,1,0,52.9,1,MNC,Software Engineer,71.93,52.9,0
S7253,8.45,Civil Engineering,1,1,1,1,1,6.8,9.2,52.8,0,1,1,76.6,1,MNC,Web Developer,72.17,76.6,0
S7254,5.79,Civil Engineering,3,1,1,1,0,72.6,7.0,49.7,3,3,0,92.1,1,MNC,Analyst,96.23,92.1,0
S7255,8.35,Mechanical Engineering,1,0,0,0,0,46.9,7.5,92.6,0,3,0,36.9,1,Startup,Data Scientist,41.22,36.9,0
S7256,5.73,Electronics and Communication Engineering,1,1,0,0,1,96.4,7.6,50.4,0,4,0,59.5,1,MNC,Software Engineer,68.72,59.5,0
S7257,7.93,Computer Science and Engineering,2,1,0,0,0,51.8,8.2,49.9,1,6,0,69.9,1,Startup,Software Engineer,41.13,69.9,0
S7258,7.72,Mechanical Engineering,3,0,1,1,1,77.4,5.1,92.5,0,4,0,65.0,1,Mid-size,Web Developer,73.75,65.0,0
S7259,5.61,Civil Engineering,3,0,0,0,0,46.6,10.0,69.5,3,2,0,72.7,1,Startup,Data Scientist,49.34,72.7,0
S7260,8.49,Electronics and Communication Engineering,1,0,0,0,0,44.5,7.9,42.0,0,3,2,35.1,0,Not placed,Not placed,,35.1,0
S7261,8.27,Mechanical Engineering,3,0,0,0,0,31.2,8.7,64.3,1,1,0,42.7,0,Not placed,Not placed,,42.7,0
S7262,8.69,Electronics and Communication Engineering,1,0,1,0,0,47.0,4.9,41.3,1,3,0,50.3,1,Startup,Data Scientist,42.43,50.3,0
S7263,5.87,Mechanical Engineering,2,1,1,0,1,16.6,8.9,55.0,1,5,0,93.4,1,Mid-size,Web Developer,63.95,93.4,0
S7264,8.97,Information Technology,1,1,1,1,0,9.5,7.8,43.9,1,4,0,83.6,1,Mid-size,Data Scientist,66.19,83.6,0
S7265,8.98,Civil Engineering,2,0,1,0,0,49.0,8.6,58.7,0,5,0,60.3,1,Startup,Analyst,49.61,60.3,0
S7266,6.31,Civil Engineering,2,1,1,1,1,33.8,6.5,66.2,0,2,0,71.1,1,Mid-size,Software Engineer,62.38,71.1,0
S7267,5.29,Civil Engineering,3,1,0,1,1,10.5,5.7,89.2,3,2,0,90.4,1,Mid-size,Software Engineer,53.13,90.4,0
S7268,5.55,Information Technology,3,1,1,0,0,21.4,6.9,50.8,0,2,0,52.8,1,Mid-size,Analyst,52.59,52.8,0
S7269,5.15,Information Technology,3,0,1,0,1,8.6,9.0,80.7,1,5,0,78.3,1,MNC,Web Developer,84.0,78.3,0
S7270,8.19,Computer Science and Engineering,1,0,0,0,0,77.4,7.7,66.5,0,5,0,43.9,1,Startup,Data Scientist,40.47,43.9,0
S7271,6.59,Electrical and Electronics Engineering,1,0,0,0,1,0.3,5.7,97.1,2,2,1,61.5,1,Startup,Data Scientist,40.38,61.5,0
S7272,8.74,Electronics and Communication Engineering,1,1,0,0,0,50.9,6.8,62.2,0,2,0,40.4,1,Startup,Web Developer,47.33,40.4,0
S7273,8.78,Electronics and Communication Engineering,3,1,1,0,0,23.1,9.4,52.1,1,6,0,88.1,1,MNC,Analyst,88.64,88.1,0
S7274,6.99,Mechanical Engineering,2,1,1,0,0,3.4,5.9,57.7,3,4,2,87.5,1,Mid-size,Web Developer,54.86,87.5,0
S7275,6.28,Electronics and Communication Engineering,1,1,1,0,1,42.6,6.7,73.5,3,2,2,89.6,1,MNC,Data Scientist,89.46,89.6,0
S7276,5.7,Computer Science and Engineering,2,1,0,0,1,10.1,5.8,90.5,0,2,1,48.6,1,MNC,Software Engineer,78.45,48.6,0
S7277,6.71,Civil Engineering,1,1,1,1,0,99.0,4.9,72.6,0,6,0,79.2,1,MNC,Software Engineer,88.75,79.2,0
S7278,5.68,Information Technology,2,1,1,0,1,92.1,5.1,47.5,1,2,2,61.5,1,MNC,Software Engineer,70.17,61.5,0
S7279,7.03,Electrical and Electronics Engineering,1,1,1,0,0,25.4,9.7,53.3,0,1,0,52.2,1,Mid-size,Analyst,50.11,52.2,0
S7280,6.54,Mechanical Engineering,1,1,1,0,0,91.0,4.2,67.5,1,1,0,42.9,1,Mid-size,Web Developer,54.9,42.9,0
S7281,7.63,Information Technology,3,1,1,0,0,34.2,4.5,72.5,3,6,0,97.7,1,Mid-size,Web Developer,53.25,97.7,0
S7282,9.34,Electronics and Communication Engineering,1,0,1,0,1,45.6,8.9,86.2,0,1,3,51.9,0,Not placed,Not placed,,51.9,0
S7283,5.22,Information Technology,3,1,1,1,1,33.9,8.4,73.2,1,4,0,96.0,1,Mid-size,Software Engineer,51.39,96.0,0
S7284,6.32,Electrical and Electronics Engineering,3,1,0,0,1,28.3,6.4,42.0,1,3,0,68.4,0,Not placed,Not placed,,68.4,0
S7285,7.69,Civil Engineering,1,0,1,0,0,49.2,8.2,51.2,0,1,0,34.6,1,Startup,Web Developer,37.59,34.6,0
S7286,6.11,Electrical and Electronics Engineering,3,0,0,1,0,86.5,5.2,97.2,2,5,0,68.3,1,Startup,Software Engineer,43.18,68.3,0
S7287,8.28,Electrical and Electronics Engineering,1,0,1,1,0,14.8,6.4,63.1,3,6,1,100.0,1,Mid-size,Data Scientist,53.81,103.2,1
S7288,5.18,Information Technology,2,0,0,1,0,78.0,7.4,67.4,1,5,0,68.8,1,Startup,Software Engineer,44.35,68.8,0
S7289,5.2,Electronics and Communication Engineering,2,1,0,0,1,92.6,6.0,65.4,0,4,0,60.0,1,Mid-size,Analyst,65.34,60.0,0
S7290,9.5,Information Technology,3,1,1,0,1,48.9,9.1,97.7,0,3,1,75.4,1,MNC,Software Engineer,78.39,75.4,0
S7291,7.47,Information Technology,3,1,0,0,0,72.7,8.3,57.4,1,1,0,45.5,0,Not placed,Not placed,,45.5,0
S7292,8.89,Civil Engineering,2,1,1,0,0,53.5,9.8,53.1,1,1,1,65.6,1,Mid-size,Software Engineer,61.22,65.6,0
S7293,5.11,Information Technology,1,1,0,0,0,67.8,4.3,90.2,1,4,0,57.3,1,Startup,Software Engineer,42.26,57.3,0
S7294,7.08,Computer Science and Engineering,3,1,1,0,0,29.8,7.8,50.9,1,3,1,69.6,1,MNC,Analyst,72.85,69.6,0
S7295,9.54,Electrical and Electronics Engineering,2,1,1,1,1,89.7,9.2,56.0,2,6,0,100.0,1,Mid-size,Web Developer,56.59,121.3,1
S7296,9.48,Electronics and Communication Engineering,2,1,0,0,0,13.5,8.9,92.2,1,1,1,54.5,1,Startup,Analyst,51.19,54.5,0
S7297,8.81,Mechanical Engineering,1,1,1,0,1,13.2,9.3,53.6,1,1,0,77.4,1,MNC,Analyst,88.35,77.4,0
S7298,6.62,Electrical and Electronics Engineering,3,0,1,0,0,88.1,8.0,45.2,0,3,0,49.7,0,Not placed,Not placed,,49.7,0
S7299,6.99,Civil Engineering,2,1,0,0,0,86.0,8.5,47.1,0,4,1,55.4,1,Startup,Analyst,44.05,55.4,0
S7300,7.63,Electronics and Communication Engineering,2,1,0,0,0,10.4,6.1,42.7,0,1,0,37.3,0,Not placed,Not placed,,37.3,0
S7301,9.3,Information Technology,1,1,0,0,1,89.0,6.1,80.2,0,3,1,54.5,1,MNC,Analyst,82.09,54.5,0
S7302,6.31,Electrical and Electronics Engineering,1,0,1,1,0,18.0,8.8,67.8,0,4,0,61.7,1,Mid-size,Data Scientist,56.95,61.7,0
S7303,7.3,Electronics and Communication Engineering,2,1,0,0,0,46.2,9.0,82.8,0,1,2,40.0,0,Not placed,Not placed,,40.0,0
S7304,8.02,Electrical and Electronics Engineering,1,1,1,1,0,82.2,8.8,52.4,0,3,0,73.0,1,Top Tech,Software Engineer,111.96,73.0,0
S7305,6.23,Computer Science and Engineering,3,0,1,0,1,6.8,6.9,49.6,1,2,0,62.8,1,Mid-size,Software Engineer,49.09,62.8,0
S7306,9.86,Computer Science and Engineering,3,0,1,1,0,30.9,5.8,97.0,0,5,0,64.1,1,Mid-size,Software Engineer,49.44,64.1,0
S7307,8.23,Computer Science and Engineering,1,0,0,0,1,48.6,5.0,77.8,0,4,0,44.4,1,Startup,Software Engineer,45.98,44.4,0
S7308,5.33,Civil Engineering,2,1,0,1,0,49.5,7.1,77.8,1,5,0,74.9,1,MNC,Data Scientist,85.49,74.9,0
S7309,9.92,Computer Science and Engineering,2,0,0,1,0,77.9,9.8,75.4,1,4,0,67.6,1,Startup,Web Developer,52.45,67.6,0
S7310,7.28,Electronics and Communication Engineering,1,0,1,0,1,30.6,8.0,90.8,1,2,0,65.6,1,MNC,Web Developer,85.05,65.6,0
S7311,6.35,Information Technology,2,0,1,1,0,66.1,8.8,68.2,0,3,0,56.9,1,MNC,Software Engineer,73.33,56.9,0
S7312,8.13,Mechanical Engineering,1,1,1,0,0,7.8,5.8,75.8,0,1,2,40.5,1,MNC,Software Engineer,68.53,40.5,0
S7313,5.22,Civil Engineering,3,1,1,1,0,88.2,8.3,90.7,1,3,0,79.6,1,MNC,Analyst,71.16,79.6,0
S7314,8.37,Electrical and Electronics Engineering,1,1,1,0,1,9.9,6.7,77.8,1,3,0,78.6,1,MNC,Data Scientist,82.18,78.6,0
S7315,8.52,Mechanical Engineering,1,0,1,1,0,7.3,9.1,76.1,0,5,0,75.7,1,MNC,Software Engineer,76.96,75.7,0
S7316,7.69,Electronics and Communication Engineering,3,1,0,0,0,85.1,4.5,86.2,1,5,0,56.5,1,Startup,Software Engineer,45.21,56.5,0
S7317,7.89,Electrical and Electronics Engineering,1,1,1,0,0,68.5,5.9,68.5,0,5,1,65.7,1,MNC,Data Scientist,84.64,65.7,0
S7318,7.69,Mechanical Engineering,1,0,1,0,0,96.0,6.8,87.6,0,4,0,49.9,1,Startup,Web Developer,43.62,49.9,0
S7319,5.31,Electrical and Electronics Engineering,1,1,1,1,0,22.7,7.2,69.1,1,6,0,87.7,1,Mid-size,Data Scientist,55.1,87.7,0
S7320,9.75,Computer Science and Engineering,2,0,0,0,0,36.9,9.6,77.3,1,2,0,51.4,1,Startup,Data Scientist,44.19,51.4,0
S7321,6.88,Electronics and Communication Engineering,1,1,1,1,1,61.5,8.2,66.5,3,3,2,100.0,1,MNC,Software Engineer,95.18,105.9,1
S7322,9.24,Electronics and Communication Engineering,2,0,1,0,0,23.5,5.4,58.0,0,6,0,58.8,1,Startup,Analyst,45.54,58.8,0
S7323,6.52,Electrical and Electronics Engineering,2,0,1,1,0,42.8,8.5,65.0,0,5,0,69.0,1,MNC,Data Scientist,87.26,69.0,0
S7324,7.52,Electrical and Electronics Engineering,1,1,0,0,0,14.8,6.6,80.6,1,6,0,68.4,1,Startup,Software Engineer,47.67,68.4,0
S7325,9.51,Civil Engineering,1,0,0,0,0,64.8,4.9,60.8,3,6,0,75.4,1,Startup,Software Engineer,49.27,75.4,0
S7326,9.76,Computer Science and Engineering,3,1,0,0,1,99.0,6.5,51.1,2,1,0,64.3,1,Mid-size,Web Developer,68.15,64.3,0
S7327,6.63,Information Technology,2,0,1,1,0,1.9,9.8,90.0,2,4,1,87.0,1,Mid-size,Analyst,69.53,87.0,0
S7328,5.62,Electrical and Electronics Engineering,2,1,1,0,0,43.1,8.3,75.8,3,1,0,82.1,1,Mid-size,Web Developer,58.09,82.1,0
S7329,9.8,Mechanical Engineering,2,1,0,0,0,45.7,6.0,43.3,3,6,0,84.8,1,Startup,Web Developer,52.08,84.8,0
S7330,9.94,Computer Science and Engineering,1,1,0,0,0,83.9,8.6,43.8,1,5,0,71.7,1,Startup,Software Engineer,40.07,71.7,0
S7331,5.52,Mechanical Engineering,1,1,0,1,1,63.7,7.9,80.0,0,1,0,54.0,1,Mid-size,Analyst,62.97,54.0,0
S7332,8.73,Information Technology,3,1,0,0,0,99.4,7.7,55.1,3,2,1,73.0,1,Startup,Data Scientist,45.45,73.0,0
S7333,6.01,Mechanical Engineering,2,0,0,0,0,26.3,7.7,56.3,1,5,1,54.7,0,Not placed,Not placed,,54.7,0
S7334,8.45,Information Technology,2,0,0,0,1,83.9,4.8,59.4,2,2,1,57.3,1,Startup,Analyst,48.2,57.3,0
S7335,7.15,Electrical and Electronics Engineering,2,0,0,1,1,76.6,7.0,77.3,2,5,2,89.3,1,MNC,Web Developer,87.89,89.3,0
S7336,6.94,Information Technology,1,0,1,0,1,72.2,6.7,76.9,1,1,0,53.6,1,Mid-size,Analyst,60.48,53.6,0
S7337,6.66,Mechanical Engineering,1,1,1,0,0,62.3,10.0,57.6,0,3,0,69.1,1,MNC,Data Scientist,71.84,69.1,0
S7338,7.19,Information Technology,3,0,0,0,1,65.1,9.0,95.3,1,2,0,57.4,1,Startup,Web Developer,53.66,57.4,0
S7339,7.2,Computer Science and Engineering,1,1,0,0,1,68.4,6.7,72.1,0,2,0,48.6,1,MNC,Software Engineer,75.96,48.6,0
S7340,9.93,Electronics and Communication Engineering,2,1,0,0,0,65.1,8.2,72.1,3,5,0,93.0,1,Startup,Web Developer,40.08,93.0,0
S7341,5.98,Electrical and Electronics Engineering,1,1,1,1,0,86.5,8.9,90.9,0,5,0,83.4,1,Top Tech,Analyst,118.33,83.4,0
S7342,8.91,Electronics and Communication Engineering,3,1,1,0,0,47.0,4.9,45.9,0,2,0,44.7,1,MNC,Software Engineer,83.37,44.7,0
S7343,5.69,Computer Science and Engineering,1,1,1,0,0,7.2,7.9,61.8,3,4,0,95.1,1,MNC,Software Engineer,70.96,95.1,0
S7344,8.42,Electrical and Electronics Engineering,3,1,0,0,0,83.5,7.1,75.3,0,6,1,58.3,0,Not placed,Not placed,,58.3,0
S7345,8.32,Electrical and Electronics Engineering,3,1,1,0,1,99.7,7.7,71.7,1,5,0,83.7,1,MNC,Web Developer,73.2,83.7,0
S7346,8.2,Computer Science and Engineering,2,1,1,0,0,6.1,8.2,78.9,1,2,1,67.3,1,MNC,Software Engineer,77.01,67.3,0
S7347,5.28,Computer Science and Engineering,3,0,0,0,1,7.5,8.3,70.4,0,5,0,57.1,1,Startup,Analyst,39.08,57.1,0
S7348,8.68,Mechanical Engineering,1,0,0,0,0,3.4,9.1,45.8,2,2,0,60.6,1,Startup,Software Engineer,42.52,60.6,0
S7349,8.79,Civil Engineering,3,0,0,0,1,79.1,5.5,58.9,0,5,0,52.4,1,Startup,Analyst,38.84,52.4,0
S7350,9.37,Mechanical Engineering,1,1,1,0,0,48.5,5.5,93.3,0,1,0,38.5,1,MNC,Analyst,65.62,38.5,0
S7351,7.7,Information Technology,3,0,0,0,1,84.4,6.7,57.1,0,5,0,51.5,1,Startup,Software Engineer,47.01,51.5,0
S7352,5.45,Electronics and Communication Engineering,1,1,1,1,0,42.5,5.4,42.2,1,3,0,74.1,1,MNC,Software Engineer,69.97,74.1,0
S7353,5.19,Electronics and Communication Engineering,3,1,0,0,1,4.6,8.6,41.5,0,5,0,66.2,0,Not placed,Not placed,,66.2,0
S7354,7.19,Mechanical Engineering,3,1,1,0,1,98.0,6.2,43.9,1,2,0,68.2,1,MNC,Software Engineer,95.5,68.2,0
S7355,8.47,Mechanical Engineering,2,1,1,1,1,65.1,9.7,42.5,1,6,0,100.0,1,MNC,Web Developer,97.94,113.4,1
S7356,8.96,Electrical and Electronics Engineering,3,1,0,0,0,64.1,8.7,44.3,1,5,0,76.1,1,Startup,Web Developer,50.33,76.1,0
S7357,8.74,Civil Engineering,1,0,0,0,1,99.7,8.9,65.5,1,1,0,47.1,1,Startup,Software Engineer,45.43,47.1,0
S7358,9.51,Information Technology,2,0,0,0,1,40.6,4.7,57.9,0,5,0,44.3,1,Startup,Web Developer,45.46,44.3,0
S7359,8.66,Civil Engineering,1,1,0,0,1,96.6,8.8,50.0,3,5,0,97.9,1,Mid-size,Web Developer,74.16,97.9,0
S7360,9.51,Electrical and Electronics Engineering,3,1,0,0,0,84.2,8.7,68.4,0,5,0,56.4,1,Startup,Analyst,45.93,56.4,0
S7361,7.11,Computer Science and Engineering,2,1,0,0,1,54.0,5.5,90.4,1,5,0,74.7,1,Mid-size,Web Developer,68.06,74.7,0
S7362,8.91,Computer Science and Engineering,1,1,1,0,0,9.5,7.0,75.0,0,1,1,46.9,1,Mid-size,Data Scientist,56.64,46.9,0
S7363,6.95,Electrical and Electronics Engineering,2,1,0,1,0,77.1,8.7,51.1,0,4,0,63.2,1,MNC,Software Engineer,70.97,63.2,0
S7364,6.91,Electrical and Electronics Engineering,2,1,0,0,0,74.8,6.9,90.6,0,4,0,54.4,1,Startup,Analyst,46.44,54.4,0
S7365,7.18,Information Technology,1,1,1,0,0,4.4,8.2,79.0,2,4,0,80.4,1,MNC,Data Scientist,68.43,80.4,0
S7366,9.92,Electronics and Communication Engineering,2,1,1,0,1,55.8,7.2,48.3,1,6,0,92.6,1,MNC,Data Scientist,81.19,92.6,0
S7367,6.86,Information Technology,3,1,1,1,0,98.0,9.3,51.9,0,2,1,65.7,1,Mid-size,Analyst,65.21,65.7,0
S7368,9.72,Mechanical Engineering,3,1,1,0,1,84.7,4.0,64.5,0,5,0,68.9,1,MNC,Software Engineer,65.62,68.9,0
S7369,9.55,Mechanical Engineering,2,1,0,1,0,91.8,5.3,82.2,0,5,0,59.4,1,MNC,Software Engineer,79.74,59.4,0
S7370,9.27,Computer Science and Engineering,3,1,0,0,1,60.2,8.8,86.5,0,4,0,67.5,1,MNC,Analyst,70.53,67.5,0
S7371,8.73,Information Technology,2,1,0,0,1,78.9,7.5,62.0,0,1,0,42.9,1,MNC,Data Scientist,92.33,42.9,0
S7372,5.02,Computer Science and Engineering,1,1,0,1,1,92.5,4.3,62.1,0,5,0,63.0,1,MNC,Web Developer,83.92,63.0,0
S7373,9.57,Computer Science and Engineering,3,0,1,0,0,51.8,7.2,94.1,1,1,1,46.5,1,Startup,Web Developer,46.13,46.5,0
S7374,6.25,Mechanical Engineering,1,0,1,0,1,89.3,8.8,92.7,2,5,0,93.4,1,Mid-size,Software Engineer,69.49,93.4,0
S7375,5.81,Computer Science and Engineering,2,1,0,1,0,16.0,7.7,94.2,1,1,3,58.5,0,Not placed,Not placed,,58.5,0
S7376,5.4,Computer Science and Engineering,1,0,1,0,1,67.1,9.1,71.1,2,3,0,77.4,1,MNC,Software Engineer,87.91,77.4,0
S7377,9.09,Civil Engineering,3,1,1,0,1,45.9,6.5,67.3,2,5,0,99.0,1,Mid-size,Analyst,75.64,99.0,0
S7378,7.34,Computer Science and Engineering,3,1,1,0,0,75.7,7.5,65.7,1,2,0,60.7,1,MNC,Software Engineer,70.29,60.7,0
S7379,6.44,Information Technology,2,1,1,0,0,38.2,7.1,58.2,1,2,0,59.0,1,MNC,Web Developer,80.04,59.0,0
S7380,8.76,Information Technology,1,1,1,0,0,64.7,9.9,83.9,1,6,0,84.9,1,Mid-size,Software Engineer,50.24,84.9,0
S7381,7.67,Electrical and Electronics Engineering,1,0,1,0,0,43.5,8.6,52.1,1,6,0,74.1,1,Startup,Analyst,42.65,74.1,0
S7382,5.57,Civil Engineering,3,1,1,0,0,39.5,8.0,62.0,0,6,1,72.9,1,Mid-size,Software Engineer,65.73,72.9,0
S7383,9.12,Computer Science and Engineering,3,0,0,0,1,90.0,9.7,86.2,0,2,0,52.8,1,Startup,Web Developer,53.75,52.8,0
S7384,6.44,Electronics and Communication Engineering,2,0,0,0,1,74.8,8.8,95.5,0,5,0,58.2,1,Startup,Data Scientist,39.75,58.2,0
S7385,5.06,Information Technology,1,1,1,0,0,93.9,6.6,87.7,2,5,1,83.8,1,MNC,Web Developer,75.68,83.8,0
S7386,9.36,Electronics and Communication Engineering,3,0,1,1,1,3.9,7.5,82.0,2,2,1,84.4,1,MNC,Data Scientist,87.81,84.4,0
S7387,7.11,Mechanical Engineering,2,1,0,0,0,49.4,9.5,70.8,3,3,3,79.4,1,Startup,Analyst,53.09,79.4,0
S7388,9.06,Electrical and Electronics Engineering,1,1,1,1,1,10.5,6.8,63.7,0,2,1,68.4,1,Mid-size,Data Scientist,65.68,68.4,0
S7389,9.18,Computer Science and Engineering,1,1,1,0,1,10.0,8.3,85.8,3,1,0,93.9,1,Mid-size,Analyst,73.96,93.9,0
S7390,9.84,Mechanical Engineering,1,0,1,1,0,90.8,9.8,69.8,0,3,0,63.8,1,Mid-size,Web Developer,51.84,63.8,0
S7391,9.92,Electrical and Electronics Engineering,2,1,1,0,0,3.6,6.5,67.6,0,6,2,70.1,0,Not placed,Not placed,,70.1,0
S7392,5.88,Electrical and Electronics Engineering,3,1,0,1,1,3.0,9.2,82.3,0,4,0,79.7,1,Mid-size,Software Engineer,65.35,79.7,0
S7393,9.85,Information Technology,1,1,1,1,0,78.2,9.1,42.3,1,5,2,88.1,1,Top Tech,Web Developer,94.54,88.1,0
S7394,6.36,Mechanical Engineering,1,1,0,0,0,60.4,7.7,71.3,0,4,0,51.8,1,Startup,Analyst,37.92,51.8,0
S7395,5.71,Mechanical Engineering,2,1,0,0,1,31.0,6.1,86.1,2,3,0,73.7,1,Mid-size,Software Engineer,65.65,73.7,0
S7396,5.4,Civil Engineering,3,1,0,0,0,66.2,7.4,82.2,1,6,0,67.3,1,Startup,Software Engineer,47.06,67.3,0
S7397,7.87,Information Technology,3,1,1,0,0,31.1,4.6,56.6,1,3,0,56.1,1,MNC,Web Developer,85.73,56.1,0
S7398,8.15,Civil Engineering,3,0,0,1,0,18.0,8.4,43.9,2,1,0,58.6,1,Startup,Analyst,42.87,58.6,0
S7399,8.74,Information Technology,3,0,0,1,0,20.3,8.0,89.0,1,6,0,76.8,1,Startup,Web Developer,50.78,76.8,0
S7400,5.44,Mechanical Engineering,3,1,0,0,0,3.1,6.1,41.1,1,3,0,57.7,0,Not placed,Not placed,,57.7,0
S7401,9.68,Information Technology,2,0,0,0,0,69.2,9.4,95.1,2,2,0,54.1,1,Startup,Web Developer,44.62,54.1,0
S7402,7.2,Mechanical Engineering,3,0,1,0,1,69.8,7.3,89.7,0,6,0,76.0,1,MNC,Web Developer,68.54,76.0,0
S7403,9.23,Civil Engineering,3,0,1,1,0,45.3,6.0,84.6,1,5,0,77.2,1,MNC,Software Engineer,84.63,77.2,0
S7404,6.24,Electronics and Communication Engineering,1,0,1,1,1,92.5,8.4,88.2,0,6,0,88.6,1,MNC,Analyst,78.58,88.6,0
S7405,5.75,Information Technology,3,1,0,0,0,86.8,4.9,99.0,0,4,0,43.4,1,Startup,Software Engineer,40.32,43.4,0
S7406,9.59,Electronics and Communication Engineering,1,0,1,0,1,28.6,8.6,40.2,2,2,1,75.7,1,MNC,Web Developer,86.83,75.7,0
S7407,9.41,Computer Science and Engineering,2,1,1,0,0,35.2,8.6,55.0,0,5,0,71.3,1,Mid-size,Web Developer,66.15,71.3,0
S7408,8.19,Computer Science and Engineering,2,0,0,0,1,15.0,8.5,46.1,1,5,0,73.0,1,Startup,Data Scientist,39.73,73.0,0
S7409,5.52,Information Technology,2,0,0,1,1,51.5,8.8,55.3,1,6,0,85.9,1,Mid-size,Analyst,73.39,85.9,0
S7410,9.09,Civil Engineering,3,1,1,1,0,67.7,4.2,68.1,3,5,1,93.0,1,MNC,Data Scientist,73.2,93.0,0
S7411,9.78,Electronics and Communication Engineering,3,1,1,0,1,44.9,4.2,77.6,1,4,0,68.1,1,MNC,Web Developer,72.72,68.1,0
S7412,7.95,Electronics and Communication Engineering,1,1,1,0,0,25.8,7.4,46.3,0,4,2,64.5,1,MNC,Web Developer,68.74,64.5,0
S7413,9.63,Mechanical Engineering,3,0,1,1,0,33.1,8.3,67.4,1,4,0,72.3,1,MNC,Web Developer,82.2,72.3,0
S7414,5.84,Information Technology,2,0,1,0,1,75.7,8.5,84.4,0,6,0,74.2,1,MNC,Software Engineer,67.88,74.2,0
S7415,6.93,Mechanical Engineering,2,0,1,0,0,72.5,7.6,73.5,1,2,0,56.2,1,Startup,Analyst,45.86,56.2,0
S7416,8.36,Mechanical Engineering,2,0,1,0,1,46.7,5.4,56.2,2,1,1,65.5,1,MNC,Web Developer,72.39,65.5,0
S7417,7.59,Mechanical Engineering,1,1,0,0,0,89.2,9.3,79.6,2,4,0,76.3,1,Startup,Analyst,43.54,76.3,0
S7418,6.8,Mechanical Engineering,2,1,0,0,1,13.4,7.0,87.2,0,1,1,41.1,0,Not placed,Not placed,,41.1,0
S7419,8.69,Computer Science and Engineering,2,1,1,1,1,54.3,5.6,47.9,0,6,0,85.9,1,MNC,Web Developer,78.52,85.9,0
S7420,9.69,Mechanical Engineering,2,1,0,0,1,80.3,4.2,55.2,1,6,0,72.8,1,MNC,Data Scientist,76.8,72.8,0
S7421,8.5,Computer Science and Engineering,2,0,0,1,0,69.3,7.9,49.0,0,4,3,50.7,0,Not placed,Not placed,,50.7,0
S7422,9.34,Computer Science and Engineering,1,1,1,1,0,51.2,6.4,69.8,0,6,0,74.4,1,MNC,Analyst,74.13,74.4,0
S7423,9.5,Computer Science and Engineering,2,1,1,0,0,38.6,4.4,95.4,0,2,0,42.5,1,MNC,Data Scientist,69.01,42.5,0
S7424,8.52,Information Technology,2,1,1,1,0,69.8,9.9,75.4,1,5,1,98.9,1,MNC,Data Scientist,71.4,98.9,0
S7425,9.24,Civil Engineering,2,1,1,1,0,28.4,7.3,62.0,1,4,0,81.2,1,MNC,Analyst,78.04,81.2,0
S7426,7.89,Mechanical Engineering,3,1,1,0,0,78.5,4.3,56.2,1,6,0,72.3,1,MNC,Data Scientist,84.51,72.3,0
S7427,7.81,Computer Science and Engineering,3,1,0,0,1,15.8,8.6,69.0,2,3,0,82.6,1,Mid-size,Data Scientist,53.15,82.6,0
S7428,5.8,Electronics and Communication Engineering,3,1,1,0,0,9.6,9.8,43.9,3,3,1,94.2,1,Mid-size,Web Developer,65.18,94.2,0
S7429,8.52,Mechanical Engineering,3,0,1,0,1,17.1,7.5,40.8,0,6,1,68.8,1,Mid-size,Data Scientist,65.16,68.8,0
S7430,7.58,Mechanical Engineering,1,1,1,0,0,65.4,7.4,80.1,3,4,0,97.1,1,Mid-size,Web Developer,57.35,97.1,0
S7431,8.45,Information Technology,2,1,0,0,0,5.5,5.6,98.7,3,4,0,77.1,1,Startup,Web Developer,41.65,77.1,0
S7432,8.86,Electrical and Electronics Engineering,1,1,0,0,1,56.0,7.8,91.1,0,6,0,71.9,1,MNC,Web Developer,89.4,71.9,0
S7433,5.48,Mechanical Engineering,3,1,1,0,0,14.8,5.1,81.3,1,6,1,78.9,0,Not placed,Not placed,,78.9,0
S7434,9.09,Computer Science and Engineering,2,1,0,0,1,56.9,4.6,68.3,3,1,0,70.8,1,Mid-size,Software Engineer,54.44,70.8,0
S7435,6.65,Mechanical Engineering,1,1,1,1,0,50.2,6.5,69.2,0,2,1,62.0,1,MNC,Software Engineer,85.27,62.0,0
S7436,5.78,Electronics and Communication Engineering,1,1,1,1,1,46.3,9.0,40.4,1,4,0,96.5,1,Mid-size,Data Scientist,76.86,96.5,0
S7437,9.01,Computer Science and Engineering,3,1,1,1,1,0.1,7.6,44.0,0,5,1,89.1,1,Mid-size,Data Scientist,52.19,89.1,0
S7438,8.13,Electronics and Communication Engineering,3,0,1,1,0,30.8,5.8,91.7,0,2,1,48.2,0,Not placed,Not placed,,48.2,0
S7439,7.88,Mechanical Engineering,3,1,1,0,1,99.8,4.3,76.7,1,2,0,59.9,1,Mid-size,Data Scientist,59.36,59.9,0
S7440,5.88,Information Technology,3,1,1,0,1,59.1,5.8,83.9,1,5,0,77.7,1,Mid-size,Web Developer,58.47,77.7,0
S7441,7.63,Computer Science and Engineering,1,1,0,0,0,72.7,7.5,77.4,2,2,0,61.7,1,Startup,Data Scientist,47.3,61.7,0
S7442,9.07,Electrical and Electronics Engineering,3,1,0,0,0,5.4,6.5,47.9,0,1,0,38.3,0,Not placed,Not placed,,38.3,0
S7443,9.65,Electrical and Electronics Engineering,1,1,0,1,1,96.2,5.2,60.6,1,1,0,65.0,1,Top Tech,Analyst,99.44,65.0,0
S7444,5.3,Information Technology,1,1,1,0,1,97.5,8.5,69.2,1,4,1,90.4,1,Top Tech,Software Engineer,97.72,90.4,0
S7445,5.58,Electronics and Communication Engineering,2,0,0,1,1,52.1,8.6,60.5,1,5,1,82.7,1,Mid-size,Software Engineer,58.33,82.7,0
S7446,6.76,Electrical and Electronics Engineering,2,0,0,0,0,19.4,9.7,74.9,0,4,0,46.5,1,Startup,Software Engineer,44.21,46.5,0
S7447,9.14,Information Technology,2,0,0,0,0,32.1,8.3,76.4,1,6,0,69.5,1,Startup,Analyst,46.64,69.5,0
S7448,8.72,Electronics and Communication Engineering,2,0,0,1,0,45.6,5.1,74.2,1,5,3,61.4,1,Startup,Data Scientist,41.49,61.4,0
S7449,9.21,Electronics and Communication Engineering,1,1,1,0,0,5.2,8.6,59.3,1,4,0,76.9,1,Mid-size,Software Engineer,49.37,76.9,0
S7450,8.6,Electrical and Electronics Engineering,2,1,0,0,0,32.9,8.8,55.1,0,4,0,54.8,1,Startup,Software Engineer,45.43,54.8,0
S7451,9.57,Information Technology,3,1,1,0,0,46.3,9.1,71.3,1,5,0,85.8,1,Mid-size,Analyst,68.4,85.8,0
S7452,6.94,Electronics and Communication Engineering,1,1,0,1,0,61.8,6.0,99.0,1,3,0,65.2,1,MNC,Web Developer,79.53,65.2,0
S7453,6.98,Electrical and Electronics Engineering,1,1,0,1,1,39.7,6.2,47.3,1,2,2,70.9,1,Mid-size,Web Developer,50.32,70.9,0
S7454,8.54,Civil Engineering,2,0,0,0,1,87.3,8.4,65.8,2,6,0,80.4,1,Startup,Software Engineer,45.05,80.4,0
S7455,6.43,Mechanical Engineering,1,1,0,0,0,49.8,8.5,95.4,2,5,1,82.9,1,Startup,Analyst,45.18,82.9,0
S7456,7.05,Mechanical Engineering,3,1,0,0,0,58.1,5.6,48.4,2,5,0,68.6,1,Startup,Software Engineer,47.08,68.6,0
S7457,9.5,Mechanical Engineering,3,1,1,0,0,15.5,4.0,74.0,0,2,0,45.3,0,Not placed,Not placed,,45.3,0
S7458,6.38,Civil Engineering,1,1,1,0,0,47.6,9.3,82.7,1,2,0,65.5,1,MNC,Web Developer,78.27,65.5,0
S7459,8.49,Electrical and Electronics Engineering,3,1,1,0,0,85.9,10.0,48.1,2,2,0,77.5,1,Mid-size,Data Scientist,73.14,77.5,0
S7460,6.83,Computer Science and Engineering,2,0,0,0,0,84.8,9.1,96.6,0,3,0,44.3,1,Startup,Software Engineer,41.55,44.3,0
S7461,9.81,Electrical and Electronics Engineering,2,1,0,0,0,18.7,5.2,98.5,0,5,0,50.7,1,Startup,Web Developer,40.46,50.7,0
S7462,6.93,Mechanical Engineering,1,0,1,1,0,17.2,7.8,81.5,0,6,0,75.5,1,Mid-size,Data Scientist,59.89,75.5,0
S7463,6.69,Electronics and Communication Engineering,3,1,0,1,1,72.5,8.0,66.6,1,5,0,89.3,1,Mid-size,Data Scientist,60.1,89.3,0
S7464,5.14,Electrical and Electronics Engineering,3,1,1,1,1,24.9,8.4,49.2,2,6,0,100.0,1,MNC,Web Developer,82.48,119.8,1
S7465,8.8,Electronics and Communication Engineering,3,0,1,0,0,96.2,8.2,46.5,0,4,0,53.7,1,Startup,Web Developer,48.16,53.7,0
S7466,9.79,Mechanical Engineering,3,1,0,1,1,94.7,7.7,40.9,0,4,0,75.9,1,Mid-size,Data Scientist,64.31,75.9,0
S7467,9.0,Civil Engineering,3,1,1,0,1,60.7,5.2,56.4,3,6,1,100.0,1,MNC,Web Developer,77.27,107.8,1
S7468,6.55,Civil Engineering,3,0,1,0,0,70.8,8.4,73.2,3,6,1,99.7,1,Startup,Web Developer,54.97,99.7,0
S7469,6.2,Electronics and Communication Engineering,3,1,0,0,0,91.3,9.7,64.6,0,6,0,65.0,1,Startup,Web Developer,42.19,65.0,0
S7470,9.92,Mechanical Engineering,2,1,0,0,1,52.7,9.5,99.3,0,4,0,64.0,1,MNC,Software Engineer,65.71,64.0,0
S7471,7.19,Electronics and Communication Engineering,2,1,1,0,1,40.4,5.3,98.6,3,6,0,100.0,1,MNC,Analyst,82.41,110.7,1
S7472,9.66,Electronics and Communication Engineering,3,1,1,0,0,38.2,10.0,43.1,0,6,0,75.0,1,MNC,Software Engineer,68.09,75.0,0
S7473,8.2,Computer Science and Engineering,1,0,0,1,1,91.1,7.9,51.1,2,4,0,84.5,1,Mid-size,Data Scientist,55.67,84.5,0
S7474,5.18,Civil Engineering,3,1,1,0,0,43.0,6.1,84.6,2,6,1,89.0,1,MNC,Data Scientist,75.21,89.0,0
S7475,8.43,Computer Science and Engineering,3,0,1,1,1,19.8,5.7,57.7,0,4,0,65.8,1,Mid-size,Web Developer,48.38,65.8,0
S7476,7.9,Electronics and Communication Engineering,1,0,1,1,1,52.7,4.1,65.3,1,6,0,79.7,1,MNC,Web Developer,82.03,79.7,0
S7477,6.65,Civil Engineering,1,1,0,1,0,78.0,9.0,83.5,1,3,1,68.2,1,MNC,Analyst,90.08,68.2,0
S7478,6.94,Computer Science and Engineering,1,1,0,1,1,26.1,9.3,42.5,0,3,0,76.1,1,Mid-size,Web Developer,65.85,76.1,0
S7479,9.87,Computer Science and Engineering,2,1,0,0,1,89.8,8.5,98.3,1,3,0,71.6,1,MNC,Software Engineer,91.55,71.6,0
S7480,7.31,Information Technology,3,1,0,1,0,47.6,7.8,68.3,1,3,2,71.3,0,Not placed,Not placed,,71.3,0
S7481,9.22,Mechanical Engineering,3,0,1,0,0,70.1,4.4,92.4,0,3,0,33.5,1,Startup,Web Developer,47.83,33.5,0
S7482,9.44,Information Technology,2,1,1,0,1,31.9,4.3,56.7,1,3,0,66.3,1,MNC,Analyst,80.12,66.3,0
S7483,6.43,Information Technology,2,1,1,0,0,90.1,5.1,50.5,1,4,0,66.9,1,Mid-size,Data Scientist,68.47,66.9,0
S7484,5.22,Computer Science and Engineering,3,0,1,0,0,55.4,4.0,65.9,0,2,0,35.0,0,Not placed,Not placed,,35.0,0
S7485,5.9,Mechanical Engineering,2,1,1,1,1,70.8,5.4,96.8,2,4,1,91.6,1,Mid-size,Analyst,62.41,91.6,0
S7486,6.12,Electronics and Communication Engineering,3,0,1,0,0,38.4,7.4,43.2,1,6,1,72.2,0,Not placed,Not placed,,72.2,0
S7487,7.48,Computer Science and Engineering,2,0,0,1,1,72.1,5.8,50.3,0,6,1,63.4,1,Mid-size,Web Developer,50.7,63.4,0
S7488,9.08,Computer Science and Engineering,1,1,1,1,1,28.7,5.8,45.2,1,5,0,88.5,1,Mid-size,Software Engineer,57.54,88.5,0
S7489,8.84,Mechanical Engineering,3,0,0,0,0,96.4,9.5,96.9,3,3,0,76.3,1,Startup,Analyst,44.87,76.3,0
S7490,9.69,Information Technology,2,1,1,0,0,21.0,8.6,44.9,2,3,0,82.7,1,Mid-size,Analyst,75.15,82.7,0
S7491,8.46,Information Technology,1,1,1,0,0,21.7,6.0,82.1,0,6,0,64.5,1,MNC,Analyst,76.45,64.5,0
S7492,9.06,Electrical and Electronics Engineering,2,1,0,0,1,42.4,4.5,56.6,1,6,1,71.2,1,Mid-size,Analyst,55.81,71.2,0
S7493,6.88,Civil Engineering,3,1,1,0,1,46.9,9.8,42.4,1,4,0,86.3,1,Mid-size,Web Developer,54.86,86.3,0
S7494,6.93,Electrical and Electronics Engineering,2,1,1,0,0,96.3,7.8,57.8,1,4,2,74.2,1,Mid-size,Web Developer,72.85,74.2,0
S7495,5.24,Computer Science and Engineering,2,0,1,0,0,28.3,4.6,67.2,1,3,0,45.2,1,Startup,Web Developer,35.78,45.2,0
S7496,9.41,Electronics and Communication Engineering,1,1,1,0,1,19.5,5.2,88.5,3,4,1,96.4,1,MNC,Software Engineer,75.63,96.4,0
S7497,9.87,Electronics and Communication Engineering,2,0,1,1,0,74.6,7.7,61.6,3,4,1,91.5,1,MNC,Web Developer,75.83,91.5,0
S7498,7.37,Electronics and Communication Engineering,2,1,1,0,0,52.2,4.2,97.5,3,2,0,74.1,1,MNC,Web Developer,70.39,74.1,0
S7499,9.55,Electronics and Communication Engineering,3,1,0,1,1,87.9,6.8,65.3,1,3,0,76.8,1,Mid-size,Software Engineer,59.42,76.8,0
S7500,7.69,Mechanical Engineering,2,0,0,0,0,77.5,9.9,92.0,1,4,0,59.6,1,Startup,Analyst,52.05,59.6,0
S7501,9.59,Electronics and Communication Engineering,1,1,1,1,0,0.0,6.7,53.2,2,6,0,100.0,1,MNC,Data Scientist,74.69,102.3,1
S7502,5.92,Mechanical Engineering,3,1,0,0,0,71.9,5.3,70.7,1,2,1,47.0,0,Not placed,Not placed,,47.0,0
S7503,9.24,Computer Science and Engineering,2,1,1,0,1,62.6,9.3,61.0,2,6,0,100.0,1,MNC,Data Scientist,84.08,112.0,1
S7504,5.69,Information Technology,2,0,0,1,0,17.2,7.2,80.3,3,1,0,69.1,1,Startup,Analyst,36.36,69.1,0
S7505,5.28,Electrical and Electronics Engineering,2,1,0,1,0,58.1,5.0,92.7,1,6,2,72.4,1,MNC,Data Scientist,83.46,72.4,0
S7506,6.74,Civil Engineering,1,0,1,0,0,24.7,7.8,61.0,0,1,1,35.0,0,Not placed,Not placed,,35.0,0
S7507,6.2,Electrical and Electronics Engineering,2,1,1,0,1,46.4,8.9,67.3,0,1,0,58.8,1,Mid-size,Analyst,68.7,58.8,0
S7508,9.57,Computer Science and Engineering,1,1,1,1,0,62.8,8.1,75.7,0,2,1,68.8,1,Mid-size,Web Developer,68.74,68.8,0
S7509,7.05,Civil Engineering,2,0,1,0,0,40.6,5.3,83.8,1,6,0,62.4,1,Startup,Analyst,41.28,62.4,0
S7510,8.26,Information Technology,1,0,0,0,1,27.4,9.0,65.1,2,2,0,62.5,1,Startup,Software Engineer,49.55,62.5,0
S7511,6.35,Civil Engineering,3,0,1,0,0,1.6,5.3,88.3,2,5,0,73.4,1,Startup,Web Developer,46.71,73.4,0
S7512,9.49,Information Technology,1,0,1,0,0,20.8,4.2,48.4,1,4,0,54.9,1,Startup,Software Engineer,37.42,54.9,0
S7513,9.86,Information Technology,1,1,0,1,1,30.8,5.8,94.0,1,3,3,74.9,1,MNC,Analyst,77.65,74.9,0
S7514,6.42,Information Technology,2,1,0,0,1,29.3,6.2,94.2,1,1,0,49.4,1,MNC,Web Developer,85.22,49.4,0
S7515,8.21,Electrical and Electronics Engineering,3,0,1,0,1,75.6,6.1,50.5,1,5,0,77.3,1,Mid-size,Web Developer,57.93,77.3,0
S7516,6.78,Electronics and Communication Engineering,2,0,0,0,0,49.1,5.9,69.7,0,5,0,41.9,1,Startup,Data Scientist,40.96,41.9,0
S7517,8.67,Electronics and Communication Engineering,3,1,0,0,1,12.8,7.4,98.7,1,1,3,61.0,0,Not placed,Not placed,,61.0,0
S7518,6.26,Computer Science and Engineering,2,1,1,0,0,78.0,6.6,85.7,0,6,0,66.4,1,MNC,Software Engineer,70.59,66.4,0
S7519,7.98,Computer Science and Engineering,1,1,1,1,0,44.7,6.8,48.9,2,2,1,76.7,1,MNC,Data Scientist,89.81,76.7,0
S7520,7.08,Electronics and Communication Engineering,3,0,1,1,0,4.6,5.5,43.1,2,6,0,82.2,1,Mid-size,Software Engineer,51.71,82.2,0
S7521,9.89,Computer Science and Engineering,2,1,1,0,0,35.1,9.2,74.7,2,3,0,79.4,1,Mid-size,Analyst,54.35,79.4,0
S7522,8.56,Mechanical Engineering,3,1,0,1,0,15.2,8.4,81.7,3,5,1,100.0,1,MNC,Web Developer,93.84,105.1,1
S7523,8.11,Computer Science and Engineering,1,1,1,0,0,4.7,4.5,73.6,1,4,0,63.7,1,MNC,Software Engineer,81.8,63.7,0
S7524,6.28,Computer Science and Engineering,2,1,0,0,1,16.8,9.8,82.1,2,1,0,69.8,1,Mid-size,Web Developer,61.33,69.8,0
S7525,8.71,Electrical and Electronics Engineering,3,1,1,1,0,44.8,4.3,85.8,0,6,0,76.8,1,MNC,Web Developer,85.47,76.8,0
S7526,9.84,Mechanical Engineering,1,1,0,1,0,37.1,9.4,76.5,2,6,0,100.0,1,MNC,Data Scientist,74.21,101.3,1
S7527,6.82,Computer Science and Engineering,1,1,1,1,0,34.0,6.5,67.6,0,6,1,79.9,1,Mid-size,Analyst,53.86,79.9,0
S7528,8.7,Electrical and Electronics Engineering,1,1,1,1,1,26.8,6.7,98.8,0,2,0,72.5,1,Mid-size,Analyst,67.55,72.5,0
S7529,9.68,Electrical and Electronics Engineering,1,1,0,0,1,34.1,6.8,86.2,2,6,0,94.4,1,MNC,Web Developer,90.79,94.4,0
S7530,8.93,Electronics and Communication Engineering,1,1,1,0,1,69.8,5.9,63.7,3,6,0,100.0,1,Mid-size,Web Developer,61.9,110.5,1
S7531,9.79,Computer Science and Engineering,1,1,0,0,1,55.9,7.5,65.8,2,6,0,90.6,1,MNC,Software Engineer,84.73,90.6,0
S7532,8.91,Information Technology,1,1,0,0,0,57.5,4.1,57.5,0,6,0,51.3,1,Startup,Data Scientist,39.88,51.3,0
S7533,6.91,Mechanical Engineering,2,1,0,1,1,94.3,4.4,97.7,1,2,0,59.8,1,Mid-size,Data Scientist,62.13,59.8,0
S7534,9.27,Civil Engineering,2,0,1,0,0,11.5,5.9,48.9,2,5,0,72.4,1,Startup,Analyst,46.48,72.4,0
S7535,7.73,Information Technology,2,1,0,0,0,40.8,9.3,93.6,1,6,0,76.6,1,Startup,Analyst,47.67,76.6,0
S7536,7.94,Civil Engineering,3,1,0,0,0,35.9,4.8,74.3,0,6,0,56.3,0,Not placed,Not placed,,56.3,0
S7537,7.67,Civil Engineering,2,0,0,0,1,55.4,6.4,98.6,0,2,0,38.8,1,Startup,Software Engineer,45.55,38.8,0
S7538,5.41,Electrical and Electronics Engineering,3,0,0,0,1,82.0,9.4,52.8,0,6,1,71.2,1,Startup,Analyst,41.29,71.2,0
S7539,6.16,Civil Engineering,1,1,1,1,0,28.9,4.6,99.3,1,6,0,85.7,1,MNC,Analyst,80.86,85.7,0
S7540,5.04,Electronics and Communication Engineering,3,1,1,1,1,4.4,8.7,93.8,1,1,2,85.5,0,Not placed,Not placed,,85.5,0
S7541,6.73,Information Technology,2,1,0,1,0,2.9,8.9,42.6,3,1,0,85.1,1,MNC,Data Scientist,86.42,85.1,0
S7542,5.12,Computer Science and Engineering,3,1,0,0,1,34.0,6.8,81.0,3,4,1,92.4,1,Mid-size,Data Scientist,72.27,92.4,0
S7543,7.75,Mechanical Engineering,2,0,0,1,0,21.5,9.5,60.5,0,4,0,53.6,1,Startup,Analyst,38.6,53.6,0
S7544,5.35,Electronics and Communication Engineering,2,1,0,0,1,53.9,6.6,69.3,2,5,0,89.2,1,MNC,Software Engineer,75.11,89.2,0
S7545,6.01,Computer Science and Engineering,3,0,1,0,0,92.5,7.9,96.2,0,2,1,46.9,1,Startup,Web Developer,50.82,46.9,0
S7546,7.12,Electronics and Communication Engineering,2,0,0,0,1,99.7,6.5,68.1,1,3,1,51.2,1,Startup,Analyst,44.6,51.2,0
S7547,8.72,Electronics and Communication Engineering,3,1,0,0,1,39.1,6.5,80.5,1,6,0,81.1,1,Mid-size,Web Developer,52.4,81.1,0
S7548,9.65,Electronics and Communication Engineering,3,1,0,1,0,15.2,4.5,42.8,2,2,0,65.4,1,Mid-size,Data Scientist,52.8,65.4,0
S7549,8.64,Information Technology,1,1,1,0,1,80.9,4.8,57.0,2,3,0,83.8,1,Top Tech,Software Engineer,97.49,83.8,0
S7550,8.52,Information Technology,1,1,1,1,0,26.9,4.3,55.9,0,3,0,56.7,1,MNC,Data Scientist,84.98,56.7,0
S7551,6.93,Civil Engineering,2,1,0,1,1,8.8,9.3,58.6,0,5,1,86.0,1,MNC,Analyst,68.72,86.0,0
S7552,7.26,Mechanical Engineering,3,0,1,0,0,56.5,6.9,56.5,2,6,0,82.7,1,Startup,Web Developer,45.54,82.7,0
S7553,8.59,Civil Engineering,3,0,1,0,1,90.8,6.4,79.8,1,5,0,69.3,1,MNC,Software Engineer,92.31,69.3,0
S7554,5.33,Electrical and Electronics Engineering,2,0,1,1,0,33.4,8.3,62.2,1,2,0,63.3,1,MNC,Web Developer,70.73,63.3,0
S7555,8.79,Information Technology,1,1,0,1,0,13.9,9.7,96.5,1,6,0,89.5,1,MNC,Analyst,81.67,89.5,0
S7556,5.96,Civil Engineering,3,0,0,0,0,63.7,5.2,52.8,0,3,0,27.3,0,Not placed,Not placed,,27.3,0
S7557,6.4,Civil Engineering,3,1,1,0,1,35.2,5.2,64.8,2,6,0,94.5,1,Mid-size,Data Scientist,58.06,94.5,0
S7558,6.57,Electrical and Electronics Engineering,1,0,0,0,0,33.8,4.8,73.9,3,1,3,48.9,0,Not placed,Not placed,,48.9,0
S7559,9.66,Computer Science and Engineering,1,1,1,0,0,18.6,5.8,46.4,1,4,0,70.6,1,MNC,Web Developer,72.23,70.6,0
S7560,9.39,Civil Engineering,1,1,0,0,0,65.8,7.0,79.2,3,1,2,61.5,1,Startup,Software Engineer,46.76,61.5,0
S7561,5.22,Electrical and Electronics Engineering,2,1,1,1,0,62.1,4.6,43.4,3,5,0,93.9,1,MNC,Software Engineer,81.06,93.9,0
S7562,5.78,Civil Engineering,3,1,0,0,1,16.9,6.6,90.5,2,4,0,79.6,1,MNC,Software Engineer,65.03,79.6,0
S7563,8.33,Computer Science and Engineering,3,1,1,0,0,57.0,4.3,52.4,2,2,0,67.4,1,Mid-size,Web Developer,65.15,67.4,0
S7564,5.22,Information Technology,1,1,0,0,1,83.1,8.1,61.9,2,5,2,90.8,1,MNC,Analyst,72.17,90.8,0
S7565,6.98,Electronics and Communication Engineering,3,1,1,0,0,10.0,8.5,59.9,1,4,0,71.0,1,MNC,Data Scientist,62.27,71.0,0
S7566,7.11,Computer Science and Engineering,2,1,1,0,1,20.2,6.3,97.1,2,5,0,93.7,1,MNC,Data Scientist,74.23,93.7,0
S7567,9.78,Electronics and Communication Engineering,3,1,0,0,0,22.4,7.3,64.4,1,4,0,60.9,0,Not placed,Not placed,,60.9,0
S7568,9.64,Mechanical Engineering,3,0,0,0,0,39.3,8.2,88.7,0,3,0,34.6,0,Not placed,Not placed,,34.6,0
S7569,5.35,Information Technology,2,1,0,0,0,57.9,5.9,95.5,0,1,0,30.0,1,Startup,Data Scientist,42.78,30.0,0
S7570,8.24,Electronics and Communication Engineering,1,1,1,0,1,29.6,6.4,98.2,0,1,0,54.7,1,MNC,Analyst,71.57,54.7,0
S7571,7.86,Computer Science and Engineering,1,1,0,1,1,98.9,7.6,67.6,2,1,0,81.0,1,Top Tech,Software Engineer,99.4,81.0,0
S7572,7.43,Mechanical Engineering,1,1,0,0,1,56.6,7.0,78.7,2,3,0,71.3,1,Mid-size,Web Developer,62.0,71.3,0
S7573,8.87,Electrical and Electronics Engineering,2,1,0,0,0,64.0,9.0,42.0,0,1,0,38.7,1,Startup,Analyst,42.86,38.7,0
S7574,6.64,Mechanical Engineering,1,1,0,1,0,57.5,4.9,80.8,1,2,2,53.1,1,Mid-size,Web Developer,64.49,53.1,0
S7575,7.43,Electronics and Communication Engineering,1,1,1,0,0,34.0,7.5,90.0,1,6,0,83.1,1,MNC,Analyst,73.04,83.1,0
S7576,7.87,Electronics and Communication Engineering,2,1,1,1,0,81.0,4.7,54.3,2,6,0,97.7,1,Mid-size,Analyst,61.95,97.7,0
S7577,8.11,Electronics and Communication Engineering,2,0,1,0,1,59.8,9.4,55.0,1,6,1,88.0,1,MNC,Web Developer,83.4,88.0,0
S7578,5.95,Computer Science and Engineering,3,0,1,1,1,93.1,5.0,93.4,0,1,0,52.5,1,Mid-size,Data Scientist,54.22,52.5,0
S7579,8.44,Mechanical Engineering,2,0,0,0,0,15.7,8.8,74.7,2,3,0,66.0,1,Startup,Software Engineer,39.04,66.0,0
S7580,5.63,Electrical and Electronics Engineering,3,1,1,1,0,65.4,5.6,73.6,2,5,0,91.6,1,Mid-size,Data Scientist,64.64,91.6,0
S7581,9.54,Electrical and Electronics Engineering,3,1,0,0,0,44.0,6.0,99.2,3,1,2,63.5,1,Startup,Software Engineer,47.79,63.5,0
S7582,8.7,Computer Science and Engineering,3,1,1,0,0,39.5,4.1,76.1,3,3,2,73.0,1,Mid-size,Analyst,62.95,73.0,0
S7583,7.24,Information Technology,3,0,1,1,0,13.9,6.6,46.4,1,2,0,61.0,1,MNC,Software Engineer,76.05,61.0,0
S7584,7.88,Information Technology,3,1,0,0,1,19.6,7.1,55.3,3,2,1,83.2,1,Mid-size,Web Developer,75.64,83.2,0
S7585,9.04,Mechanical Engineering,3,0,1,0,0,54.5,5.5,52.4,1,3,2,46.5,0,Not placed,Not placed,,46.5,0
S7586,9.98,Civil Engineering,2,1,1,0,1,71.8,7.0,54.9,2,2,0,81.5,1,MNC,Web Developer,77.71,81.5,0
S7587,7.72,Mechanical Engineering,3,0,1,0,0,15.5,6.0,94.8,3,5,0,79.1,1,Startup,Web Developer,45.72,79.1,0
S7588,5.33,Mechanical Engineering,3,1,0,0,1,3.9,7.4,52.0,0,4,0,60.5,0,Not placed,Not placed,,60.5,0
S7589,8.37,Mechanical Engineering,1,1,0,0,0,28.1,5.3,98.5,1,4,0,53.2,1,Startup,Software Engineer,42.64,53.2,0
S7590,5.71,Electronics and Communication Engineering,2,0,0,0,1,84.4,8.5,84.9,0,2,0,45.9,1,Startup,Web Developer,43.07,45.9,0
S7591,8.2,Mechanical Engineering,3,0,0,1,0,88.4,4.6,71.8,3,2,0,68.5,1,Startup,Data Scientist,52.54,68.5,0
S7592,5.05,Electrical and Electronics Engineering,1,1,1,0,1,80.6,5.9,59.4,0,2,1,60.3,1,Top Tech,Analyst,111.05,60.3,0
S7593,7.55,Electrical and Electronics Engineering,3,0,0,0,1,59.2,7.9,83.4,1,4,0,60.3,1,Startup,Data Scientist,41.82,60.3,0
S7594,8.24,Electronics and Communication Engineering,2,0,0,0,0,6.0,4.5,96.2,0,3,1,29.0,0,Not placed,Not placed,,29.0,0
S7595,7.74,Information Technology,1,1,1,0,1,91.3,8.3,63.2,2,6,0,100.0,1,Top Tech,Software Engineer,110.54,109.8,1
S7596,9.03,Civil Engineering,3,1,1,1,0,0.7,7.7,85.5,3,2,0,89.4,1,Mid-size,Web Developer,58.08,89.4,0
S7597,7.37,Civil Engineering,2,1,0,1,0,77.3,7.1,91.4,1,2,0,62.8,1,MNC,Data Scientist,81.89,62.8,0
S7598,9.2,Electronics and Communication Engineering,1,0,1,0,1,2.3,4.7,41.2,0,4,1,59.0,1,MNC,Data Scientist,63.83,59.0,0
S7599,5.85,Mechanical Engineering,3,0,1,0,1,49.1,8.8,65.4,2,4,0,90.7,1,MNC,Data Scientist,81.1,90.7,0
S7600,6.99,Mechanical Engineering,2,0,0,1,1,17.0,9.4,83.3,2,6,1,100.0,1,MNC,Data Scientist,76.78,101.9,1
S7601,9.54,Mechanical Engineering,1,1,0,0,1,35.6,7.9,89.0,1,1,0,54.1,1,MNC,Data Scientist,65.61,54.1,0
S7602,5.07,Mechanical Engineering,1,0,1,0,1,80.4,5.6,96.2,0,3,0,52.2,1,MNC,Data Scientist,70.12,52.2,0
S7603,7.88,Computer Science and Engineering,3,1,1,0,0,25.2,8.9,73.1,0,1,0,48.0,0,Not placed,Not placed,,48.0,0
S7604,9.72,Civil Engineering,3,0,1,0,1,38.5,7.7,44.3,1,2,0,61.5,1,MNC,Web Developer,66.86,61.5,0
S7605,9.69,Computer Science and Engineering,2,1,0,1,0,25.3,8.1,77.5,1,3,0,66.8,1,MNC,Data Scientist,66.53,66.8,0
S7606,9.78,Mechanical Engineering,1,0,0,0,0,7.7,6.8,89.1,0,1,1,22.0,0,Not placed,Not placed,,22.0,0
S7607,7.23,Information Technology,3,0,0,1,0,80.8,7.2,95.2,2,4,0,75.7,1,Startup,Software Engineer,51.67,75.7,0
S7608,5.39,Civil Engineering,3,1,1,0,1,35.9,5.5,74.6,1,1,1,59.6,1,MNC,Data Scientist,73.41,59.6,0
S7609,7.4,Information Technology,1,0,0,0,0,83.0,7.0,65.4,1,3,0,49.7,1,Startup,Software Engineer,43.98,49.7,0
S7610,6.7,Computer Science and Engineering,1,1,0,0,0,48.5,5.3,76.2,3,2,0,68.4,1,Startup,Software Engineer,50.14,68.4,0
S7611,5.57,Information Technology,1,1,1,0,1,80.1,6.1,62.9,0,2,0,53.6,1,Top Tech,Data Scientist,104.98,53.6,0
S7612,6.07,Computer Science and Engineering,1,0,1,0,1,52.9,5.5,73.7,1,1,1,49.9,1,Mid-size,Software Engineer,59.04,49.9,0
S7613,6.17,Civil Engineering,3,1,0,1,1,95.5,8.7,51.0,1,6,3,97.5,1,Mid-size,Web Developer,62.75,97.5,0
S7614,6.4,Electrical and Electronics Engineering,2,1,0,1,1,40.8,7.8,88.6,0,5,0,73.7,1,MNC,Web Developer,73.73,73.7,0
S7615,5.32,Computer Science and Engineering,1,0,1,1,0,12.6,9.6,87.2,0,3,0,67.8,1,MNC,Software Engineer,62.82,67.8,0
S7616,5.9,Mechanical Engineering,3,1,0,0,0,62.8,5.6,54.7,3,5,0,79.3,1,Startup,Web Developer,48.6,79.3,0
S7617,9.77,Civil Engineering,2,1,1,0,1,38.6,10.0,56.1,0,2,1,74.9,1,MNC,Software Engineer,86.08,74.9,0
S7618,7.23,Computer Science and Engineering,3,0,1,0,0,27.5,5.2,61.7,0,2,0,33.0,0,Not placed,Not placed,,33.0,0
S7619,8.29,Computer Science and Engineering,2,1,0,0,0,21.9,6.6,41.2,1,6,1,72.0,1,Startup,Data Scientist,41.35,72.0,0
S7620,6.43,Electronics and Communication Engineering,2,1,1,0,0,44.2,8.0,96.5,0,2,0,58.0,1,Mid-size,Software Engineer,60.81,58.0,0
S7621,5.68,Electronics and Communication Engineering,1,1,1,1,0,91.4,7.0,67.5,1,1,0,61.7,1,Top Tech,Data Scientist,96.12,61.7,0
S7622,5.87,Mechanical Engineering,2,1,0,0,0,54.8,6.9,73.8,2,1,0,56.6,1,Startup,Analyst,43.78,56.6,0
S7623,9.88,Civil Engineering,1,0,1,0,0,29.4,7.4,65.0,1,3,0,62.0,1,Startup,Software Engineer,43.79,62.0,0
S7624,9.77,Mechanical Engineering,3,0,1,0,0,28.4,5.4,42.7,2,2,0,58.9,0,Not placed,Not placed,,58.9,0
S7625,6.36,Computer Science and Engineering,2,1,1,1,0,23.9,6.4,77.3,1,5,0,89.0,1,MNC,Analyst,74.05,89.0,0
S7626,7.45,Electrical and Electronics Engineering,3,1,0,0,0,12.4,7.1,69.3,1,2,0,53.1,0,Not placed,Not placed,,53.1,0
S7627,8.95,Civil Engineering,1,1,1,1,0,45.6,7.2,76.8,2,2,2,82.0,1,Mid-size,Data Scientist,74.59,82.0,0
S7628,6.63,Electronics and Communication Engineering,2,1,0,0,0,7.7,8.8,58.1,1,3,0,57.6,0,Not placed,Not placed,,57.6,0
S7629,5.99,Electrical and Electronics Engineering,3,1,0,0,1,43.4,5.3,68.5,0,3,0,46.1,1,MNC,Analyst,77.17,46.1,0
S7630,6.28,Civil Engineering,1,1,1,0,1,62.1,8.2,89.8,0,1,0,54.8,1,MNC,Software Engineer,86.91,54.8,0
S7631,5.67,Computer Science and Engineering,1,0,1,0,0,36.7,4.4,51.9,0,3,2,41.0,0,Not placed,Not placed,,41.0,0
S7632,6.55,Civil Engineering,1,0,1,0,1,13.2,8.6,70.9,2,6,0,91.1,1,MNC,Web Developer,84.7,91.1,0
S7633,8.3,Electrical and Electronics Engineering,1,1,1,0,0,53.1,4.3,45.0,1,2,0,48.0,1,Mid-size,Software Engineer,51.09,48.0,0
S7634,9.64,Electronics and Communication Engineering,2,1,0,1,1,42.1,8.2,88.6,2,2,0,83.3,1,Mid-size,Analyst,70.12,83.3,0
S7635,9.29,Civil Engineering,3,1,1,0,0,13.0,6.5,56.2,1,3,0,69.1,0,Not placed,Not placed,,69.1,0
S7636,5.37,Electrical and Electronics Engineering,2,1,1,0,1,3.7,9.3,89.9,1,3,0,87.5,1,MNC,Software Engineer,81.35,87.5,0
S7637,7.92,Electronics and Communication Engineering,1,0,1,0,0,79.9,9.4,40.4,2,2,0,67.7,1,Startup,Software Engineer,42.95,67.7,0
S7638,7.51,Electrical and Electronics Engineering,2,1,0,0,0,16.3,6.0,78.2,3,3,0,77.7,1,Startup,Web Developer,41.29,77.7,0
S7639,8.59,Electrical and Electronics Engineering,2,1,0,0,1,84.8,9.1,63.0,1,5,2,81.6,1,MNC,Software Engineer,71.68,81.6,0
S7640,6.82,Computer Science and Engineering,1,1,1,1,1,98.3,5.8,59.9,1,4,0,82.4,1,MNC,Web Developer,94.26,82.4,0
S7641,9.14,Electronics and Communication Engineering,2,1,0,0,1,6.5,8.4,82.0,0,2,0,54.4,1,Mid-size,Software Engineer,48.12,54.4,0
S7642,5.83,Civil Engineering,1,1,1,1,1,36.3,8.2,92.4,1,1,1,78.0,1,MNC,Data Scientist,79.84,78.0,0
S7643,7.44,Electronics and Communication Engineering,1,1,0,0,0,5.1,8.9,88.5,0,3,0,49.9,1,Startup,Web Developer,45.79,49.9,0
S7644,7.92,Mechanical Engineering,2,0,1,1,1,70.8,6.6,47.6,3,1,0,85.3,1,Mid-size,Software Engineer,61.72,85.3,0
S7645,8.78,Electrical and Electronics Engineering,3,0,1,1,0,33.2,4.2,57.9,0,4,0,56.5,0,Not placed,Not placed,,56.5,0
S7646,9.29,Mechanical Engineering,2,1,0,0,0,89.7,7.7,66.2,1,6,0,70.7,1,Startup,Web Developer,47.22,70.7,0
S7647,9.84,Computer Science and Engineering,3,1,0,1,1,41.8,7.6,55.8,2,2,0,86.0,1,MNC,Software Engineer,81.66,86.0,0
S7648,9.28,Electronics and Communication Engineering,3,1,1,0,0,86.4,8.0,78.5,1,1,0,56.3,1,MNC,Data Scientist,78.8,56.3,0
S7649,6.01,Electrical and Electronics Engineering,2,0,0,0,0,87.6,6.3,70.1,0,4,0,38.3,0,Not placed,Not placed,,38.3,0
S7650,7.24,Mechanical Engineering,1,0,1,0,1,25.4,5.6,49.0,0,5,0,63.1,1,Mid-size,Analyst,57.46,63.1,0
S7651,8.32,Mechanical Engineering,1,0,0,1,1,44.7,7.8,65.9,1,3,0,70.9,1,Mid-size,Web Developer,59.23,70.9,0
S7652,8.74,Mechanical Engineering,3,1,1,0,1,45.3,6.3,51.3,0,2,0,57.4,1,MNC,Web Developer,80.9,57.4,0
S7653,5.1,Information Technology,2,1,0,1,1,11.6,10.0,88.5,2,2,2,91.8,1,MNC,Web Developer,68.86,91.8,0
S7654,7.23,Computer Science and Engineering,3,1,1,0,0,74.1,7.8,97.9,2,5,0,92.6,1,MNC,Data Scientist,96.84,92.6,0
S7655,7.38,Mechanical Engineering,2,0,0,1,1,10.6,8.4,93.9,0,4,0,67.0,1,Mid-size,Software Engineer,50.78,67.0,0
S7656,5.01,Electrical and Electronics Engineering,3,1,0,1,1,55.4,6.6,68.5,0,5,0,79.4,1,Mid-size,Web Developer,67.15,79.4,0
S7657,5.25,Mechanical Engineering,1,0,1,0,1,53.4,8.6,93.3,1,4,0,75.1,1,MNC,Analyst,92.51,75.1,0
S7658,6.27,Computer Science and Engineering,2,0,0,1,0,98.4,5.2,73.5,3,1,1,64.4,1,Startup,Web Developer,46.76,64.4,0
S7659,7.26,Information Technology,2,0,0,0,0,71.6,7.5,91.3,0,1,0,29.1,1,Startup,Web Developer,41.52,29.1,0
S7660,6.3,Computer Science and Engineering,3,1,1,1,0,50.8,9.1,100.0,2,4,0,100.0,1,MNC,Web Developer,94.35,100.9,1
S7661,5.16,Electrical and Electronics Engineering,1,0,0,0,1,30.2,9.8,92.6,2,6,0,85.0,1,Startup,Data Scientist,48.06,85.0,0
S7662,6.8,Information Technology,1,1,0,0,1,66.9,7.3,75.1,0,5,1,71.3,1,MNC,Software Engineer,70.85,71.3,0
S7663,7.81,Information Technology,2,0,1,0,0,73.5,9.7,81.9,2,1,0,67.5,1,Startup,Analyst,44.5,67.5,0
S7664,6.92,Electrical and Electronics Engineering,3,1,1,1,1,30.4,7.6,67.9,3,5,2,100.0,1,MNC,Data Scientist,86.95,112.8,1
S7665,5.99,Electrical and Electronics Engineering,1,1,0,1,0,4.3,6.6,79.1,0,6,0,71.5,1,MNC,Analyst,81.71,71.5,0
S7666,9.72,Computer Science and Engineering,3,1,0,1,0,27.7,9.2,86.8,0,3,1,62.5,1,Mid-size,Software Engineer,54.79,62.5,0
S7667,8.09,Mechanical Engineering,2,0,0,0,0,18.7,6.2,96.4,0,3,0,34.3,0,Not placed,Not placed,,34.3,0
S7668,7.51,Information Technology,1,1,1,1,0,36.2,7.3,84.5,1,2,1,73.7,1,MNC,Web Developer,82.71,73.7,0
S7669,7.6,Electronics and Communication Engineering,2,1,1,0,0,77.7,5.9,44.6,1,3,0,64.4,1,Mid-size,Analyst,71.29,64.4,0
S7670,5.01,Computer Science and Engineering,2,0,0,0,0,27.2,4.1,56.9,0,1,0,17.9,0,Not placed,Not placed,,17.9,0
S7671,7.91,Electrical and Electronics Engineering,2,1,0,0,1,67.3,5.5,90.2,1,1,0,52.8,1,MNC,Analyst,86.7,52.8,0
S7672,9.9,Civil Engineering,1,0,0,0,0,36.5,5.9,78.3,0,2,1,26.0,0,Not placed,Not placed,,26.0,0
S7673,8.34,Civil Engineering,3,1,0,0,0,67.0,5.8,93.2,0,2,1,35.3,0,Not placed,Not placed,,35.3,0
S7674,5.53,Information Technology,2,0,1,1,0,21.3,6.6,97.5,0,2,0,49.3,1,Mid-size,Analyst,49.64,49.3,0
S7675,5.3,Electrical and Electronics Engineering,3,1,1,0,1,13.7,9.3,41.3,3,5,2,100.0,1,MNC,Data Scientist,83.53,115.1,1
S7676,7.2,Computer Science and Engineering,1,1,1,0,0,92.9,6.1,99.9,1,6,0,79.1,1,MNC,Data Scientist,72.49,79.1,0
S7677,8.73,Electronics and Communication Engineering,1,0,1,0,0,23.7,7.6,58.2,0,3,0,48.4,1,Startup,Web Developer,45.44,48.4,0
S7678,9.98,Information Technology,2,0,1,1,0,27.5,7.6,52.6,1,2,2,61.8,1,MNC,Analyst,81.7,61.8,0
S7679,9.49,Information Technology,1,1,0,0,0,61.3,6.1,89.1,0,4,0,50.9,1,Startup,Data Scientist,45.28,50.9,0
S7680,8.92,Mechanical Engineering,2,0,0,1,0,88.7,10.0,91.2,0,4,0,55.3,1,Startup,Analyst,43.65,55.3,0
S7681,7.07,Mechanical Engineering,3,1,1,1,0,81.3,7.4,50.1,2,3,1,84.4,1,MNC,Software Engineer,78.39,84.4,0
S7682,8.3,Electrical and Electronics Engineering,1,1,0,1,1,48.1,4.4,78.9,1,2,1,63.6,1,MNC,Analyst,89.62,63.6,0
S7683,8.21,Civil Engineering,3,1,1,1,0,76.4,8.6,53.9,0,2,1,67.1,1,MNC,Analyst,69.24,67.1,0
S7684,7.1,Electronics and Communication Engineering,1,1,1,0,1,83.1,4.3,83.3,2,3,2,81.2,1,Top Tech,Software Engineer,119.07,81.2,0
S7685,9.04,Mechanical Engineering,2,1,0,0,0,91.3,7.2,96.0,0,4,3,53.9,1,Startup,Analyst,49.65,53.9,0
S7686,9.28,Electronics and Communication Engineering,2,0,1,1,0,81.3,6.4,83.7,0,6,0,73.2,1,MNC,Software Engineer,86.49,73.2,0
S7687,8.37,Electronics and Communication Engineering,2,1,0,0,0,79.4,9.0,55.7,1,6,0,76.8,1,Startup,Data Scientist,44.61,76.8,0
S7688,8.49,Computer Science and Engineering,3,1,0,0,1,61.0,7.9,77.2,0,2,1,54.2,0,Not placed,Not placed,,54.2,0
S7689,6.78,Information Technology,1,0,0,0,0,80.3,4.5,77.9,1,2,0,33.6,1,Startup,Analyst,38.61,33.6,0
S7690,5.15,Electrical and Electronics Engineering,1,1,1,0,0,22.7,6.0,40.4,3,1,1,75.2,1,MNC,Software Engineer,76.27,75.2,0
S7691,6.01,Civil Engineering,1,1,1,1,1,86.2,6.1,75.4,1,3,0,85.1,1,MNC,Software Engineer,73.23,85.1,0
S7692,6.34,Civil Engineering,2,1,1,0,1,66.5,8.9,73.4,0,1,0,60.9,1,MNC,Data Scientist,76.2,60.9,0
S7693,6.81,Civil Engineering,2,1,0,0,0,23.2,5.1,70.0,0,3,0,44.3,1,Startup,Web Developer,42.92,44.3,0
S7694,6.76,Electronics and Communication Engineering,1,1,0,0,0,91.3,5.8,81.2,1,3,1,57.3,1,Startup,Web Developer,46.46,57.3,0
S7695,6.23,Information Technology,1,0,0,0,0,8.6,4.1,70.2,0,6,0,40.2,0,Not placed,Not placed,,40.2,0
S7696,7.38,Information Technology,2,1,1,0,1,99.8,4.3,68.5,1,4,0,69.6,1,Mid-size,Web Developer,55.54,69.6,0
S7697,5.85,Information Technology,3,0,1,0,0,78.2,5.4,95.2,1,4,1,60.0,1,Startup,Data Scientist,39.84,60.0,0
S7698,9.93,Mechanical Engineering,3,1,0,1,0,96.2,6.2,94.6,2,1,1,63.1,1,MNC,Analyst,90.29,63.1,0
S7699,9.35,Civil Engineering,2,1,1,1,0,94.7,4.7,46.7,0,3,0,57.2,1,MNC,Software Engineer,93.21,57.2,0
S7700,6.41,Computer Science and Engineering,1,0,0,0,1,31.5,5.6,74.5,1,3,0,55.5,1,Startup,Web Developer,39.17,55.5,0
S7701,6.29,Mechanical Engineering,3,1,0,0,0,26.0,7.2,78.1,1,6,1,70.6,1,Startup,Data Scientist,42.22,70.6,0
S7702,7.36,Information Technology,3,1,1,1,1,66.7,4.2,61.1,1,5,0,84.6,1,Mid-size,Analyst,53.57,84.6,0
S7703,7.48,Civil Engineering,2,0,1,0,0,21.9,8.8,67.9,1,2,3,59.5,0,Not placed,Not placed,,59.5,0
S7704,8.52,Information Technology,1,1,0,0,0,41.5,5.1,79.7,3,1,0,65.1,1,Startup,Data Scientist,49.56,65.1,0
S7705,6.85,Electrical and Electronics Engineering,1,1,1,0,1,78.9,6.2,93.8,1,1,1,59.1,1,Top Tech,Web Developer,85.35,59.1,0
S7706,7.48,Mechanical Engineering,2,1,0,1,0,49.7,9.2,43.9,2,4,0,85.9,1,Mid-size,Software Engineer,54.26,85.9,0
S7707,5.5,Electrical and Electronics Engineering,1,0,1,1,1,56.8,7.0,63.2,0,1,0,60.9,1,MNC,Software Engineer,79.1,60.9,0
S7708,9.86,Electronics and Communication Engineering,3,1,0,0,0,12.5,8.2,85.5,2,5,2,79.0,1,Startup,Software Engineer,42.48,79.0,0
S7709,8.99,Computer Science and Engineering,1,1,1,0,1,31.9,6.2,58.0,1,5,0,87.7,1,Mid-size,Analyst,59.15,87.7,0
S7710,6.14,Computer Science and Engineering,3,1,1,0,0,97.3,4.2,61.9,1,5,0,66.8,1,MNC,Data Scientist,82.97,66.8,0
S7711,6.58,Electrical and Electronics Engineering,1,1,0,0,0,6.0,4.8,57.2,0,5,0,52.6,1,Startup,Software Engineer,35.25,52.6,0
S7712,9.46,Electronics and Communication Engineering,1,1,0,1,0,77.1,7.9,44.2,0,2,0,56.1,1,MNC,Web Developer,87.33,56.1,0
S7713,9.38,Computer Science and Engineering,3,1,1,1,0,28.9,7.5,88.0,0,3,1,71.7,1,MNC,Software Engineer,82.88,71.7,0
S7714,9.2,Civil Engineering,2,0,0,1,1,43.3,5.6,48.2,0,1,0,45.4,1,Mid-size,Data Scientist,49.02,45.4,0
S7715,6.87,Electrical and Electronics Engineering,1,1,0,0,0,80.5,9.0,67.8,0,4,0,54.8,1,Startup,Data Scientist,49.06,54.8,0
S7716,5.25,Information Technology,1,1,0,1,1,63.7,8.1,60.4,1,3,1,76.0,1,Mid-size,Software Engineer,69.43,76.0,0
S7717,9.5,Electrical and Electronics Engineering,1,1,1,0,0,34.1,4.2,51.2,2,1,0,54.2,1,Mid-size,Web Developer,54.32,54.2,0
S7718,5.79,Mechanical Engineering,2,1,1,1,1,20.2,6.7,89.0,2,5,0,100.0,1,MNC,Software Engineer,72.65,109.8,1
S7719,8.15,Computer Science and Engineering,2,0,0,1,0,27.4,7.0,99.0,0,4,0,46.1,1,Startup,Analyst,37.75,46.1,0
S7720,9.5,Civil Engineering,3,0,1,1,0,70.7,9.4,81.2,1,4,0,81.8,1,MNC,Software Engineer,93.02,81.8,0
S7721,7.17,Mechanical Engineering,3,1,0,1,1,94.2,7.7,44.3,1,5,0,90.3,1,MNC,Analyst,74.67,90.3,0
S7722,5.21,Mechanical Engineering,3,1,0,0,0,35.3,4.3,87.5,0,3,0,42.8,0,Not placed,Not placed,,42.8,0
S7723,9.21,Electronics and Communication Engineering,3,1,0,0,0,94.2,4.8,70.1,2,2,0,57.9,1,Startup,Analyst,50.83,57.9,0
S7724,8.81,Information Technology,3,0,0,0,0,8.4,7.1,51.5,0,3,0,36.1,0,Not placed,Not placed,,36.1,0
S7725,6.76,Information Technology,3,1,1,0,1,8.2,9.3,51.7,0,5,0,86.0,1,MNC,Web Developer,70.07,86.0,0
S7726,8.62,Electrical and Electronics Engineering,3,1,1,0,0,3.3,9.3,47.4,1,5,0,82.6,1,MNC,Data Scientist,72.68,82.6,0
S7727,8.72,Electrical and Electronics Engineering,2,1,0,1,0,86.8,7.9,94.1,0,1,0,45.6,1,Mid-size,Data Scientist,58.4,45.6,0
S7728,5.64,Mechanical Engineering,2,0,0,0,0,23.0,4.5,84.2,0,6,0,47.0,0,Not placed,Not placed,,47.0,0
S7729,5.33,Electronics and Communication Engineering,2,1,1,0,0,24.5,7.6,73.5,0,4,0,61.4,1,Mid-size,Software Engineer,48.75,61.4,0
S7730,8.43,Electrical and Electronics Engineering,3,0,0,0,1,46.7,4.7,56.4,1,1,0,43.5,1,Startup,Software Engineer,43.97,43.5,0
S7731,6.74,Mechanical Engineering,3,1,1,1,0,28.9,5.0,80.0,0,4,0,60.0,1,MNC,Data Scientist,70.53,60.0,0
S7732,7.38,Electrical and Electronics Engineering,1,1,1,0,0,45.7,5.6,87.7,1,6,1,78.9,1,MNC,Analyst,85.48,78.9,0
S7733,8.21,Mechanical Engineering,1,1,0,0,0,72.0,8.6,77.1,0,4,0,58.3,1,Startup,Data Scientist,42.4,58.3,0
S7734,7.48,Civil Engineering,1,1,0,0,0,89.2,7.8,79.2,0,6,0,59.9,1,Startup,Software Engineer,43.24,59.9,0
S7735,7.68,Electronics and Communication Engineering,2,0,1,0,0,33.1,9.2,46.7,3,2,0,77.3,1,Startup,Software Engineer,49.49,77.3,0
S7736,8.17,Information Technology,2,1,0,0,0,75.3,7.8,74.3,0,6,0,64.0,1,Startup,Web Developer,45.29,64.0,0
S7737,8.61,Information Technology,3,1,1,0,0,75.1,5.2,66.6,1,2,0,53.5,1,Mid-size,Data Scientist,66.95,53.5,0
S7738,7.41,Computer Science and Engineering,2,0,1,1,0,65.9,6.6,72.4,0,1,0,47.2,1,Mid-size,Analyst,66.92,47.2,0
S7739,8.0,Information Technology,3,0,0,0,1,40.1,9.4,46.2,0,5,0,64.0,1,Startup,Analyst,48.08,64.0,0
S7740,6.15,Electrical and Electronics Engineering,2,0,1,1,1,24.9,6.7,44.3,1,5,2,85.2,1,MNC,Data Scientist,68.91,85.2,0
S7741,8.31,Electronics and Communication Engineering,1,1,1,1,1,36.0,5.5,68.6,0,2,0,71.1,1,Mid-size,Web Developer,68.07,71.1,0
S7742,9.65,Mechanical Engineering,1,1,0,0,0,78.0,8.4,56.5,0,4,0,50.5,1,Startup,Web Developer,51.53,50.5,0
S7743,6.58,Electronics and Communication Engineering,3,1,0,0,0,40.3,8.2,51.2,3,6,0,96.2,1,Startup,Web Developer,46.51,96.2,0
S7744,9.93,Computer Science and Engineering,3,0,1,1,1,81.2,9.4,61.4,2,5,0,100.0,1,Mid-size,Web Developer,70.04,101.9,1
S7745,5.61,Electrical and Electronics Engineering,1,0,1,1,0,15.1,6.7,87.6,2,4,0,81.4,1,MNC,Data Scientist,82.71,81.4,0
S7746,6.72,Civil Engineering,2,0,1,0,1,30.1,5.5,65.1,3,4,0,85.1,1,MNC,Analyst,89.47,85.1,0
S7747,9.31,Mechanical Engineering,3,0,1,0,0,38.2,6.0,59.3,1,6,0,65.1,1,Startup,Data Scientist,42.47,65.1,0
S7748,5.88,Mechanical Engineering,2,1,0,0,0,38.8,4.4,57.0,0,3,2,36.5,0,Not placed,Not placed,,36.5,0
S7749,7.19,Information Technology,2,0,1,1,0,36.0,9.2,49.3,1,4,0,75.3,1,MNC,Data Scientist,78.26,75.3,0
S7750,8.45,Electrical and Electronics Engineering,3,1,1,0,1,18.8,6.0,80.8,2,1,0,76.5,1,MNC,Analyst,86.17,76.5,0
S7751,5.02,Electrical and Electronics Engineering,1,1,1,1,1,83.2,5.8,67.7,3,2,0,98.5,1,MNC,Software Engineer,89.7,98.5,0
S7752,8.93,Electronics and Communication Engineering,2,0,0,1,1,91.1,5.8,90.9,1,6,2,76.8,1,Mid-size,Software Engineer,68.41,76.8,0
S7753,6.14,Electrical and Electronics Engineering,2,1,1,1,0,17.1,4.5,70.3,0,5,0,66.0,1,Mid-size,Analyst,65.87,66.0,0
S7754,6.07,Civil Engineering,1,1,1,0,1,9.6,4.2,50.0,0,3,0,59.5,1,MNC,Web Developer,65.76,59.5,0
S7755,5.79,Electronics and Communication Engineering,2,1,1,0,0,55.3,8.0,54.7,1,6,0,84.0,1,MNC,Analyst,85.31,84.0,0
S7756,7.2,Electronics and Communication Engineering,1,1,1,0,0,80.9,9.4,51.5,2,3,1,86.4,1,Mid-size,Analyst,68.63,86.4,0
S7757,5.15,Electrical and Electronics Engineering,1,0,1,1,0,65.4,6.2,75.3,2,1,0,67.4,1,MNC,Data Scientist,79.54,67.4,0
S7758,7.47,Mechanical Engineering,1,0,1,1,0,79.7,4.4,64.3,1,5,3,73.1,1,Mid-size,Software Engineer,57.53,73.1,0
S7759,7.07,Mechanical Engineering,1,1,0,0,0,93.9,7.3,98.3,1,3,0,54.6,1,Startup,Analyst,44.97,54.6,0
S7760,7.46,Electronics and Communication Engineering,1,1,1,0,1,10.9,5.6,95.2,0,4,0,69.7,1,MNC,Software Engineer,65.33,69.7,0
S7761,9.29,Electrical and Electronics Engineering,3,1,0,0,1,41.2,9.7,72.9,1,2,0,65.9,1,Mid-size,Analyst,60.15,65.9,0
S7762,7.93,Civil Engineering,1,1,1,0,1,14.0,9.1,84.0,3,5,0,100.0,1,Mid-size,Software Engineer,68.44,109.0,1
S7763,5.72,Information Technology,1,1,1,0,1,52.6,9.2,75.4,0,3,0,75.6,1,Mid-size,Software Engineer,66.66,75.6,0
S7764,5.55,Computer Science and Engineering,2,1,0,0,0,94.3,6.3,42.0,2,6,0,78.6,1,Startup,Web Developer,49.89,78.6,0
S7765,9.5,Computer Science and Engineering,3,1,1,0,0,68.8,9.9,92.1,1,4,1,83.2,1,Mid-size,Software Engineer,58.39,83.2,0
S7766,7.27,Information Technology,2,1,0,1,1,28.0,6.0,43.0,2,3,0,84.4,1,MNC,Analyst,77.33,84.4,0
S7767,7.8,Civil Engineering,2,1,1,0,0,59.7,8.5,67.3,1,2,0,69.5,1,Mid-size,Web Developer,63.0,69.5,0
S7768,5.86,Computer Science and Engineering,3,0,0,0,0,35.9,7.5,49.4,3,5,0,77.1,1,Startup,Data Scientist,42.11,77.1,0
S7769,9.98,Information Technology,3,1,0,0,1,28.0,4.5,59.8,2,3,0,63.9,1,Mid-size,Software Engineer,63.74,63.9,0
S7770,9.1,Electrical and Electronics Engineering,3,1,0,0,0,41.8,9.3,62.1,1,1,0,54.5,0,Not placed,Not placed,,54.5,0
S7771,6.68,Mechanical Engineering,2,0,0,0,1,14.3,7.2,67.7,0,6,1,63.9,0,Not placed,Not placed,,63.9,0
S7772,5.26,Information Technology,2,0,1,0,1,52.2,6.0,80.8,1,5,0,77.9,1,Mid-size,Analyst,63.8,77.9,0
S7773,7.44,Civil Engineering,1,0,0,0,0,79.2,6.2,62.8,1,2,3,41.2,0,Not placed,Not placed,,41.2,0
S7774,9.33,Civil Engineering,1,1,1,1,1,24.0,9.6,41.3,3,5,0,100.0,1,MNC,Software Engineer,75.52,124.9,1
S7775,8.03,Computer Science and Engineering,3,0,1,0,1,57.9,8.0,72.8,0,2,0,49.6,1,MNC,Data Scientist,67.96,49.6,0
S7776,8.34,Information Technology,2,0,0,0,1,44.5,7.0,89.9,0,6,0,65.7,1,Startup,Analyst,49.13,65.7,0
S7777,9.14,Mechanical Engineering,2,1,1,0,1,51.1,5.1,66.5,1,4,0,71.1,1,Mid-size,Software Engineer,54.68,71.1,0
S7778,5.71,Computer Science and Engineering,1,1,1,0,0,98.9,4.4,84.6,3,6,0,96.7,1,MNC,Web Developer,89.13,96.7,0
S7779,9.84,Civil Engineering,1,0,1,1,0,28.9,9.9,93.9,0,4,0,69.7,1,Mid-size,Software Engineer,60.82,69.7,0
S7780,7.6,Electronics and Communication Engineering,1,0,0,0,0,38.1,7.4,82.1,0,3,0,38.6,1,Startup,Analyst,44.33,38.6,0
S7781,6.63,Information Technology,3,1,0,0,0,74.7,4.0,89.8,2,3,2,56.2,1,Startup,Data Scientist,38.16,56.2,0
S7782,5.29,Electronics and Communication Engineering,3,0,0,0,0,23.2,9.1,43.3,2,2,1,61.5,0,Not placed,Not placed,,61.5,0
S7783,9.01,Civil Engineering,3,0,1,0,0,49.4,9.1,45.3,0,3,1,51.9,0,Not placed,Not placed,,51.9,0
S7784,5.65,Mechanical Engineering,2,1,0,0,0,27.1,4.1,96.4,2,2,0,54.3,1,Startup,Web Developer,41.2,54.3,0
S7785,9.42,Civil Engineering,3,0,0,1,1,43.8,9.5,65.0,0,4,0,72.9,1,MNC,Analyst,72.84,72.9,0
S7786,8.53,Computer Science and Engineering,2,0,1,0,0,12.2,8.6,86.2,1,3,0,64.5,1,Startup,Analyst,48.36,64.5,0
S7787,9.66,Computer Science and Engineering,2,1,1,0,1,6.9,5.1,99.4,0,6,1,77.5,1,MNC,Software Engineer,78.47,77.5,0
S7788,5.46,Electrical and Electronics Engineering,3,1,1,0,0,72.8,8.3,81.5,0,2,0,58.7,1,MNC,Data Scientist,76.81,58.7,0
S7789,5.68,Information Technology,2,1,1,0,1,53.0,7.8,69.7,2,2,0,79.3,1,MNC,Software Engineer,68.24,79.3,0
S7790,9.85,Electronics and Communication Engineering,3,0,1,0,0,83.8,6.3,98.1,0,1,0,30.4,1,Startup,Analyst,45.28,30.4,0
S7791,8.4,Civil Engineering,1,1,1,0,0,31.4,5.0,45.2,2,1,2,62.4,1,Mid-size,Data Scientist,50.29,62.4,0
S7792,8.72,Civil Engineering,1,1,0,0,1,49.3,4.7,80.1,2,6,0,85.6,1,MNC,Software Engineer,73.38,85.6,0
S7793,7.49,Computer Science and Engineering,2,0,0,1,0,39.3,7.1,43.6,2,6,1,81.7,1,Startup,Analyst,46.74,81.7,0
S7794,8.05,Civil Engineering,3,0,1,0,0,67.3,4.8,49.9,2,4,1,68.1,1,Startup,Data Scientist,46.98,68.1,0
S7795,9.17,Electronics and Communication Engineering,3,0,0,0,0,94.4,7.4,79.2,1,5,0,56.7,1,Startup,Software Engineer,46.53,56.7,0
S7796,5.68,Information Technology,3,1,0,0,0,39.9,6.9,95.9,1,5,0,70.7,0,Not placed,Not placed,,70.7,0
S7797,8.29,Mechanical Engineering,1,0,0,0,1,28.7,7.9,74.1,1,6,0,68.8,1,Startup,Software Engineer,43.38,68.8,0
S7798,8.77,Electronics and Communication Engineering,2,1,0,0,1,47.3,5.6,85.5,0,4,0,52.4,1,MNC,Data Scientist,61.47,52.4,0
S7799,8.56,Computer Science and Engineering,1,0,1,0,0,84.8,8.2,46.6,1,6,0,74.2,1,Startup,Web Developer,49.41,74.2,0
S7800,5.67,Computer Science and Engineering,3,1,0,1,1,71.1,5.0,97.1,2,5,0,85.6,1,MNC,Analyst,81.07,85.6,0
S7801,5.27,Computer Science and Engineering,1,1,1,0,1,81.7,7.2,47.5,2,2,0,83.7,1,MNC,Analyst,75.42,83.7,0
S7802,5.54,Civil Engineering,3,1,1,0,0,1.0,9.1,77.3,0,4,0,69.1,0,Not placed,Not placed,,69.1,0
S7803,7.66,Computer Science and Engineering,1,1,1,0,0,70.2,5.9,54.3,2,3,0,71.5,1,MNC,Analyst,76.14,71.5,0
S7804,7.22,Mechanical Engineering,3,1,1,1,0,94.4,7.8,46.1,2,6,1,100.0,1,MNC,Data Scientist,90.39,101.7,1
S7805,5.15,Mechanical Engineering,2,0,1,0,0,51.5,6.2,86.2,1,1,0,47.6,1,Startup,Analyst,44.54,47.6,0
S7806,5.58,Information Technology,2,1,0,0,0,11.1,8.7,75.2,1,6,0,77.9,1,Startup,Analyst,45.84,77.9,0
S7807,8.29,Information Technology,1,1,1,0,1,9.8,5.4,57.6,1,6,0,88.6,1,MNC,Analyst,87.65,88.6,0
S7808,7.39,Electrical and Electronics Engineering,1,1,0,1,0,24.7,5.6,43.8,0,2,3,45.5,0,Not placed,Not placed,,45.5,0
S7809,8.55,Computer Science and Engineering,1,0,1,0,1,79.6,8.1,78.6,0,1,0,46.2,1,MNC,Web Developer,88.54,46.2,0
S7810,6.94,Electrical and Electronics Engineering,3,0,0,0,0,83.9,9.7,96.1,0,4,2,52.0,0,Not placed,Not placed,,52.0,0
S7811,6.78,Mechanical Engineering,1,0,1,0,0,64.0,6.0,83.8,3,5,1,78.6,1,Startup,Software Engineer,45.62,78.6,0
S7812,8.38,Electrical and Electronics Engineering,3,0,0,0,1,26.2,5.1,84.4,1,6,0,66.0,0,Not placed,Not placed,,66.0,0
S7813,7.71,Electrical and Electronics Engineering,3,1,0,0,0,47.5,5.7,71.1,1,4,0,58.0,1,Startup,Software Engineer,44.63,58.0,0
S7814,9.19,Computer Science and Engineering,3,0,1,0,0,72.4,9.9,64.1,0,2,2,49.5,1,Startup,Web Developer,49.77,49.5,0
S7815,8.31,Civil Engineering,2,0,1,0,1,66.8,7.7,94.3,2,2,0,71.3,1,MNC,Web Developer,93.83,71.3,0
S7816,5.3,Electronics and Communication Engineering,1,0,0,1,1,78.2,9.5,47.2,1,5,0,86.1,1,Mid-size,Data Scientist,70.39,86.1,0
S7817,6.88,Electrical and Electronics Engineering,3,1,1,0,0,16.3,5.7,94.1,0,4,1,61.9,0,Not placed,Not placed,,61.9,0
S7818,6.55,Electronics and Communication Engineering,3,0,0,0,0,83.2,4.7,97.8,0,5,0,34.3,1,Startup,Data Scientist,38.15,34.3,0
S7819,5.7,Civil Engineering,1,1,0,0,0,42.6,8.8,48.5,0,1,0,44.5,1,Startup,Data Scientist,47.15,44.5,0
S7820,9.1,Mechanical Engineering,2,0,1,1,1,81.3,8.7,81.0,0,3,1,66.2,1,Mid-size,Analyst,67.74,66.2,0
S7821,6.98,Mechanical Engineering,3,0,1,0,0,89.7,5.5,60.9,0,6,0,52.5,1,Startup,Analyst,49.08,52.5,0
S7822,7.81,Information Technology,1,1,1,0,0,47.0,4.5,55.7,1,1,0,52.3,1,MNC,Software Engineer,77.22,52.3,0
S7823,5.75,Electrical and Electronics Engineering,2,0,1,1,0,5.6,8.0,62.1,2,1,0,64.1,1,MNC,Web Developer,74.54,64.1,0
S7824,8.01,Electrical and Electronics Engineering,1,1,1,0,0,98.3,9.7,49.4,1,5,2,89.0,1,Mid-size,Analyst,68.69,89.0,0
S7825,5.77,Electronics and Communication Engineering,1,1,1,0,1,41.2,4.2,50.7,3,4,0,95.3,1,MNC,Data Scientist,69.7,95.3,0
S7826,8.13,Information Technology,3,0,1,0,0,16.6,9.3,60.7,0,1,2,39.2,0,Not placed,Not placed,,39.2,0
S7827,6.3,Electronics and Communication Engineering,1,1,1,0,0,59.1,4.4,85.5,0,1,0,38.0,1,Mid-size,Software Engineer,61.89,38.0,0
S7828,5.3,Electrical and Electronics Engineering,1,1,1,1,0,63.7,7.8,46.7,2,4,0,88.8,1,Mid-size,Web Developer,62.88,88.8,0
S7829,8.93,Electronics and Communication Engineering,2,1,1,0,0,61.8,9.3,83.6,1,5,0,85.1,1,MNC,Data Scientist,93.99,85.1,0
S7830,6.4,Electrical and Electronics Engineering,1,1,0,1,1,95.1,9.1,86.3,1,2,0,75.8,1,Top Tech,Analyst,118.89,75.8,0
S7831,8.04,Computer Science and Engineering,2,1,1,1,0,60.3,6.5,67.0,1,3,1,76.3,1,MNC,Analyst,84.12,76.3,0
S7832,6.2,Information Technology,3,1,1,0,1,7.4,4.1,49.0,1,1,1,53.2,0,Not placed,Not placed,,53.2,0
S7833,5.69,Computer Science and Engineering,3,0,1,0,1,66.3,5.6,95.3,3,4,0,86.3,1,Mid-size,Data Scientist,56.57,86.3,0
S7834,5.78,Civil Engineering,3,1,0,0,0,82.5,5.4,53.5,0,6,1,60.5,1,Startup,Data Scientist,49.04,60.5,0
S7835,9.66,Information Technology,1,1,1,0,0,24.5,5.0,70.5,1,6,0,70.8,1,Mid-size,Analyst,56.68,70.8,0
S7836,9.68,Electronics and Communication Engineering,1,1,0,0,0,22.2,8.9,75.0,1,6,0,76.4,1,Startup,Software Engineer,43.46,76.4,0
S7837,5.84,Computer Science and Engineering,3,1,1,0,0,87.5,5.1,94.5,2,2,0,64.5,1,MNC,Software Engineer,90.35,64.5,0
S7838,6.73,Mechanical Engineering,1,0,1,1,1,78.9,5.6,84.4,0,6,0,77.1,1,Top Tech,Web Developer,96.41,77.1,0
S7839,8.17,Civil Engineering,1,1,0,0,0,95.2,9.2,54.2,0,1,0,45.9,1,Startup,Analyst,38.97,45.9,0
S7840,7.33,Information Technology,1,1,1,0,0,90.7,7.0,45.8,1,2,2,65.0,1,Mid-size,Web Developer,75.12,65.0,0
S7841,6.21,Mechanical Engineering,2,0,1,1,0,79.2,6.8,85.1,0,6,1,67.6,1,MNC,Data Scientist,86.2,67.6,0
S7842,9.14,Computer Science and Engineering,1,0,0,0,0,51.1,5.2,92.3,0,3,0,29.3,1,Startup,Software Engineer,44.08,29.3,0
S7843,9.01,Computer Science and Engineering,2,1,0,0,0,22.1,6.2,98.6,2,1,0,52.5,1,Startup,Web Developer,47.73,52.5,0
S7844,7.85,Electrical and Electronics Engineering,1,1,0,0,1,84.3,4.7,89.9,2,5,0,76.9,1,MNC,Data Scientist,94.59,76.9,0
S7845,6.9,Mechanical Engineering,1,0,0,0,1,6.7,9.3,91.5,0,2,1,52.9,1,Startup,Analyst,38.83,52.9,0
S7846,6.72,Civil Engineering,2,1,0,0,0,44.2,7.6,80.0,1,6,0,76.6,1,Startup,Web Developer,43.38,76.6,0
S7847,7.24,Electronics and Communication Engineering,3,1,1,0,0,67.8,7.8,75.5,3,6,0,100.0,1,MNC,Web Developer,95.89,100.9,1
S7848,5.54,Electronics and Communication Engineering,3,1,1,1,0,70.2,7.1,59.1,1,6,0,86.7,1,MNC,Data Scientist,81.33,86.7,0
S7849,8.97,Computer Science and Engineering,1,0,1,0,0,39.0,6.4,48.7,2,5,1,75.0,1,Startup,Web Developer,47.78,75.0,0
S7850,8.66,Electronics and Communication Engineering,1,1,1,0,0,96.5,6.8,93.5,0,2,0,52.6,1,MNC,Web Developer,85.98,52.6,0
S7851,6.8,Computer Science and Engineering,1,0,1,1,0,40.7,6.1,61.3,1,1,0,55.9,1,Mid-size,Data Scientist,67.42,55.9,0
S7852,6.6,Electrical and Electronics Engineering,3,1,1,1,1,34.7,6.6,85.9,1,6,3,100.0,1,MNC,Data Scientist,83.39,103.2,1
S7853,6.49,Computer Science and Engineering,3,1,1,0,1,44.5,6.6,51.0,0,1,0,55.4,1,Mid-size,Data Scientist,50.71,55.4,0
S7854,7.13,Electrical and Electronics Engineering,2,0,1,0,0,62.7,6.2,59.1,1,2,0,52.8,1,Startup,Analyst,41.2,52.8,0
S7855,9.67,Mechanical Engineering,1,1,0,0,1,53.2,5.5,59.4,1,2,0,51.7,1,MNC,Software Engineer,76.93,51.7,0
S7856,7.74,Electronics and Communication Engineering,2,0,1,0,0,72.2,9.3,84.8,3,5,0,93.8,1,Startup,Web Developer,51.32,93.8,0
S7857,5.87,Computer Science and Engineering,3,1,0,1,1,5.1,6.4,87.0,1,5,0,80.8,1,MNC,Data Scientist,67.76,80.8,0
S7858,7.29,Computer Science and Engineering,2,1,1,0,0,58.9,6.9,44.9,1,1,0,51.5,1,MNC,Software Engineer,75.93,51.5,0
S7859,5.43,Computer Science and Engineering,2,1,1,0,0,41.2,4.9,45.6,1,3,1,59.9,1,MNC,Data Scientist,71.81,59.9,0
S7860,8.0,Information Technology,3,0,0,1,0,97.8,6.4,69.0,0,1,1,38.1,0,Not placed,Not placed,,38.1,0
S7861,5.2,Mechanical Engineering,1,0,1,0,1,83.3,8.9,75.0,0,2,0,56.0,1,MNC,Data Scientist,81.92,56.0,0
S7862,9.97,Information Technology,2,1,1,1,0,38.3,7.3,63.7,2,5,0,97.6,1,MNC,Data Scientist,88.68,97.6,0
S7863,5.77,Computer Science and Engineering,3,1,0,0,0,23.4,5.6,51.2,2,3,0,60.1,0,Not placed,Not placed,,60.1,0
S7864,7.29,Mechanical Engineering,3,1,0,0,0,75.8,5.5,43.5,0,5,0,48.8,1,Startup,Data Scientist,36.94,48.8,0
S7865,8.27,Computer Science and Engineering,2,0,1,1,0,87.4,8.4,89.4,2,2,0,79.3,1,MNC,Software Engineer,69.5,79.3,0
S7866,8.88,Mechanical Engineering,3,1,0,0,0,8.7,8.1,96.9,1,2,0,56.1,0,Not placed,Not placed,,56.1,0
S7867,5.77,Electrical and Electronics Engineering,3,1,0,0,1,80.9,9.7,92.0,0,2,0,58.3,1,Mid-size,Software Engineer,59.39,58.3,0
S7868,5.69,Civil Engineering,2,0,1,1,1,35.7,5.6,69.2,0,4,0,65.8,1,Mid-size,Software Engineer,65.87,65.8,0
S7869,8.93,Electrical and Electronics Engineering,1,1,1,0,0,29.3,4.6,40.3,0,1,0,43.0,1,MNC,Software Engineer,78.27,43.0,0
S7870,7.34,Mechanical Engineering,2,1,0,0,1,48.3,6.3,44.0,3,4,1,85.6,1,MNC,Data Scientist,96.32,85.6,0
S7871,8.5,Mechanical Engineering,2,1,0,0,0,53.5,7.3,88.5,2,4,1,67.1,1,Startup,Analyst,51.07,67.1,0
S7872,9.44,Mechanical Engineering,3,1,1,0,0,6.6,8.7,70.2,3,5,0,99.5,1,MNC,Software Engineer,79.74,99.5,0
S7873,5.33,Civil Engineering,3,1,1,0,0,41.8,8.2,83.2,1,2,0,68.9,0,Not placed,Not placed,,68.9,0
S7874,5.47,Electronics and Communication Engineering,3,1,0,1,0,63.1,6.2,46.8,2,1,0,61.4,1,MNC,Web Developer,90.76,61.4,0
S7875,8.59,Civil Engineering,2,0,0,1,0,30.8,4.9,74.9,0,6,0,51.7,1,Startup,Data Scientist,42.52,51.7,0
S7876,9.55,Civil Engineering,3,1,0,0,1,41.7,5.9,97.5,1,1,0,55.5,1,Mid-size,Software Engineer,70.04,55.5,0
S7877,9.05,Electrical and Electronics Engineering,3,1,1,1,0,83.2,8.7,51.7,0,4,0,71.1,1,Mid-size,Software Engineer,57.79,71.1,0
S7878,9.4,Civil Engineering,1,0,0,1,1,60.6,6.3,64.9,1,6,1,79.9,1,Mid-size,Analyst,58.96,79.9,0
S7879,6.18,Information Technology,2,1,1,0,0,64.8,5.9,99.3,2,2,0,70.8,1,MNC,Data Scientist,83.01,70.8,0
S7880,7.15,Computer Science and Engineering,3,1,0,0,1,80.2,8.7,41.2,1,2,0,70.9,1,Mid-size,Web Developer,49.65,70.9,0
S7881,6.67,Mechanical Engineering,1,1,0,1,0,44.4,5.9,45.9,2,6,0,84.2,1,MNC,Web Developer,67.79,84.2,0
S7882,9.27,Information Technology,3,1,1,0,0,27.4,4.9,45.7,0,6,0,66.6,1,Mid-size,Analyst,62.87,66.6,0
S7883,9.13,Electronics and Communication Engineering,2,1,0,0,1,78.2,9.6,45.2,0,2,0,61.5,1,MNC,Software Engineer,87.48,61.5,0
S7884,8.36,Civil Engineering,1,1,1,0,1,89.2,4.4,94.5,0,5,0,65.6,1,Top Tech,Data Scientist,85.5,65.6,0
S7885,6.28,Information Technology,3,1,1,0,0,49.9,6.6,57.7,1,3,0,67.2,1,MNC,Web Developer,87.93,67.2,0
S7886,6.8,Information Technology,1,1,1,0,0,68.5,8.7,88.4,1,4,0,72.6,1,MNC,Software Engineer,73.91,72.6,0
S7887,9.54,Information Technology,3,1,1,1,0,5.9,6.5,62.6,1,4,2,78.4,1,MNC,Data Scientist,87.39,78.4,0
S7888,6.86,Mechanical Engineering,2,1,1,1,0,9.5,4.6,72.7,0,1,0,46.3,1,MNC,Data Scientist,65.86,46.3,0
S7889,8.6,Civil Engineering,1,1,1,0,1,59.5,9.8,65.8,2,5,0,100.0,1,MNC,Data Scientist,90.93,103.2,1
S7890,8.23,Civil Engineering,1,1,1,1,0,87.6,9.8,71.1,1,4,1,89.7,1,Top Tech,Software Engineer,119.38,89.7,0
S7891,6.52,Electronics and Communication Engineering,1,0,0,1,0,13.3,8.1,89.9,1,2,1,52.0,1,Startup,Analyst,43.35,52.0,0
S7892,9.07,Electronics and Communication Engineering,2,1,1,0,0,35.4,5.1,50.7,0,3,0,49.5,1,MNC,Analyst,84.14,49.5,0
S7893,8.45,Civil Engineering,1,1,1,0,0,86.8,4.9,58.3,0,6,0,68.9,1,Mid-size,Data Scientist,61.37,68.9,0
S7894,8.23,Civil Engineering,3,1,1,1,1,52.2,7.5,50.4,1,5,0,100.0,1,MNC,Software Engineer,94.14,100.2,1
S7895,6.19,Computer Science and Engineering,2,1,1,0,1,22.1,5.1,57.0,1,3,0,67.0,1,MNC,Analyst,86.31,67.0,0
S7896,5.43,Mechanical Engineering,3,1,1,1,0,25.6,7.4,40.3,1,1,1,64.7,1,MNC,Data Scientist,88.48,64.7,0
S7897,9.47,Civil Engineering,1,1,0,1,1,97.8,6.7,73.3,2,5,0,93.8,1,Top Tech,Data Scientist,92.35,93.8,0
S7898,6.83,Civil Engineering,3,0,0,0,1,47.6,4.3,90.5,1,6,1,58.5,0,Not placed,Not placed,,58.5,0
S7899,5.95,Civil Engineering,1,1,0,0,1,54.0,8.6,71.2,0,5,1,68.0,1,Mid-size,Data Scientist,62.94,68.0,0
S7900,8.46,Computer Science and Engineering,3,0,1,0,0,44.1,5.1,41.5,0,1,0,30.4,0,Not placed,Not placed,,30.4,0
S7901,7.45,Information Technology,1,1,1,0,1,45.8,8.2,46.6,2,6,3,100.0,1,MNC,Analyst,80.45,106.5,1
S7902,9.18,Civil Engineering,3,1,0,1,0,99.0,5.6,92.9,0,5,0,58.1,1,Mid-size,Data Scientist,51.98,58.1,0
S7903,7.65,Information Technology,1,0,1,0,0,46.3,7.8,72.2,0,5,0,63.4,1,Startup,Data Scientist,49.54,63.4,0
S7904,9.79,Civil Engineering,2,1,1,1,1,48.1,6.8,83.7,1,1,0,74.0,1,Mid-size,Web Developer,66.82,74.0,0
S7905,6.97,Electronics and Communication Engineering,1,0,1,1,1,19.3,4.8,49.7,0,5,0,67.7,1,MNC,Software Engineer,76.9,67.7,0
S7906,9.98,Information Technology,2,1,0,0,0,68.3,6.9,47.5,1,2,0,50.9,1,Startup,Data Scientist,52.55,50.9,0
S7907,5.37,Computer Science and Engineering,1,0,0,0,0,2.1,8.7,78.9,0,2,0,39.2,0,Not placed,Not placed,,39.2,0
S7908,5.67,Mechanical Engineering,1,1,1,1,0,20.6,9.4,53.3,1,5,1,98.2,1,MNC,Web Developer,71.93,98.2,0
S7909,7.78,Electronics and Communication Engineering,1,1,0,0,0,57.2,4.4,46.1,0,6,0,48.7,1,Startup,Web Developer,49.0,48.7,0
S7910,6.06,Electronics and Communication Engineering,2,0,0,0,0,57.6,7.4,42.2,1,5,0,56.1,0,Not placed,Not placed,,56.1,0
S7911,8.98,Information Technology,1,0,1,0,0,76.8,4.7,58.9,1,1,1,42.7,1,Startup,Software Engineer,40.02,42.7,0
S7912,5.87,Electronics and Communication Engineering,3,1,1,0,1,65.3,6.3,42.0,0,6,0,75.8,1,MNC,Data Scientist,64.95,75.8,0
S7913,8.02,Electrical and Electronics Engineering,2,0,1,0,0,52.4,5.4,65.6,0,3,1,41.0,1,Startup,Web Developer,41.52,41.0,0
S7914,5.7,Electronics and Communication Engineering,2,1,1,1,0,91.8,5.1,76.3,1,2,0,64.2,1,MNC,Software Engineer,74.82,64.2,0
S7915,8.09,Mechanical Engineering,3,1,1,0,0,32.3,9.3,84.0,0,6,0,76.7,1,MNC,Data Scientist,70.1,76.7,0
S7916,7.93,Information Technology,1,1,1,1,1,6.3,8.9,47.1,0,5,0,87.7,1,Mid-size,Software Engineer,54.6,87.7,0
S7917,9.53,Civil Engineering,1,1,0,0,0,12.4,8.8,88.2,3,2,0,76.8,1,Startup,Software Engineer,45.67,76.8,0
S7918,6.22,Electrical and Electronics Engineering,3,1,0,1,0,54.1,7.9,87.3,2,2,0,71.2,1,MNC,Software Engineer,74.9,71.2,0
S7919,8.62,Electrical and Electronics Engineering,2,1,1,0,0,64.7,9.8,79.5,0,5,1,70.4,1,Mid-size,Web Developer,64.45,70.4,0
S7920,5.37,Mechanical Engineering,1,1,1,0,0,10.6,6.5,48.2,0,2,0,51.2,1,Mid-size,Data Scientist,49.87,51.2,0
S7921,8.91,Mechanical Engineering,3,0,1,1,1,68.2,9.5,77.2,1,4,1,84.4,1,MNC,Data Scientist,74.01,84.4,0
S7922,9.52,Computer Science and Engineering,1,1,1,0,1,73.7,4.1,88.9,2,6,0,93.8,1,Mid-size,Analyst,56.09,93.8,0
S7923,5.89,Information Technology,3,1,0,0,0,56.8,5.9,41.0,1,5,0,65.1,1,Startup,Analyst,46.75,65.1,0
S7924,8.26,Computer Science and Engineering,3,0,0,1,0,3.2,7.6,42.1,1,1,0,49.9,0,Not placed,Not placed,,49.9,0
S7925,7.43,Electrical and Electronics Engineering,2,1,1,0,1,72.7,6.5,51.1,1,4,0,75.0,1,MNC,Data Scientist,87.91,75.0,0
S7926,9.56,Information Technology,3,0,1,0,1,71.6,5.2,50.4,0,6,1,63.5,1,MNC,Software Engineer,75.6,63.5,0
S7927,8.92,Information Technology,1,0,1,0,0,83.1,7.3,66.8,2,5,3,75.6,1,Startup,Web Developer,54.41,75.6,0
S7928,8.9,Electrical and Electronics Engineering,1,1,1,0,0,93.7,7.9,48.0,0,4,0,61.8,1,MNC,Software Engineer,79.65,61.8,0
S7929,5.74,Electronics and Communication Engineering,2,1,0,0,0,21.5,9.0,95.7,0,3,0,50.2,1,Startup,Analyst,34.37,50.2,0
S7930,5.03,Electrical and Electronics Engineering,2,0,0,1,1,19.9,8.2,61.1,2,6,0,90.0,1,MNC,Web Developer,88.7,90.0,0
S7931,7.96,Computer Science and Engineering,2,0,0,0,0,53.5,6.2,84.4,0,4,0,43.0,1,Startup,Data Scientist,39.61,43.0,0
S7932,7.64,Civil Engineering,2,1,1,0,1,26.0,6.2,74.4,3,3,0,92.0,1,Mid-size,Data Scientist,69.1,92.0,0
S7933,7.51,Computer Science and Engineering,3,1,1,1,0,64.2,7.8,86.0,1,5,1,83.6,1,MNC,Web Developer,72.76,83.6,0
S7934,5.77,Electronics and Communication Engineering,2,0,0,1,0,1.5,8.8,75.2,0,4,0,57.3,0,Not placed,Not placed,,57.3,0
S7935,7.61,Computer Science and Engineering,2,1,1,0,1,7.7,7.3,99.9,0,5,1,76.4,1,MNC,Analyst,66.01,76.4,0
S7936,5.66,Electronics and Communication Engineering,2,1,1,0,0,56.0,7.4,92.3,0,6,0,77.1,1,MNC,Software Engineer,71.96,77.1,0
S7937,6.66,Electrical and Electronics Engineering,2,1,1,0,0,87.2,4.9,59.8,1,1,0,49.0,1,Mid-size,Web Developer,62.47,49.0,0
S7938,8.26,Information Technology,3,0,0,0,1,57.9,6.0,43.9,0,3,1,47.7,0,Not placed,Not placed,,47.7,0
S7939,8.34,Electronics and Communication Engineering,3,0,1,0,1,66.8,8.3,94.2,0,6,0,74.2,1,Mid-size,Data Scientist,65.41,74.2,0
S7940,7.01,Civil Engineering,1,1,0,0,1,8.6,8.9,46.6,1,4,1,72.3,1,MNC,Web Developer,66.71,72.3,0
S7941,9.42,Electronics and Communication Engineering,1,0,1,0,0,39.6,9.2,72.3,2,6,0,85.8,1,Startup,Analyst,46.99,85.8,0
S7942,6.92,Civil Engineering,3,1,1,0,1,94.2,7.6,80.3,0,1,0,56.9,1,MNC,Web Developer,74.56,56.9,0
S7943,6.17,Information Technology,2,1,0,0,1,65.0,6.4,41.4,2,1,1,67.5,1,MNC,Data Scientist,75.72,67.5,0
S7944,6.59,Information Technology,1,0,1,0,0,22.4,5.5,58.5,0,2,1,39.5,0,Not placed,Not placed,,39.5,0
S7945,5.23,Electrical and Electronics Engineering,1,1,1,0,1,49.1,7.5,60.2,0,4,0,68.4,1,Mid-size,Web Developer,62.01,68.4,0
S7946,9.55,Computer Science and Engineering,1,0,1,0,1,11.7,5.1,52.8,1,1,0,47.8,1,Mid-size,Analyst,68.64,47.8,0
S7947,5.06,Information Technology,2,0,0,0,0,92.8,9.3,51.4,1,6,0,66.3,1,Startup,Data Scientist,47.64,66.3,0
S7948,7.5,Electrical and Electronics Engineering,3,0,1,1,0,88.6,8.2,96.9,1,6,0,82.2,1,Mid-size,Data Scientist,66.64,82.2,0
S7949,8.26,Civil Engineering,2,0,1,1,1,88.3,6.2,82.3,0,3,2,63.9,1,MNC,Analyst,71.44,63.9,0
S7950,7.71,Electronics and Communication Engineering,3,1,1,1,1,82.1,9.2,68.1,1,3,0,96.3,1,MNC,Data Scientist,89.72,96.3,0
S7951,6.76,Computer Science and Engineering,3,0,0,0,0,6.7,9.5,94.0,2,3,0,61.2,0,Not placed,Not placed,,61.2,0
S7952,8.79,Mechanical Engineering,3,0,1,0,0,14.2,7.2,75.6,0,5,0,61.5,1,Startup,Software Engineer,35.66,61.5,0
S7953,6.96,Mechanical Engineering,3,1,1,0,0,58.9,8.0,55.9,0,5,0,69.4,1,Mid-size,Web Developer,63.74,69.4,0
S7954,5.3,Mechanical Engineering,3,1,1,1,0,29.2,8.0,70.9,1,5,1,88.0,1,Mid-size,Software Engineer,69.77,88.0,0
S7955,5.98,Civil Engineering,3,1,0,0,0,49.8,5.3,97.7,1,4,0,59.6,1,Startup,Web Developer,37.59,59.6,0
S7956,7.23,Information Technology,3,1,1,0,0,64.5,4.7,52.2,2,6,0,79.7,1,MNC,Data Scientist,73.78,79.7,0
S7957,7.99,Civil Engineering,2,1,0,0,1,5.0,5.8,66.5,0,4,0,62.0,1,Mid-size,Software Engineer,46.54,62.0,0
S7958,5.55,Civil Engineering,3,1,0,1,1,99.8,9.5,74.2,2,6,0,100.0,1,Mid-size,Web Developer,59.3,112.8,1
S7959,5.41,Electronics and Communication Engineering,1,1,1,0,0,11.1,6.1,76.6,0,4,0,63.2,1,Mid-size,Data Scientist,49.13,63.2,0
S7960,6.46,Mechanical Engineering,2,1,1,1,0,89.9,5.9,43.7,3,6,0,100.0,1,MNC,Data Scientist,80.32,103.0,1
S7961,8.21,Information Technology,3,1,1,0,0,4.2,4.8,97.3,0,2,2,41.0,0,Not placed,Not placed,,41.0,0
S7962,9.2,Electronics and Communication Engineering,2,1,1,0,1,35.4,6.2,87.6,1,4,0,80.1,1,Mid-size,Data Scientist,54.98,80.1,0
S7963,9.64,Electronics and Communication Engineering,3,1,1,0,0,16.3,9.3,51.9,2,6,0,93.2,1,MNC,Software Engineer,77.26,93.2,0
S7964,8.04,Electronics and Communication Engineering,3,1,1,0,1,94.8,8.7,79.4,1,1,0,67.2,1,MNC,Data Scientist,95.76,67.2,0
S7965,9.29,Information Technology,1,0,1,0,1,48.4,7.0,95.1,1,6,0,80.1,1,Mid-size,Analyst,52.74,80.1,0
S7966,8.88,Information Technology,1,0,0,0,0,73.4,5.2,81.4,0,1,0,20.3,0,Not placed,Not placed,,20.3,0
S7967,8.25,Civil Engineering,1,1,0,0,0,63.2,10.0,81.2,0,1,1,49.3,1,Startup,Software Engineer,45.63,49.3,0
S7968,8.61,Computer Science and Engineering,3,0,0,0,0,18.7,8.6,75.2,1,1,1,40.2,0,Not placed,Not placed,,40.2,0
S7969,7.84,Electronics and Communication Engineering,3,0,1,1,0,56.3,8.0,94.2,1,1,0,57.4,1,MNC,Web Developer,79.57,57.4,0
S7970,8.75,Electrical and Electronics Engineering,1,0,1,0,0,59.4,9.3,81.6,1,1,0,50.7,1,Startup,Analyst,44.15,50.7,0
S7971,5.38,Civil Engineering,2,0,1,0,1,52.7,5.5,97.9,2,3,1,67.0,1,MNC,Analyst,90.89,67.0,0
S7972,6.96,Electrical and Electronics Engineering,3,1,1,0,1,58.1,5.3,78.6,0,4,0,67.0,1,MNC,Web Developer,63.87,67.0,0
S7973,8.51,Civil Engineering,3,0,1,0,0,66.5,5.2,73.4,1,1,0,40.1,1,Startup,Analyst,48.62,40.1,0
S7974,9.96,Electrical and Electronics Engineering,2,1,0,0,1,77.7,7.0,52.3,3,4,0,90.9,1,MNC,Web Developer,73.0,90.9,0
S7975,5.05,Electrical and Electronics Engineering,3,1,1,1,0,71.3,8.4,86.7,1,3,0,84.0,1,MNC,Analyst,69.47,84.0,0
S7976,9.82,Civil Engineering,3,1,0,0,0,68.4,5.3,70.9,2,1,2,54.0,0,Not placed,Not placed,,54.0,0
S7977,8.32,Electronics and Communication Engineering,1,1,0,0,0,63.8,9.1,61.8,1,1,0,49.3,1,Startup,Analyst,40.81,49.3,0
S7978,6.39,Information Technology,2,0,0,1,1,33.1,9.5,66.3,0,5,0,77.3,1,MNC,Analyst,74.88,77.3,0
S7979,6.39,Mechanical Engineering,2,1,0,0,1,46.8,9.7,49.4,1,1,1,66.7,1,MNC,Analyst,89.09,66.7,0
S7980,6.87,Electrical and Electronics Engineering,2,0,1,1,0,99.5,5.3,74.2,1,3,0,58.9,1,Mid-size,Web Developer,61.41,58.9,0
S7981,8.09,Computer Science and Engineering,2,1,0,0,0,68.4,6.4,44.6,1,5,2,66.8,1,Startup,Data Scientist,48.25,66.8,0
S7982,7.22,Electronics and Communication Engineering,1,1,0,0,1,26.6,5.4,51.2,0,5,0,59.5,1,MNC,Software Engineer,67.71,59.5,0
S7983,9.57,Information Technology,2,0,1,1,1,58.3,7.2,42.8,2,2,1,79.7,1,Mid-size,Analyst,56.96,79.7,0
S7984,7.68,Electronics and Communication Engineering,1,1,0,0,1,18.0,8.9,74.7,0,2,0,59.8,1,Mid-size,Software Engineer,62.79,59.8,0
S7985,8.59,Mechanical Engineering,2,0,0,0,0,84.0,5.6,83.4,2,4,0,54.9,1,Startup,Analyst,46.66,54.9,0
S7986,7.32,Mechanical Engineering,1,0,1,0,0,19.7,4.7,45.7,2,2,0,52.8,1,Startup,Analyst,41.33,52.8,0
S7987,6.61,Information Technology,2,1,1,0,1,37.5,7.3,87.1,2,4,0,93.8,1,MNC,Data Scientist,82.75,93.8,0
S7988,6.59,Electronics and Communication Engineering,2,1,1,1,1,34.2,6.8,74.0,1,1,0,74.4,1,Mid-size,Web Developer,63.7,74.4,0
S7989,8.8,Electrical and Electronics Engineering,2,0,1,0,0,71.6,8.2,67.3,0,4,0,55.6,1,Startup,Web Developer,50.99,55.6,0
S7990,7.1,Information Technology,1,1,0,0,0,41.1,9.8,77.5,1,4,0,68.6,1,Startup,Data Scientist,39.74,68.6,0
S7991,7.5,Computer Science and Engineering,2,1,0,0,1,62.1,6.1,51.9,0,5,3,67.8,0,Not placed,Not placed,,67.8,0
S7992,6.53,Electronics and Communication Engineering,1,0,0,0,0,71.1,7.4,48.8,1,3,1,50.0,1,Startup,Data Scientist,44.37,50.0,0
S7993,9.63,Electronics and Communication Engineering,3,0,1,0,0,20.6,5.1,59.7,0,3,2,39.4,0,Not placed,Not placed,,39.4,0
S7994,6.89,Mechanical Engineering,1,1,0,0,0,87.0,7.6,74.2,1,1,0,44.0,1,Startup,Analyst,48.94,44.0,0
S7995,6.68,Information Technology,2,1,0,0,1,42.3,4.8,50.7,3,6,0,94.1,1,MNC,Software Engineer,92.77,94.1,0
S7996,5.68,Electronics and Communication Engineering,1,0,1,0,0,89.5,10.0,59.1,0,6,0,67.3,1,Startup,Analyst,52.06,67.3,0
S7997,7.2,Civil Engineering,3,1,1,0,1,27.6,6.4,87.9,1,4,1,78.0,1,MNC,Data Scientist,80.3,78.0,0
S7998,8.94,Information Technology,1,1,0,0,0,9.5,6.7,87.9,0,2,0,42.0,0,Not placed,Not placed,,42.0,0
S7999,7.38,Electrical and Electronics Engineering,1,1,1,0,0,62.0,5.7,54.9,0,5,0,60.7,1,MNC,Analyst,86.59,60.7,0
S8000,8.42,Electronics and Communication Engineering,2,1,1,0,0,21.8,4.8,80.3,0,6,0,64.1,1,MNC,Data Scientist,83.91,64.1,0
S8001,6.18,Civil Engineering,1,1,0,1,0,44.2,7.9,92.3,1,6,3,84.7,1,Mid-size,Web Developer,70.08,84.7,0
S8002,9.18,Mechanical Engineering,2,0,1,0,1,44.4,8.2,79.9,2,5,0,92.0,1,MNC,Data Scientist,72.67,92.0,0
S8003,7.02,Civil Engineering,2,1,0,0,1,19.1,4.3,84.6,0,5,2,56.6,0,Not placed,Not placed,,56.6,0
S8004,8.04,Information Technology,1,1,1,0,0,57.2,9.6,72.1,0,2,0,55.2,1,Mid-size,Software Engineer,54.45,55.2,0
S8005,7.7,Computer Science and Engineering,3,0,0,1,0,21.4,6.8,76.9,0,3,0,40.7,1,Startup,Software Engineer,38.92,40.7,0
S8006,8.13,Electrical and Electronics Engineering,3,1,0,0,1,61.1,8.6,43.7,0,5,0,67.6,1,Mid-size,Analyst,60.01,67.6,0
S8007,9.05,Information Technology,1,0,0,0,1,41.8,5.0,70.7,0,1,0,30.3,0,Not placed,Not placed,,30.3,0
S8008,5.18,Computer Science and Engineering,1,1,1,0,0,90.0,8.7,74.0,0,3,0,64.8,1,MNC,Analyst,75.26,64.8,0
S8009,9.55,Civil Engineering,3,0,1,1,1,8.7,7.3,61.3,0,6,0,85.4,1,Mid-size,Web Developer,62.52,85.4,0
S8010,9.87,Computer Science and Engineering,3,1,0,0,0,20.9,9.2,71.2,1,6,0,78.3,1,Startup,Analyst,52.59,78.3,0
S8011,6.07,Electronics and Communication Engineering,1,1,1,0,0,45.9,9.6,60.6,0,6,0,76.9,1,MNC,Data Scientist,78.49,76.9,0
S8012,9.39,Electronics and Communication Engineering,3,1,1,0,0,22.4,7.8,40.8,3,6,0,100.0,1,MNC,Analyst,87.45,100.6,1
S8013,7.57,Civil Engineering,1,1,1,0,0,84.3,8.2,99.3,0,3,0,64.4,1,MNC,Web Developer,85.42,64.4,0
S8014,5.69,Mechanical Engineering,2,1,0,1,0,17.5,9.1,43.1,1,4,1,73.9,0,Not placed,Not placed,,73.9,0
S8015,6.51,Electronics and Communication Engineering,2,0,1,0,1,65.6,8.8,76.2,3,4,0,95.1,1,MNC,Web Developer,74.86,95.1,0
S8016,5.59,Computer Science and Engineering,1,1,1,0,0,23.1,5.4,78.9,0,3,0,49.9,1,Mid-size,Web Developer,55.57,49.9,0
S8017,9.64,Information Technology,3,1,0,0,1,44.0,6.8,75.2,1,6,1,79.9,1,Mid-size,Data Scientist,71.25,79.9,0
S8018,7.05,Civil Engineering,3,1,0,1,1,72.2,8.0,83.2,0,2,0,60.0,1,MNC,Software Engineer,72.53,60.0,0
S8019,9.55,Civil Engineering,3,1,1,1,0,3.5,7.3,47.9,0,4,0,70.7,1,MNC,Web Developer,85.74,70.7,0
S8020,5.18,Electronics and Communication Engineering,3,0,0,1,0,82.5,5.9,48.9,1,5,1,62.6,1,Startup,Data Scientist,43.43,62.6,0
S8021,9.16,Information Technology,2,1,1,0,0,97.3,4.1,47.5,2,6,0,83.6,1,Mid-size,Web Developer,50.14,83.6,0
S8022,7.33,Electrical and Electronics Engineering,1,1,0,0,1,36.8,5.3,49.7,1,4,0,62.7,1,Mid-size,Web Developer,53.04,62.7,0
S8023,6.39,Electrical and Electronics Engineering,3,1,0,0,0,91.6,9.7,43.2,1,2,2,63.4,1,Startup,Analyst,52.16,63.4,0
S8024,6.05,Electrical and Electronics Engineering,1,0,0,1,0,21.0,7.5,53.9,1,4,1,63.8,1,Startup,Data Scientist,40.77,63.8,0
S8025,8.7,Electrical and Electronics Engineering,1,1,1,0,0,99.8,8.6,68.1,1,5,0,82.8,1,Mid-size,Software Engineer,70.76,82.8,0
S8026,9.07,Electronics and Communication Engineering,1,1,1,0,0,83.8,9.8,97.4,1,3,3,71.4,1,MNC,Software Engineer,81.44,71.4,0
S8027,9.39,Civil Engineering,3,0,1,1,0,57.6,5.1,48.2,1,3,0,64.7,1,Mid-size,Analyst,69.13,64.7,0
S8028,6.33,Information Technology,2,1,1,1,0,78.3,7.5,53.7,1,3,3,78.0,0,Not placed,Not placed,,78.0,0
S8029,7.87,Mechanical Engineering,1,1,1,0,0,20.6,4.5,62.7,2,5,0,82.9,1,Mid-size,Software Engineer,58.88,82.9,0
S8030,9.72,Electronics and Communication Engineering,2,0,0,1,0,61.0,4.4,71.4,1,5,0,58.4,1,Startup,Software Engineer,40.33,58.4,0
S8031,6.57,Computer Science and Engineering,1,1,0,0,0,72.0,4.6,81.7,0,1,1,31.0,1,Startup,Data Scientist,42.24,31.0,0
S8032,9.03,Electrical and Electronics Engineering,3,0,1,0,0,68.9,9.5,92.0,0,2,0,43.9,1,Startup,Data Scientist,49.1,43.9,0
S8033,6.62,Civil Engineering,1,1,1,0,0,26.4,8.4,65.3,0,3,0,55.3,1,Mid-size,Software Engineer,50.07,55.3,0
S8034,6.31,Electronics and Communication Engineering,1,1,1,0,0,56.0,7.3,88.3,0,6,0,76.1,1,MNC,Analyst,71.29,76.1,0
S8035,7.4,Electrical and Electronics Engineering,3,1,1,0,0,89.7,5.0,83.3,0,3,1,48.4,0,Not placed,Not placed,,48.4,0
S8036,5.26,Information Technology,1,0,1,0,0,8.9,9.2,69.1,1,3,0,67.4,1,Startup,Web Developer,37.96,67.4,0
S8037,6.45,Computer Science and Engineering,3,1,0,1,0,26.8,8.4,45.3,3,1,0,77.5,1,Mid-size,Analyst,53.41,77.5,0
S8038,9.66,Information Technology,3,1,0,0,0,87.6,5.2,49.0,0,1,0,33.2,0,Not placed,Not placed,,33.2,0
S8039,6.23,Civil Engineering,1,1,0,1,0,42.4,7.4,93.1,0,2,0,55.7,1,MNC,Data Scientist,68.59,55.7,0
S8040,5.97,Electrical and Electronics Engineering,3,0,1,1,0,79.9,7.1,47.0,0,5,0,64.9,1,MNC,Software Engineer,77.16,64.9,0
S8041,5.53,Electrical and Electronics Engineering,1,1,0,0,0,71.9,9.1,99.9,0,6,3,66.5,1,Startup,Software Engineer,48.24,66.5,0
S8042,7.75,Information Technology,1,0,0,1,0,19.0,5.2,42.1,2,3,0,59.5,1,Startup,Data Scientist,44.93,59.5,0
S8043,6.74,Electrical and Electronics Engineering,3,1,0,0,0,64.0,6.9,61.6,0,1,0,31.0,1,Startup,Analyst,44.24,31.0,0
S8044,7.57,Electronics and Communication Engineering,3,1,0,0,1,44.3,4.4,72.1,2,4,0,72.5,1,MNC,Data Scientist,72.48,72.5,0
S8045,5.46,Mechanical Engineering,2,1,1,0,0,91.2,7.8,90.4,2,5,0,88.9,1,MNC,Data Scientist,80.63,88.9,0
S8046,9.4,Civil Engineering,1,0,1,1,1,33.0,4.8,77.3,0,1,0,52.4,1,Mid-size,Data Scientist,51.19,52.4,0
S8047,6.01,Mechanical Engineering,3,1,1,1,1,93.7,7.5,48.9,3,5,2,100.0,1,MNC,Web Developer,95.91,114.9,1
S8048,6.57,Information Technology,2,0,1,1,0,7.1,8.4,83.7,0,1,3,52.3,0,Not placed,Not placed,,52.3,0
S8049,5.08,Information Technology,3,0,1,1,0,74.8,5.0,63.3,1,2,0,50.4,1,MNC,Analyst,79.85,50.4,0
S8050,8.41,Mechanical Engineering,2,0,1,0,0,91.2,8.1,44.5,2,5,0,81.6,1,Startup,Data Scientist,45.65,81.6,0
S8051,8.5,Information Technology,1,1,1,0,1,27.1,6.0,42.4,0,2,0,54.2,1,Mid-size,Data Scientist,64.86,54.2,0
S8052,7.27,Information Technology,3,0,1,1,1,27.4,5.6,99.3,0,4,0,71.6,1,MNC,Web Developer,79.22,71.6,0
S8053,6.13,Information Technology,3,1,0,1,1,36.6,6.8,78.4,0,4,0,69.3,1,MNC,Data Scientist,63.22,69.3,0
S8054,6.34,Mechanical Engineering,3,1,1,0,0,71.5,9.7,61.2,0,1,0,54.0,1,MNC,Data Scientist,69.45,54.0,0
S8055,8.03,Computer Science and Engineering,2,1,0,1,1,51.8,9.5,77.6,0,3,0,69.2,1,MNC,Analyst,75.72,69.2,0
S8056,5.55,Electrical and Electronics Engineering,3,1,0,0,0,0.5,8.2,62.3,2,6,1,86.0,1,Startup,Data Scientist,42.1,86.0,0
S8057,6.72,Electronics and Communication Engineering,1,1,0,1,1,25.3,8.9,46.1,0,5,0,86.4,1,Mid-size,Data Scientist,67.37,86.4,0
S8058,5.36,Information Technology,2,1,0,0,0,1.5,8.2,78.7,0,4,0,54.9,0,Not placed,Not placed,,54.9,0
S8059,7.0,Electrical and Electronics Engineering,1,1,0,1,0,13.9,8.4,84.7,1,3,0,69.4,1,Mid-size,Analyst,47.96,69.4,0
S8060,5.12,Computer Science and Engineering,2,0,1,0,0,83.6,8.2,52.1,3,2,0,73.1,1,Startup,Web Developer,43.58,73.1,0
S8061,6.46,Computer Science and Engineering,1,1,0,1,1,61.9,4.1,94.4,2,6,0,90.2,1,MNC,Web Developer,67.8,90.2,0
S8062,9.08,Computer Science and Engineering,3,1,1,0,1,65.0,5.8,56.0,3,6,0,100.0,1,MNC,Data Scientist,76.69,111.9,1
S8063,8.52,Electrical and Electronics Engineering,3,0,0,1,1,54.5,6.2,41.9,1,6,0,75.2,1,Mid-size,Web Developer,53.48,75.2,0
S8064,5.96,Computer Science and Engineering,3,0,0,0,0,5.5,7.2,42.8,1,4,0,55.9,0,Not placed,Not placed,,55.9,0
S8065,8.16,Information Technology,1,0,1,1,1,56.6,9.2,87.6,1,3,0,80.7,1,Mid-size,Web Developer,75.83,80.7,0
S8066,9.15,Computer Science and Engineering,1,1,0,0,0,2.8,7.5,51.3,1,3,1,61.2,0,Not placed,Not placed,,61.2,0
S8067,5.39,Computer Science and Engineering,2,1,1,0,1,35.2,6.5,59.4,1,3,0,74.1,1,MNC,Software Engineer,89.79,74.1,0
S8068,6.83,Information Technology,2,1,0,1,0,77.8,8.6,60.0,1,2,0,62.6,1,Mid-size,Software Engineer,60.1,62.6,0
S8069,7.84,Electronics and Communication Engineering,3,1,1,0,0,41.1,5.9,56.2,1,4,0,67.2,1,Mid-size,Data Scientist,56.72,67.2,0
S8070,7.78,Mechanical Engineering,3,0,0,1,1,41.1,9.4,75.2,2,5,3,90.3,1,MNC,Data Scientist,82.15,90.3,0
S8071,8.23,Civil Engineering,1,1,0,0,0,57.6,7.6,77.1,3,6,0,97.6,1,Startup,Web Developer,47.94,97.6,0
S8072,8.6,Civil Engineering,3,1,0,0,0,28.9,6.5,99.9,3,1,1,61.2,1,Startup,Web Developer,43.6,61.2,0
S8073,8.78,Civil Engineering,2,1,1,0,0,87.3,6.9,84.6,0,4,1,58.0,1,MNC,Analyst,81.75,58.0,0
S8074,9.63,Electrical and Electronics Engineering,2,1,1,0,0,13.1,9.9,88.7,0,6,0,78.1,1,Mid-size,Data Scientist,54.09,78.1,0
S8075,8.04,Electronics and Communication Engineering,2,0,1,0,1,67.1,8.8,45.7,0,6,0,74.0,1,Mid-size,Analyst,60.84,74.0,0
S8076,9.42,Information Technology,1,0,0,1,0,38.2,4.8,96.8,0,4,1,48.6,1,Startup,Data Scientist,43.26,48.6,0
S8077,7.69,Information Technology,3,0,1,0,0,82.4,4.0,91.8,1,2,0,46.1,1,Startup,Data Scientist,42.87,46.1,0
S8078,6.75,Information Technology,1,1,1,0,0,94.0,8.5,75.5,0,4,2,64.4,1,Mid-size,Software Engineer,67.85,64.4,0
S8079,8.22,Civil Engineering,1,0,0,0,1,67.1,6.5,64.0,1,6,1,68.4,1,Startup,Analyst,41.11,68.4,0
S8080,7.32,Electronics and Communication Engineering,1,0,1,0,1,80.7,6.5,90.0,0,2,1,46.7,1,MNC,Analyst,87.96,46.7,0
S8081,7.0,Mechanical Engineering,3,1,1,0,0,83.5,6.2,60.7,1,1,0,56.2,1,Mid-size,Data Scientist,56.77,56.2,0
S8082,9.82,Civil Engineering,3,0,0,0,1,77.9,6.6,70.4,3,4,0,80.9,1,Startup,Data Scientist,46.0,80.9,0
S8083,7.07,Information Technology,3,0,1,0,0,83.1,7.2,77.4,1,3,2,53.8,0,Not placed,Not placed,,53.8,0
S8084,7.83,Electronics and Communication Engineering,2,0,0,0,1,12.0,7.8,98.3,1,4,0,61.5,1,Startup,Software Engineer,46.84,61.5,0
S8085,9.2,Electrical and Electronics Engineering,1,1,1,0,1,7.9,4.6,58.4,0,1,0,51.4,1,MNC,Analyst,63.6,51.4,0
S8086,8.49,Information Technology,2,0,1,0,1,76.0,6.1,58.7,0,3,2,55.6,1,Mid-size,Software Engineer,57.05,55.6,0
S8087,5.3,Electrical and Electronics Engineering,1,1,1,1,1,27.1,4.6,67.6,1,3,0,74.2,1,Mid-size,Web Developer,55.44,74.2,0
S8088,6.74,Information Technology,1,1,0,1,1,24.0,9.7,62.9,1,3,0,88.6,1,MNC,Software Engineer,93.63,88.6,0
S8089,5.53,Mechanical Engineering,1,1,1,1,0,34.2,5.5,79.1,1,6,0,89.1,1,MNC,Analyst,76.42,89.1,0
S8090,8.87,Electrical and Electronics Engineering,3,1,1,0,0,13.3,8.5,75.0,0,4,0,68.3,1,Mid-size,Web Developer,63.33,68.3,0
S8091,7.09,Electronics and Communication Engineering,1,1,1,1,1,46.0,6.2,40.7,3,4,0,100.0,1,Mid-size,Data Scientist,68.63,105.5,1
S8092,6.88,Computer Science and Engineering,2,1,1,1,0,24.5,7.4,73.5,0,1,0,55.3,1,MNC,Analyst,87.99,55.3,0
S8093,8.14,Information Technology,3,1,1,0,1,49.5,8.4,89.4,0,3,1,70.8,1,MNC,Analyst,87.12,70.8,0
S8094,7.32,Computer Science and Engineering,3,1,1,0,0,69.0,7.9,94.4,0,4,0,64.5,1,Mid-size,Analyst,50.06,64.5,0
S8095,7.95,Information Technology,1,1,0,1,0,70.0,7.1,85.7,0,1,0,46.8,1,MNC,Software Engineer,77.62,46.8,0
S8096,9.54,Information Technology,2,1,1,0,0,54.6,9.8,83.9,0,3,1,60.2,1,Mid-size,Data Scientist,65.4,60.2,0
S8097,9.57,Electrical and Electronics Engineering,3,1,0,0,0,90.2,4.4,78.3,2,6,1,71.2,1,Startup,Software Engineer,52.03,71.2,0
S8098,9.15,Mechanical Engineering,2,0,0,1,1,24.4,4.2,85.0,0,3,2,50.8,0,Not placed,Not placed,,50.8,0
S8099,9.58,Civil Engineering,2,1,0,1,0,33.1,4.7,43.8,1,1,0,49.1,1,MNC,Data Scientist,67.36,49.1,0
S8100,7.84,Mechanical Engineering,3,1,0,0,1,84.2,9.6,96.4,0,4,0,66.8,1,MNC,Web Developer,78.58,66.8,0
S8101,9.9,Civil Engineering,2,1,1,1,0,30.6,4.9,99.6,0,6,0,75.7,1,Mid-size,Web Developer,63.17,75.7,0
S8102,9.03,Computer Science and Engineering,2,0,1,0,1,23.3,6.2,59.7,3,6,0,100.0,1,MNC,Analyst,94.88,101.2,1
S8103,6.23,Electrical and Electronics Engineering,1,0,1,0,0,95.8,6.0,47.4,0,1,1,30.7,1,Startup,Analyst,41.49,30.7,0
S8104,5.05,Electronics and Communication Engineering,2,1,0,1,1,51.4,9.2,48.0,0,4,0,80.9,1,Mid-size,Software Engineer,57.15,80.9,0
S8105,8.81,Information Technology,3,1,0,0,1,95.2,9.6,84.8,0,4,1,73.7,1,MNC,Software Engineer,97.39,73.7,0
S8106,5.36,Electronics and Communication Engineering,1,1,0,1,0,15.3,9.1,41.5,1,2,0,69.3,1,MNC,Web Developer,80.77,69.3,0
S8107,7.78,Civil Engineering,2,0,1,0,0,96.0,7.3,88.5,0,6,0,65.8,1,Startup,Software Engineer,51.12,65.8,0
S8108,5.03,Computer Science and Engineering,3,1,0,0,1,71.2,8.3,55.6,0,3,0,63.4,1,Mid-size,Analyst,59.38,63.4,0
S8109,5.22,Electronics and Communication Engineering,2,1,1,0,1,93.1,5.5,65.4,1,3,3,67.5,0,Not placed,Not placed,,67.5,0
S8110,5.82,Electronics and Communication Engineering,1,0,1,0,1,46.9,8.1,54.5,2,2,0,72.9,1,MNC,Software Engineer,77.01,72.9,0
S8111,5.45,Mechanical Engineering,3,1,1,0,1,52.7,5.3,94.2,0,2,3,57.3,0,Not placed,Not placed,,57.3,0
S8112,9.07,Electrical and Electronics Engineering,3,1,1,0,1,62.2,8.0,64.6,3,4,2,99.3,1,MNC,Data Scientist,88.45,99.3,0
S8113,6.54,Mechanical Engineering,2,0,0,0,1,59.2,9.1,53.4,0,3,1,49.7,1,Startup,Web Developer,36.01,49.7,0
S8114,6.57,Mechanical Engineering,2,1,1,0,0,69.2,7.7,67.8,0,5,0,71.1,1,MNC,Analyst,69.83,71.1,0
S8115,6.79,Information Technology,1,1,1,0,1,87.7,9.2,88.2,0,4,0,76.1,1,Top Tech,Web Developer,105.06,76.1,0
S8116,7.31,Computer Science and Engineering,1,1,0,1,1,52.2,9.1,47.0,1,2,0,80.0,1,Mid-size,Software Engineer,54.09,80.0,0
S8117,6.4,Electronics and Communication Engineering,1,0,1,0,0,7.7,5.3,95.7,0,1,1,34.8,0,Not placed,Not placed,,34.8,0
S8118,6.81,Electrical and Electronics Engineering,1,1,0,0,1,67.3,4.7,46.7,0,1,1,42.6,1,Mid-size,Software Engineer,56.38,42.6,0
S8119,8.59,Computer Science and Engineering,3,1,1,0,1,20.1,4.3,40.7,1,4,1,77.4,1,Mid-size,Web Developer,56.81,77.4,0
S8120,8.94,Computer Science and Engineering,1,0,1,0,0,32.9,9.7,75.4,3,6,0,97.7,1,Startup,Software Engineer,51.69,97.7,0
S8121,6.34,Information Technology,2,1,1,0,0,42.3,7.0,50.1,0,1,1,49.9,0,Not placed,Not placed,,49.9,0
S8122,7.14,Computer Science and Engineering,1,0,1,1,0,3.7,4.5,57.4,2,3,0,65.9,1,MNC,Data Scientist,66.79,65.9,0
S8123,7.09,Civil Engineering,2,1,1,1,1,47.6,4.5,85.3,0,2,0,62.3,1,MNC,Web Developer,78.5,62.3,0
S8124,7.98,Electrical and Electronics Engineering,3,1,1,0,0,97.0,4.8,84.6,0,1,1,43.8,0,Not placed,Not placed,,43.8,0
S8125,9.27,Mechanical Engineering,3,1,0,1,1,68.9,7.4,54.3,0,4,2,71.5,1,Mid-size,Web Developer,52.02,71.5,0
S8126,9.7,Electrical and Electronics Engineering,1,1,1,0,0,26.6,5.2,56.1,3,3,1,76.9,1,MNC,Web Developer,70.21,76.9,0
S8127,7.07,Information Technology,1,1,1,0,0,80.3,9.5,88.5,0,4,0,70.4,1,Mid-size,Data Scientist,53.24,70.4,0
S8128,5.01,Electrical and Electronics Engineering,2,1,1,1,0,14.8,9.8,89.6,1,6,0,98.0,1,MNC,Web Developer,73.51,98.0,0
S8129,8.29,Information Technology,1,0,1,0,1,2.6,7.9,96.9,2,4,1,88.1,1,Mid-size,Data Scientist,70.54,88.1,0
S8130,8.46,Information Technology,2,0,0,0,0,11.5,8.7,54.1,0,1,0,26.6,0,Not placed,Not placed,,26.6,0
S8131,5.41,Civil Engineering,2,0,1,0,0,4.1,4.1,83.9,1,3,0,50.8,0,Not placed,Not placed,,50.8,0
S8132,8.9,Civil Engineering,1,0,1,0,0,87.5,5.5,84.3,0,4,1,48.9,1,Startup,Web Developer,45.29,48.9,0
S8133,8.34,Electronics and Communication Engineering,3,0,1,1,0,34.0,7.4,59.9,0,6,0,76.1,1,Mid-size,Web Developer,60.35,76.1,0
S8134,8.86,Civil Engineering,3,1,1,0,0,37.6,6.9,72.8,2,1,0,65.4,1,Mid-size,Web Developer,55.93,65.4,0
S8135,7.16,Electronics and Communication Engineering,1,1,1,0,0,68.8,6.8,91.3,1,4,0,68.1,1,MNC,Data Scientist,72.37,68.1,0
S8136,5.87,Civil Engineering,3,1,1,0,0,55.1,7.3,69.4,2,2,1,69.1,1,MNC,Analyst,89.32,69.1,0
S8137,5.19,Information Technology,1,1,0,0,0,7.6,6.9,57.3,2,3,0,63.9,1,Startup,Software Engineer,40.01,63.9,0
S8138,8.95,Civil Engineering,2,0,0,1,1,39.9,6.3,98.5,0,2,0,47.2,1,MNC,Analyst,76.59,47.2,0
S8139,5.86,Electronics and Communication Engineering,1,1,1,0,1,9.3,5.0,93.4,3,2,0,86.7,1,Mid-size,Software Engineer,72.39,86.7,0
S8140,8.63,Mechanical Engineering,3,1,0,0,1,45.3,9.0,75.1,1,2,0,69.8,1,Mid-size,Analyst,59.41,69.8,0
S8141,7.93,Information Technology,1,1,1,0,0,91.6,10.0,84.3,0,5,2,79.7,1,MNC,Software Engineer,77.25,79.7,0
S8142,6.06,Information Technology,1,0,0,0,0,22.5,7.2,72.6,0,4,1,38.2,1,Startup,Data Scientist,38.31,38.2,0
S8143,7.12,Computer Science and Engineering,3,1,0,0,0,45.6,5.3,92.6,0,5,0,47.9,0,Not placed,Not placed,,47.9,0
S8144,8.9,Computer Science and Engineering,2,0,0,0,1,25.3,5.1,98.2,1,6,0,63.3,1,Startup,Software Engineer,38.39,63.3,0
S8145,7.73,Electronics and Communication Engineering,2,1,1,0,0,31.3,9.2,71.8,0,5,0,68.2,1,Mid-size,Web Developer,61.37,68.2,0
S8146,6.09,Electronics and Communication Engineering,2,1,1,0,1,34.7,6.4,86.8,1,4,0,82.0,1,Mid-size,Web Developer,53.71,82.0,0
S8147,5.25,Electronics and Communication Engineering,2,1,0,1,1,43.0,4.1,45.6,0,3,0,58.8,1,Mid-size,Software Engineer,46.76,58.8,0
S8148,5.98,Civil Engineering,1,1,1,0,0,38.7,8.7,75.7,1,2,0,70.5,1,Mid-size,Software Engineer,50.69,70.5,0
S8149,7.28,Information Technology,2,1,1,0,0,85.8,9.0,80.0,0,2,0,59.6,1,Mid-size,Web Developer,59.33,59.6,0
S8150,9.81,Electrical and Electronics Engineering,2,1,0,1,0,1.5,6.3,88.6,0,2,0,53.0,0,Not placed,Not placed,,53.0,0
S8151,8.84,Electronics and Communication Engineering,3,1,1,1,0,67.5,7.5,75.5,0,4,0,76.0,1,MNC,Web Developer,79.43,76.0,0
S8152,8.73,Electrical and Electronics Engineering,2,0,1,0,0,80.9,7.0,87.8,0,5,0,56.3,1,Startup,Analyst,44.51,56.3,0
S8153,7.59,Mechanical Engineering,2,0,0,0,1,25.8,6.8,73.9,0,4,0,48.6,0,Not placed,Not placed,,48.6,0
S8154,8.51,Mechanical Engineering,2,1,1,0,0,92.3,5.3,81.1,1,3,1,61.4,1,Mid-size,Analyst,58.9,61.4,0
S8155,5.36,Computer Science and Engineering,2,1,1,0,0,77.7,8.3,64.9,0,2,1,50.4,0,Not placed,Not placed,,50.4,0
S8156,8.07,Information Technology,2,1,0,1,0,26.6,9.3,77.8,1,1,1,66.7,1,Mid-size,Analyst,60.33,66.7,0
S8157,7.13,Electrical and Electronics Engineering,3,1,0,0,1,20.9,8.6,48.7,0,4,0,65.0,1,Mid-size,Software Engineer,66.77,65.0,0
S8158,5.99,Electronics and Communication Engineering,2,0,0,0,1,42.9,9.2,40.8,3,3,3,78.6,0,Not placed,Not placed,,78.6,0
S8159,8.62,Computer Science and Engineering,1,1,1,0,1,54.3,9.1,46.7,3,2,0,97.1,1,Mid-size,Web Developer,79.06,97.1,0
S8160,6.53,Information Technology,2,1,1,0,0,19.3,9.2,49.4,2,3,1,81.0,1,Mid-size,Analyst,69.47,81.0,0
S8161,9.26,Civil Engineering,1,1,1,0,0,23.5,7.1,47.6,1,4,0,70.0,1,MNC,Web Developer,87.75,70.0,0
S8162,9.74,Information Technology,1,0,1,1,0,47.5,4.1,52.9,0,2,0,40.1,1,MNC,Web Developer,67.7,40.1,0
S8163,6.21,Electronics and Communication Engineering,3,1,0,1,1,44.9,7.9,89.8,2,3,0,87.8,1,MNC,Web Developer,78.39,87.8,0
S8164,7.41,Mechanical Engineering,1,1,1,0,0,1.3,6.7,45.1,1,4,0,70.3,1,Mid-size,Web Developer,62.62,70.3,0
S8165,9.29,Electrical and Electronics Engineering,1,1,0,0,1,87.7,9.6,86.3,0,3,1,67.2,1,MNC,Software Engineer,87.54,67.2,0
S8166,9.03,Civil Engineering,3,1,1,0,0,27.2,9.4,82.0,0,1,0,48.2,1,Mid-size,Analyst,52.94,48.2,0
S8167,8.49,Information Technology,3,1,1,0,1,31.8,4.9,87.1,0,1,0,52.6,0,Not placed,Not placed,,52.6,0
S8168,6.4,Civil Engineering,2,1,0,0,1,72.0,4.7,71.1,2,1,0,63.6,1,MNC,Data Scientist,92.03,63.6,0
S8169,6.44,Electronics and Communication Engineering,1,1,1,0,0,94.7,6.3,62.3,1,6,0,79.2,1,MNC,Software Engineer,72.71,79.2,0
S8170,8.57,Civil Engineering,2,1,1,0,0,51.2,6.2,69.5,0,3,0,48.8,1,Mid-size,Web Developer,48.75,48.8,0
S8171,7.4,Civil Engineering,1,1,0,0,0,35.1,7.0,85.0,1,6,0,72.8,1,Startup,Data Scientist,50.77,72.8,0
S8172,8.64,Electronics and Communication Engineering,2,0,0,0,1,77.9,7.9,46.5,0,2,0,41.1,1,Startup,Software Engineer,48.34,41.1,0
S8173,6.11,Information Technology,3,1,1,0,0,15.3,7.9,63.7,3,5,0,100.0,1,Mid-size,Data Scientist,64.59,103.4,1
S8174,6.92,Electrical and Electronics Engineering,2,0,1,0,0,87.6,4.0,68.7,1,6,0,60.9,1,Startup,Data Scientist,46.57,60.9,0
S8175,9.04,Electrical and Electronics Engineering,2,0,0,0,0,24.1,8.5,43.2,1,6,0,69.3,1,Startup,Data Scientist,40.59,69.3,0
S8176,9.8,Computer Science and Engineering,2,1,0,0,1,21.4,4.6,58.4,2,4,0,78.6,1,MNC,Analyst,82.69,78.6,0
S8177,5.06,Mechanical Engineering,3,0,0,0,0,81.6,4.8,74.5,0,1,0,16.5,0,Not placed,Not placed,,16.5,0
S8178,8.95,Mechanical Engineering,3,1,1,0,0,59.9,9.7,80.5,2,2,2,82.8,1,MNC,Analyst,85.95,82.8,0
S8179,8.94,Mechanical Engineering,2,1,1,1,0,23.6,6.3,57.0,1,1,0,64.3,1,MNC,Analyst,72.8,64.3,0
S8180,6.34,Electronics and Communication Engineering,2,1,1,0,0,90.9,4.9,73.1,1,1,0,51.2,1,Mid-size,Web Developer,52.79,51.2,0
S8181,5.03,Information Technology,2,1,0,0,1,44.3,5.9,66.9,0,5,0,58.3,1,Mid-size,Analyst,53.7,58.3,0
S8182,7.17,Electronics and Communication Engineering,2,0,1,0,1,12.1,6.2,58.2,0,4,0,62.2,1,Mid-size,Data Scientist,47.31,62.2,0
S8183,9.7,Electronics and Communication Engineering,3,1,0,0,1,12.7,7.2,91.4,2,3,1,72.8,1,MNC,Analyst,74.12,72.8,0
S8184,6.97,Computer Science and Engineering,2,1,1,0,0,26.1,4.6,75.2,0,3,0,43.9,1,MNC,Software Engineer,64.75,43.9,0
S8185,8.64,Electrical and Electronics Engineering,3,1,1,1,0,35.2,6.4,57.3,1,6,0,88.7,1,MNC,Data Scientist,87.9,88.7,0
S8186,7.58,Mechanical Engineering,1,1,1,1,0,44.9,6.5,41.2,2,4,0,93.5,1,MNC,Analyst,90.05,93.5,0
S8187,5.54,Electronics and Communication Engineering,3,1,1,0,1,11.4,6.4,69.3,1,4,0,77.7,1,MNC,Web Developer,85.12,77.7,0
S8188,5.79,Electronics and Communication Engineering,1,1,0,0,0,0.6,8.5,70.1,0,4,0,53.6,1,Startup,Analyst,41.57,53.6,0
S8189,5.83,Electrical and Electronics Engineering,2,1,1,0,1,19.6,7.9,50.4,2,1,1,81.3,1,Mid-size,Software Engineer,65.18,81.3,0
S8190,7.83,Mechanical Engineering,3,0,0,1,1,22.3,4.6,44.1,2,2,0,58.9,1,MNC,Data Scientist,65.39,58.9,0
S8191,8.01,Information Technology,1,1,1,0,0,70.5,4.5,81.0,2,2,0,67.7,1,MNC,Software Engineer,90.01,67.7,0
S8192,7.59,Mechanical Engineering,2,1,1,1,0,16.7,9.0,82.4,1,6,0,98.6,1,Mid-size,Web Developer,69.02,98.6,0
S8193,7.25,Information Technology,3,0,0,0,1,22.6,7.8,66.2,1,4,0,60.5,1,Startup,Web Developer,49.48,60.5,0
S8194,7.78,Civil Engineering,1,1,0,0,0,10.5,6.4,62.9,3,1,0,60.8,1,Startup,Analyst,39.49,60.8,0
S8195,7.45,Computer Science and Engineering,1,1,1,1,1,78.7,9.4,53.8,1,1,3,86.8,1,Top Tech,Data Scientist,110.12,86.8,0
S8196,7.39,Computer Science and Engineering,1,0,1,0,1,16.6,6.2,46.4,1,4,0,65.1,1,MNC,Web Developer,67.98,65.1,0
S8197,8.71,Information Technology,1,0,1,1,0,19.9,4.2,51.6,1,5,0,70.2,1,MNC,Data Scientist,66.0,70.2,0
S8198,5.09,Computer Science and Engineering,2,1,0,0,1,0.1,7.8,93.6,0,5,0,65.1,0,Not placed,Not placed,,65.1,0
S8199,8.93,Computer Science and Engineering,2,1,0,0,1,68.4,4.8,79.8,2,3,0,66.8,1,MNC,Analyst,66.1,66.8,0
S8200,6.17,Electronics and Communication Engineering,3,1,0,0,0,91.3,6.7,46.0,1,6,1,71.7,1,Startup,Analyst,42.47,71.7,0
S8201,8.52,Information Technology,2,1,0,1,0,68.3,7.8,92.5,0,4,0,63.2,1,MNC,Web Developer,76.22,63.2,0
S8202,5.34,Electronics and Communication Engineering,2,1,0,0,1,47.4,4.4,93.4,0,2,0,41.8,0,Not placed,Not placed,,41.8,0
S8203,7.71,Electrical and Electronics Engineering,3,1,0,0,1,51.2,5.5,72.0,0,3,1,48.7,0,Not placed,Not placed,,48.7,0
S8204,6.96,Information Technology,1,1,1,0,0,0.8,9.6,65.8,0,5,0,76.2,1,MNC,Software Engineer,63.06,76.2,0
S8205,7.7,Information Technology,1,1,0,0,0,62.6,4.9,62.8,2,1,0,53.8,1,Startup,Software Engineer,46.87,53.8,0
S8206,9.95,Electronics and Communication Engineering,2,1,1,0,1,78.7,4.7,79.7,3,5,1,99.0,1,MNC,Web Developer,93.37,99.0,0
S8207,8.69,Electronics and Communication Engineering,2,1,0,0,0,27.4,8.6,72.3,0,3,0,55.6,1,Startup,Software Engineer,49.39,55.6,0
S8208,6.43,Information Technology,3,0,1,1,1,38.3,5.3,59.7,0,3,0,64.2,0,Not placed,Not placed,,64.2,0
S8209,9.47,Mechanical Engineering,1,1,0,0,0,44.9,4.1,80.6,0,5,2,47.1,0,Not placed,Not placed,,47.1,0
S8210,9.97,Mechanical Engineering,1,1,0,0,0,16.0,8.7,63.9,1,2,1,58.1,0,Not placed,Not placed,,58.1,0
S8211,6.65,Computer Science and Engineering,1,1,0,0,0,20.7,6.1,61.7,1,3,0,53.0,1,Startup,Analyst,40.96,53.0,0
S8212,7.89,Computer Science and Engineering,1,0,1,1,1,45.2,5.3,56.9,0,6,2,78.7,1,MNC,Software Engineer,75.38,78.7,0
S8213,6.75,Information Technology,3,1,1,0,0,0.7,6.2,99.4,1,3,0,60.5,1,Mid-size,Web Developer,54.58,60.5,0
S8214,5.85,Electronics and Communication Engineering,2,1,0,0,1,15.8,5.1,64.3,1,4,1,67.3,1,MNC,Analyst,67.68,67.3,0
S8215,7.86,Mechanical Engineering,3,1,1,0,0,94.4,6.3,72.8,1,5,0,69.3,1,Mid-size,Web Developer,70.05,69.3,0
S8216,6.36,Information Technology,2,0,1,1,1,67.8,6.8,51.8,1,4,0,83.1,1,Mid-size,Analyst,53.8,83.1,0
S8217,5.82,Civil Engineering,3,1,1,1,0,92.1,9.4,59.3,2,4,0,94.9,1,Mid-size,Web Developer,75.28,94.9,0
S8218,6.65,Computer Science and Engineering,3,1,1,0,0,37.0,4.6,64.5,0,2,0,42.8,0,Not placed,Not placed,,42.8,0
S8219,9.45,Electrical and Electronics Engineering,1,1,1,0,0,81.5,8.1,46.1,1,2,0,67.1,1,MNC,Data Scientist,73.33,67.1,0
S8220,7.85,Computer Science and Engineering,2,0,1,0,1,26.3,5.5,54.6,0,6,0,66.9,1,Mid-size,Analyst,59.89,66.9,0
S8221,7.32,Mechanical Engineering,2,0,0,1,0,55.2,5.9,61.2,1,4,0,54.9,1,Startup,Data Scientist,44.42,54.9,0
S8222,7.46,Electronics and Communication Engineering,3,1,0,1,0,75.4,8.5,69.9,1,1,0,60.7,1,MNC,Analyst,85.02,60.7,0
S8223,5.05,Electrical and Electronics Engineering,2,0,1,1,0,82.8,6.6,41.9,0,4,0,58.4,1,MNC,Data Scientist,75.26,58.4,0
S8224,7.67,Computer Science and Engineering,1,0,0,0,1,89.4,7.7,64.2,1,6,2,68.3,1,Startup,Data Scientist,52.47,68.3,0
S8225,6.87,Mechanical Engineering,3,1,1,1,0,59.5,7.1,50.2,2,2,0,81.2,1,MNC,Analyst,87.79,81.2,0
S8226,9.04,Computer Science and Engineering,1,1,0,1,0,70.0,6.0,89.4,2,1,2,59.0,1,Mid-size,Analyst,71.58,59.0,0
S8227,5.76,Information Technology,1,0,0,1,1,61.3,4.9,92.1,1,2,0,51.2,1,Mid-size,Web Developer,60.39,51.2,0
S8228,6.91,Information Technology,3,0,1,0,0,40.7,5.7,85.9,1,2,0,43.2,0,Not placed,Not placed,,43.2,0
S8229,9.99,Civil Engineering,1,1,1,0,0,59.9,6.4,76.7,0,5,2,65.4,1,Mid-size,Software Engineer,66.65,65.4,0
S8230,9.27,Information Technology,1,1,1,0,0,42.1,8.9,71.4,0,6,1,75.2,1,MNC,Analyst,74.54,75.2,0
S8231,6.03,Electrical and Electronics Engineering,2,1,1,0,0,23.6,9.1,95.8,2,3,3,78.8,1,MNC,Data Scientist,69.1,78.8,0
S8232,7.07,Electronics and Communication Engineering,2,0,0,0,1,97.2,5.1,52.8,3,1,0,57.8,1,Startup,Data Scientist,52.29,57.8,0
S8233,8.52,Civil Engineering,1,1,1,1,0,23.8,8.0,69.3,1,3,0,81.4,1,MNC,Software Engineer,82.05,81.4,0
S8234,6.81,Electronics and Communication Engineering,1,1,0,0,1,84.6,9.1,60.2,1,5,0,86.1,1,MNC,Web Developer,80.61,86.1,0
S8235,6.56,Civil Engineering,3,1,1,0,1,34.4,7.0,74.0,1,4,0,77.0,1,MNC,Web Developer,82.42,77.0,0
S8236,6.3,Mechanical Engineering,3,0,1,1,0,21.3,5.0,55.7,1,4,1,69.4,0,Not placed,Not placed,,69.4,0
S8237,5.91,Civil Engineering,3,1,1,0,0,28.8,6.6,48.4,1,2,0,56.8,1,MNC,Web Developer,71.11,56.8,0
S8238,8.83,Mechanical Engineering,1,1,1,0,1,84.5,7.6,84.6,0,3,0,64.4,1,MNC,Software Engineer,79.46,64.4,0
S8239,6.12,Mechanical Engineering,3,1,1,1,0,48.9,4.2,90.9,0,4,1,60.7,0,Not placed,Not placed,,60.7,0
S8240,5.24,Electronics and Communication Engineering,3,1,1,1,1,91.4,8.3,40.7,0,6,0,92.6,1,MNC,Data Scientist,93.7,92.6,0
S8241,5.85,Mechanical Engineering,2,1,1,0,0,13.3,5.2,41.0,3,5,0,89.4,1,MNC,Web Developer,67.43,89.4,0
S8242,9.44,Mechanical Engineering,1,0,0,0,0,40.4,9.8,51.2,0,3,0,40.4,1,Startup,Data Scientist,41.31,40.4,0
S8243,8.85,Civil Engineering,1,1,0,1,0,90.9,4.3,48.4,0,2,1,46.7,1,MNC,Web Developer,82.2,46.7,0
S8244,5.72,Electrical and Electronics Engineering,2,1,0,0,0,96.3,9.6,66.5,2,5,0,80.0,1,Startup,Software Engineer,48.92,80.0,0
S8245,7.48,Electrical and Electronics Engineering,2,1,1,0,0,80.3,9.3,71.9,1,5,1,85.3,1,MNC,Data Scientist,85.67,85.3,0
S8246,8.97,Computer Science and Engineering,2,1,1,0,1,12.4,5.2,47.1,2,1,0,72.7,1,MNC,Data Scientist,85.36,72.7,0
S8247,7.88,Electronics and Communication Engineering,1,1,1,1,0,97.0,7.7,84.1,0,2,0,62.6,1,MNC,Data Scientist,86.29,62.6,0
S8248,5.9,Information Technology,3,0,0,1,0,37.5,6.1,47.7,2,5,0,74.1,1,Startup,Analyst,48.09,74.1,0
S8249,8.05,Computer Science and Engineering,1,1,0,0,0,43.0,9.4,49.2,1,2,0,54.8,1,Startup,Data Scientist,38.67,54.8,0
S8250,5.08,Mechanical Engineering,3,0,0,0,1,34.7,9.4,56.6,0,4,0,53.6,1,Startup,Analyst,45.46,53.6,0
S8251,7.96,Electrical and Electronics Engineering,2,0,1,0,0,74.3,8.2,83.3,1,5,0,67.3,1,Startup,Analyst,41.29,67.3,0
S8252,9.49,Information Technology,2,1,1,0,0,65.1,6.8,74.2,0,2,0,53.7,1,MNC,Analyst,68.97,53.7,0
S8253,8.37,Civil Engineering,1,1,1,0,1,29.5,4.5,47.0,0,4,0,62.5,1,Mid-size,Data Scientist,66.89,62.5,0
S8254,8.16,Information Technology,1,1,1,1,0,69.3,4.3,53.6,0,6,0,71.7,1,Mid-size,Data Scientist,56.44,71.7,0
S8255,8.11,Mechanical Engineering,1,1,1,0,0,66.1,4.2,73.6,0,3,0,44.4,1,Mid-size,Software Engineer,56.68,44.4,0
S8256,8.76,Information Technology,1,0,1,0,0,95.0,4.9,51.5,0,4,0,40.2,1,Startup,Data Scientist,47.84,40.2,0
S8257,8.54,Electronics and Communication Engineering,2,0,1,0,0,93.0,8.1,92.2,0,6,0,61.8,1,Startup,Software Engineer,47.92,61.8,0
S8258,7.28,Information Technology,1,0,1,0,0,21.2,4.8,92.9,0,3,0,36.0,0,Not placed,Not placed,,36.0,0
S8259,8.27,Computer Science and Engineering,1,0,0,0,0,46.3,9.0,70.4,0,2,0,38.8,1,Startup,Software Engineer,48.2,38.8,0
S8260,5.27,Information Technology,1,0,1,0,0,1.7,8.3,48.4,0,6,0,69.6,1,Startup,Analyst,36.93,69.6,0
S8261,9.43,Electrical and Electronics Engineering,2,1,0,1,0,73.7,7.9,43.7,0,1,0,51.9,1,MNC,Web Developer,65.87,51.9,0
S8262,8.27,Computer Science and Engineering,3,1,0,0,0,17.0,5.6,72.4,0,2,0,37.4,0,Not placed,Not placed,,37.4,0
S8263,6.75,Civil Engineering,1,0,1,1,0,99.6,7.0,51.6,0,2,1,51.5,1,MNC,Web Developer,70.13,51.5,0
S8264,5.46,Electrical and Electronics Engineering,2,1,1,0,0,2.7,8.4,69.9,1,4,0,74.9,1,Mid-size,Software Engineer,50.3,74.9,0
S8265,8.19,Electrical and Electronics Engineering,2,1,1,1,1,38.8,8.5,40.9,0,1,0,73.0,1,Mid-size,Data Scientist,51.9,73.0,0
S8266,6.39,Electrical and Electronics Engineering,3,1,0,1,1,21.8,8.0,89.8,3,2,0,96.0,1,Mid-size,Analyst,52.48,96.0,0
S8267,5.32,Electronics and Communication Engineering,1,1,0,0,0,58.4,9.1,61.0,0,2,3,52.2,0,Not placed,Not placed,,52.2,0
S8268,5.07,Civil Engineering,1,0,1,1,1,13.5,9.1,81.9,0,5,0,85.7,1,Mid-size,Data Scientist,69.32,85.7,0
S8269,8.89,Electronics and Communication Engineering,3,1,1,1,0,69.3,9.2,96.0,0,6,0,91.1,1,Mid-size,Analyst,63.33,91.1,0
S8270,5.61,Information Technology,1,1,0,0,0,79.7,8.8,87.8,0,6,0,65.5,1,Startup,Software Engineer,41.18,65.5,0
S8271,5.37,Information Technology,1,0,1,0,1,37.5,5.4,83.2,1,1,0,47.8,1,MNC,Analyst,69.66,47.8,0
S8272,8.18,Electrical and Electronics Engineering,1,0,0,0,0,82.2,8.5,47.9,2,6,0,78.0,1,Startup,Data Scientist,43.84,78.0,0
S8273,5.31,Computer Science and Engineering,1,1,0,0,0,80.6,6.9,44.8,1,2,0,47.3,1,Startup,Analyst,45.21,47.3,0
S8274,7.94,Civil Engineering,1,1,0,0,0,90.9,5.6,48.3,1,6,1,64.2,1,Startup,Software Engineer,42.14,64.2,0
S8275,5.63,Information Technology,3,1,1,0,0,80.0,6.0,45.6,1,2,0,62.3,1,Mid-size,Analyst,56.08,62.3,0
S8276,6.41,Electrical and Electronics Engineering,1,1,1,0,0,35.4,5.7,49.4,3,3,0,85.0,1,Mid-size,Software Engineer,67.4,85.0,0
S8277,9.12,Computer Science and Engineering,2,1,1,0,1,8.1,7.1,45.2,0,4,0,67.7,1,MNC,Data Scientist,81.03,67.7,0
S8278,7.18,Information Technology,3,1,0,1,0,66.3,9.6,90.3,2,6,0,95.7,1,MNC,Data Scientist,96.0,95.7,0
S8279,9.65,Electronics and Communication Engineering,1,1,1,0,0,46.9,4.0,78.2,2,1,1,56.6,1,MNC,Analyst,88.99,56.6,0
S8280,5.37,Computer Science and Engineering,2,1,1,0,1,23.8,8.0,70.8,1,3,3,75.2,0,Not placed,Not placed,,75.2,0
S8281,9.31,Civil Engineering,2,0,1,0,0,20.2,7.2,64.7,1,6,0,75.9,1,Startup,Analyst,42.29,75.9,0
S8282,7.76,Civil Engineering,3,0,0,1,1,93.4,4.7,73.2,1,6,1,77.8,1,Mid-size,Web Developer,54.54,77.8,0
S8283,7.18,Civil Engineering,1,1,1,0,1,3.2,8.4,72.0,0,2,0,68.7,1,Mid-size,Web Developer,67.17,68.7,0
S8284,7.95,Civil Engineering,3,1,1,0,1,90.1,8.6,60.8,0,3,0,70.9,1,MNC,Web Developer,94.25,70.9,0
S8285,7.34,Electronics and Communication Engineering,2,0,1,0,1,88.4,6.5,88.0,1,6,1,83.7,1,MNC,Web Developer,75.35,83.7,0
S8286,7.28,Computer Science and Engineering,3,1,0,1,0,70.4,9.0,49.7,2,2,0,80.8,1,MNC,Data Scientist,93.83,80.8,0
S8287,9.04,Electronics and Communication Engineering,1,0,0,1,1,8.5,4.7,68.6,1,6,1,73.0,1,MNC,Web Developer,75.58,73.0,0
S8288,6.44,Electronics and Communication Engineering,3,1,0,0,1,97.0,6.3,84.5,1,2,0,54.1,1,Mid-size,Data Scientist,69.78,54.1,0
S8289,8.93,Mechanical Engineering,2,0,0,1,0,58.4,7.5,60.4,1,3,0,54.4,1,Startup,Data Scientist,45.47,54.4,0
S8290,5.82,Civil Engineering,2,1,0,1,1,54.8,6.4,67.6,1,3,0,77.7,1,Mid-size,Data Scientist,57.95,77.7,0
S8291,6.87,Electronics and Communication Engineering,3,1,1,0,0,94.2,8.7,68.8,0,5,0,69.7,1,Mid-size,Software Engineer,59.75,69.7,0
S8292,9.21,Information Technology,1,1,0,1,1,0.1,9.2,71.8,3,3,3,100.0,1,Mid-size,Analyst,59.57,102.1,1
S8293,5.53,Mechanical Engineering,1,1,1,0,0,93.9,4.7,99.2,1,3,0,64.0,1,Mid-size,Analyst,65.66,64.0,0
S8294,7.08,Electrical and Electronics Engineering,2,0,0,0,0,68.4,9.9,80.0,0,1,0,37.1,1,Startup,Analyst,38.36,37.1,0
S8295,7.72,Civil Engineering,2,0,0,1,0,74.6,6.8,99.9,3,6,1,88.5,1,Startup,Data Scientist,44.78,88.5,0
S8296,6.14,Information Technology,2,1,0,0,0,96.7,9.0,84.6,1,5,0,67.1,1,Startup,Data Scientist,46.57,67.1,0
S8297,9.18,Civil Engineering,1,1,0,1,0,6.1,6.9,66.3,1,5,0,75.0,1,Mid-size,Web Developer,49.6,75.0,0
S8298,8.95,Mechanical Engineering,1,1,0,0,0,61.0,9.8,55.6,1,6,0,81.7,1,Startup,Data Scientist,40.66,81.7,0
S8299,7.83,Computer Science and Engineering,1,0,0,0,1,21.9,6.4,40.9,0,3,0,40.2,0,Not placed,Not placed,,40.2,0
S8300,9.6,Computer Science and Engineering,1,1,1,0,0,52.5,4.6,91.8,0,4,0,53.5,1,MNC,Software Engineer,76.42,53.5,0
S8301,8.2,Computer Science and Engineering,3,1,1,1,1,8.5,6.6,51.6,0,3,3,72.5,0,Not placed,Not placed,,72.5,0
S8302,9.51,Electrical and Electronics Engineering,3,0,0,0,1,60.3,5.7,94.3,0,2,0,33.4,1,Startup,Software Engineer,41.55,33.4,0
S8303,7.25,Information Technology,3,1,1,1,1,86.0,8.2,54.7,1,4,0,95.0,1,Mid-size,Analyst,62.63,95.0,0
S8304,5.57,Civil Engineering,3,1,1,1,1,25.5,8.3,59.8,0,1,0,69.9,1,MNC,Web Developer,82.22,69.9,0
S8305,6.12,Civil Engineering,3,1,0,1,1,65.9,8.6,76.0,1,6,0,99.1,1,MNC,Software Engineer,74.36,99.1,0
S8306,7.14,Civil Engineering,1,0,1,0,1,56.4,9.0,63.9,3,4,0,100.0,1,Mid-size,Web Developer,54.48,101.2,1
S8307,6.45,Computer Science and Engineering,2,1,0,0,0,10.6,8.6,59.0,1,6,0,76.5,1,Startup,Analyst,38.59,76.5,0
S8308,6.05,Civil Engineering,1,0,1,1,1,79.6,4.3,83.8,1,6,0,85.0,1,Top Tech,Data Scientist,107.16,85.0,0
S8309,7.96,Mechanical Engineering,1,0,0,0,0,23.4,7.6,81.7,0,5,0,43.9,1,Startup,Analyst,35.63,43.9,0
S8310,9.26,Computer Science and Engineering,3,0,1,0,0,67.6,9.5,41.1,1,1,3,52.2,0,Not placed,Not placed,,52.2,0
S8311,8.57,Mechanical Engineering,3,0,0,1,1,70.7,9.9,96.4,0,4,0,67.1,1,MNC,Analyst,84.71,67.1,0
S8312,7.93,Civil Engineering,2,1,1,0,1,45.2,5.0,87.5,2,3,1,77.3,1,MNC,Data Scientist,66.3,77.3,0
S8313,5.49,Mechanical Engineering,2,0,1,0,1,4.7,7.8,71.3,0,1,0,47.1,1,MNC,Software Engineer,64.28,47.1,0
S8314,9.23,Electrical and Electronics Engineering,1,1,1,0,1,40.2,9.1,50.6,1,6,0,100.0,1,Mid-size,Data Scientist,69.16,100.5,1
S8315,9.79,Information Technology,1,1,1,1,0,11.1,6.5,70.9,0,3,2,60.8,1,Mid-size,Web Developer,63.14,60.8,0
S8316,7.04,Electrical and Electronics Engineering,3,1,0,0,1,83.4,9.6,52.6,1,1,0,63.2,1,MNC,Analyst,83.57,63.2,0
S8317,9.44,Information Technology,1,0,0,0,1,42.4,9.1,52.8,0,3,0,53.8,1,Startup,Web Developer,41.2,53.8,0
S8318,9.44,Information Technology,1,1,1,0,0,19.1,7.2,49.5,1,3,1,63.1,1,MNC,Software Engineer,74.59,63.1,0
S8319,7.18,Electronics and Communication Engineering,2,0,1,0,0,14.5,6.9,75.2,0,3,0,50.5,1,Startup,Data Scientist,41.26,50.5,0
S8320,7.71,Information Technology,1,1,1,0,1,75.6,4.3,64.2,0,1,0,48.6,1,MNC,Web Developer,78.14,48.6,0
S8321,9.46,Information Technology,2,1,1,0,0,89.1,5.5,59.2,0,6,0,62.1,1,MNC,Analyst,87.48,62.1,0
S8322,6.71,Civil Engineering,2,1,0,0,0,10.1,5.8,77.7,1,1,1,38.1,0,Not placed,Not placed,,38.1,0
S8323,9.47,Mechanical Engineering,3,1,1,0,0,22.3,5.5,41.6,3,5,0,93.3,1,MNC,Web Developer,68.82,93.3,0
S8324,8.39,Information Technology,1,0,1,1,0,4.4,5.2,61.1,1,5,3,66.8,1,MNC,Software Engineer,81.09,66.8,0
S8325,9.52,Civil Engineering,3,0,0,0,1,3.9,5.1,67.9,1,1,1,41.7,0,Not placed,Not placed,,41.7,0
S8326,7.83,Information Technology,1,1,1,0,1,65.6,9.2,60.2,1,1,1,70.3,1,Mid-size,Analyst,61.45,70.3,0
S8327,9.09,Electronics and Communication Engineering,2,0,1,0,0,69.4,6.0,48.0,1,4,0,57.1,1,Startup,Web Developer,38.91,57.1,0
S8328,8.71,Computer Science and Engineering,2,1,1,1,0,79.5,7.1,57.8,3,2,0,94.3,1,MNC,Web Developer,90.15,94.3,0
S8329,7.56,Mechanical Engineering,3,1,0,0,0,11.4,8.3,93.7,2,2,0,64.5,0,Not placed,Not placed,,64.5,0
S8330,8.71,Mechanical Engineering,2,0,0,0,0,24.1,9.8,57.6,3,3,0,76.5,1,Startup,Software Engineer,49.83,76.5,0
S8331,9.15,Electronics and Communication Engineering,2,0,0,0,1,93.7,4.5,97.6,0,1,0,28.4,1,Startup,Software Engineer,44.27,28.4,0
S8332,5.23,Information Technology,1,0,0,1,1,68.7,7.3,86.5,1,2,2,60.3,1,MNC,Analyst,68.99,60.3,0
S8333,7.94,Mechanical Engineering,3,1,0,1,0,62.0,9.1,76.9,0,1,0,52.9,1,Mid-size,Web Developer,63.71,52.9,0
S8334,6.64,Mechanical Engineering,3,1,1,0,0,32.0,7.9,86.4,1,5,1,76.8,1,Mid-size,Analyst,53.43,76.8,0
S8335,9.19,Computer Science and Engineering,3,1,0,1,0,25.2,8.3,82.8,1,1,0,55.0,1,Mid-size,Analyst,52.23,55.0,0
S8336,8.44,Information Technology,3,1,0,0,1,79.4,9.2,88.3,3,1,0,81.6,1,MNC,Web Developer,70.23,81.6,0
S8337,9.97,Electrical and Electronics Engineering,2,0,0,0,0,3.7,7.2,59.6,2,5,1,69.6,0,Not placed,Not placed,,69.6,0
S8338,9.07,Mechanical Engineering,3,1,1,0,1,10.5,9.7,60.1,0,2,0,71.8,1,MNC,Data Scientist,71.82,71.8,0
S8339,8.16,Electrical and Electronics Engineering,2,1,1,1,0,54.5,4.1,80.9,3,3,0,84.4,1,Mid-size,Data Scientist,69.58,84.4,0
S8340,5.87,Information Technology,3,1,1,0,1,32.6,5.2,59.1,1,2,0,67.5,1,MNC,Analyst,82.22,67.5,0
S8341,7.53,Electrical and Electronics Engineering,1,1,0,0,1,27.6,5.7,69.9,0,4,1,61.2,1,Mid-size,Analyst,58.23,61.2,0
S8342,7.52,Information Technology,2,1,1,0,0,21.0,4.3,66.8,1,3,3,53.1,0,Not placed,Not placed,,53.1,0
S8343,9.53,Electrical and Electronics Engineering,2,0,1,0,1,0.3,9.4,77.5,0,3,0,58.4,1,MNC,Analyst,63.37,58.4,0
S8344,8.7,Information Technology,1,1,1,0,1,28.6,10.0,43.8,2,1,0,83.1,1,MNC,Analyst,91.63,83.1,0
S8345,6.54,Mechanical Engineering,1,1,1,0,0,50.8,6.6,92.2,1,2,0,64.7,1,MNC,Software Engineer,72.53,64.7,0
S8346,8.13,Electrical and Electronics Engineering,1,0,1,0,0,51.4,6.6,69.1,1,1,0,47.1,1,Startup,Web Developer,46.38,47.1,0
S8347,8.8,Electronics and Communication Engineering,3,0,1,0,1,57.9,9.3,75.2,0,4,3,69.8,0,Not placed,Not placed,,69.8,0
S8348,8.34,Computer Science and Engineering,1,0,0,1,1,62.8,5.3,96.1,0,5,0,65.6,1,MNC,Data Scientist,85.39,65.6,0
S8349,7.02,Computer Science and Engineering,3,1,1,0,0,20.7,9.8,56.5,0,2,0,60.7,1,Mid-size,Analyst,59.99,60.7,0
S8350,8.58,Mechanical Engineering,3,1,0,0,1,81.7,8.5,44.6,0,4,1,64.3,1,MNC,Data Scientist,88.28,64.3,0
S8351,5.93,Information Technology,3,0,1,0,1,65.8,6.4,40.3,0,2,0,53.2,0,Not placed,Not placed,,53.2,0
S8352,6.91,Electronics and Communication Engineering,1,0,1,0,0,99.1,5.5,41.1,2,4,0,63.4,1,Startup,Software Engineer,44.04,63.4,0
S8353,7.16,Electronics and Communication Engineering,2,1,0,0,0,73.8,7.8,91.2,1,1,1,48.4,1,Startup,Data Scientist,40.38,48.4,0
S8354,7.48,Computer Science and Engineering,1,0,1,0,0,44.0,9.2,99.2,0,2,0,44.6,1,Startup,Analyst,42.17,44.6,0
S8355,6.56,Electronics and Communication Engineering,3,1,1,0,0,63.9,5.7,84.1,2,1,1,66.6,1,MNC,Web Developer,70.5,66.6,0
S8356,5.4,Information Technology,2,1,1,0,0,94.5,6.9,57.2,0,6,0,72.1,1,MNC,Data Scientist,85.16,72.1,0
S8357,6.99,Electrical and Electronics Engineering,3,1,1,0,0,54.8,6.1,40.4,0,3,0,55.7,0,Not placed,Not placed,,55.7,0
S8358,7.1,Civil Engineering,1,1,1,1,0,17.5,5.3,90.1,1,5,0,82.3,1,MNC,Web Developer,74.77,82.3,0
S8359,5.34,Information Technology,3,0,1,0,1,89.9,8.1,68.5,3,2,2,80.3,1,MNC,Analyst,95.47,80.3,0
S8360,6.91,Civil Engineering,1,1,1,0,0,57.9,7.4,51.4,1,5,1,73.5,1,MNC,Software Engineer,87.15,73.5,0
S8361,7.43,Electrical and Electronics Engineering,2,0,0,1,0,33.8,7.4,87.4,2,5,2,77.1,0,Not placed,Not placed,,77.1,0
S8362,7.52,Computer Science and Engineering,2,1,0,1,0,17.9,7.0,63.4,2,1,0,61.6,1,MNC,Analyst,73.1,61.6,0
S8363,5.54,Mechanical Engineering,3,1,0,0,1,38.2,9.8,45.2,1,1,0,64.3,1,Mid-size,Software Engineer,51.47,64.3,0
S8364,7.86,Civil Engineering,3,1,0,0,1,27.7,4.3,71.3,2,6,3,87.4,0,Not placed,Not placed,,87.4,0
S8365,7.0,Mechanical Engineering,2,0,0,0,1,54.4,8.9,62.8,1,3,2,63.3,0,Not placed,Not placed,,63.3,0
S8366,8.72,Computer Science and Engineering,1,0,0,1,0,33.3,9.9,50.2,1,2,0,63.5,1,Startup,Data Scientist,45.29,63.5,0
S8367,8.8,Civil Engineering,1,1,0,0,0,59.3,4.1,57.0,0,6,0,51.1,1,Startup,Data Scientist,40.52,51.1,0
S8368,6.46,Civil Engineering,3,0,0,0,1,25.9,8.2,77.7,2,4,0,70.4,1,Startup,Software Engineer,48.45,70.4,0
S8369,7.91,Computer Science and Engineering,2,1,0,0,0,86.5,5.9,43.4,0,4,0,50.7,1,Startup,Data Scientist,43.19,50.7,0
S8370,7.78,Civil Engineering,1,0,0,0,0,12.1,6.3,71.4,1,1,0,29.4,0,Not placed,Not placed,,29.4,0
S8371,9.87,Computer Science and Engineering,3,0,0,1,1,11.3,8.5,83.8,1,1,1,64.9,1,MNC,Software Engineer,70.85,64.9,0
S8372,6.43,Information Technology,1,0,0,0,0,51.1,8.5,50.3,0,1,2,32.8,0,Not placed,Not placed,,32.8,0
S8373,8.55,Computer Science and Engineering,1,1,0,1,1,75.8,4.5,60.0,0,3,0,60.7,1,Top Tech,Software Engineer,101.55,60.7,0
S8374,7.36,Electronics and Communication Engineering,3,1,0,1,0,61.1,8.4,48.2,2,3,0,84.3,1,MNC,Analyst,92.13,84.3,0
S8375,8.97,Mechanical Engineering,3,1,0,1,0,67.6,8.9,63.6,0,5,0,74.6,1,MNC,Software Engineer,86.61,74.6,0
S8376,7.28,Civil Engineering,2,0,1,0,1,80.2,4.1,64.2,0,5,3,59.0,0,Not placed,Not placed,,59.0,0
S8377,7.16,Mechanical Engineering,1,1,1,1,1,88.4,4.6,69.2,1,1,0,68.3,1,MNC,Web Developer,79.69,68.3,0
S8378,9.52,Mechanical Engineering,2,1,1,0,0,57.3,9.1,66.5,1,4,1,75.6,1,Mid-size,Web Developer,75.5,75.6,0
S8379,9.6,Electrical and Electronics Engineering,2,1,0,1,1,83.0,5.8,70.0,0,2,0,59.7,1,MNC,Software Engineer,74.29,59.7,0
S8380,5.26,Computer Science and Engineering,3,1,0,1,0,33.9,4.8,82.8,0,2,0,44.6,1,MNC,Software Engineer,68.9,44.6,0
S8381,8.66,Mechanical Engineering,2,1,1,0,0,71.1,8.3,51.7,3,2,0,84.5,1,Mid-size,Analyst,59.52,84.5,0
S8382,6.53,Mechanical Engineering,3,0,0,1,1,78.7,9.2,78.3,0,2,2,60.4,1,MNC,Software Engineer,85.23,60.4,0
S8383,9.77,Electrical and Electronics Engineering,2,0,0,0,0,15.4,6.2,82.7,2,2,1,51.6,1,Startup,Analyst,45.37,51.6,0
S8384,9.17,Information Technology,3,1,1,1,0,69.3,6.1,99.1,0,3,0,64.1,1,Mid-size,Software Engineer,57.63,64.1,0
S8385,7.94,Computer Science and Engineering,2,1,0,1,1,68.5,9.1,69.8,1,6,0,98.0,1,MNC,Data Scientist,74.0,98.0,0
S8386,8.7,Mechanical Engineering,3,1,0,0,0,92.3,7.5,62.4,0,1,0,39.5,1,Startup,Web Developer,44.85,39.5,0
S8387,6.02,Electrical and Electronics Engineering,3,0,1,0,0,80.3,5.4,90.6,1,1,0,38.8,1,Startup,Web Developer,38.21,38.8,0
S8388,8.97,Information Technology,2,1,1,0,0,89.3,6.6,84.1,2,6,0,89.3,1,MNC,Analyst,75.51,89.3,0
S8389,8.5,Civil Engineering,2,1,1,0,1,8.6,7.4,68.6,2,3,3,85.7,1,MNC,Web Developer,88.85,85.7,0
S8390,9.26,Electronics and Communication Engineering,2,1,1,0,1,36.3,6.0,82.0,0,4,0,71.9,1,Mid-size,Analyst,70.87,71.9,0
S8391,5.46,Civil Engineering,1,0,0,1,1,9.2,9.8,79.3,3,2,0,91.4,1,MNC,Web Developer,79.96,91.4,0
S8392,9.4,Civil Engineering,1,1,0,1,1,72.6,7.5,89.0,0,5,0,76.1,1,MNC,Data Scientist,90.53,76.1,0
S8393,6.76,Electronics and Communication Engineering,3,1,1,1,1,9.6,7.7,56.0,1,6,0,100.0,1,MNC,Data Scientist,73.4,107.1,1
S8394,6.1,Computer Science and Engineering,3,1,1,1,0,58.4,8.2,53.0,0,5,0,84.3,1,MNC,Data Scientist,78.49,84.3,0
S8395,9.83,Civil Engineering,2,0,1,0,0,83.3,7.8,46.8,2,2,0,60.9,1,Startup,Data Scientist,46.23,60.9,0
S8396,9.14,Information Technology,1,1,0,1,1,49.4,5.1,92.8,1,5,2,81.6,1,MNC,Data Scientist,66.5,81.6,0
S8397,9.69,Information Technology,1,1,1,1,1,45.4,8.5,70.5,0,6,0,92.1,1,Mid-size,Analyst,66.34,92.1,0
S8398,8.05,Civil Engineering,1,1,0,0,0,74.1,5.4,58.2,3,1,0,62.4,1,Startup,Software Engineer,48.82,62.4,0
S8399,6.36,Electronics and Communication Engineering,1,1,0,0,1,39.5,8.4,54.3,1,2,0,66.7,1,MNC,Analyst,74.99,66.7,0
S8400,8.91,Mechanical Engineering,1,0,1,1,0,24.9,6.0,69.4,1,6,0,76.8,1,Mid-size,Software Engineer,55.86,76.8,0
S8401,7.33,Electronics and Communication Engineering,3,1,1,0,0,6.9,5.5,82.6,0,1,0,44.5,1,Mid-size,Web Developer,55.02,44.5,0
S8402,5.59,Mechanical Engineering,3,0,0,1,0,31.3,9.5,73.6,0,5,2,61.1,0,Not placed,Not placed,,61.1,0
S8403,7.6,Civil Engineering,1,1,1,0,0,33.4,4.0,87.6,0,3,0,43.0,1,MNC,Software Engineer,61.97,43.0,0
S8404,5.63,Electrical and Electronics Engineering,3,1,1,0,1,22.0,9.2,44.2,2,4,0,98.2,1,Mid-size,Web Developer,59.48,98.2,0
S8405,7.66,Information Technology,2,1,1,0,1,97.7,8.6,90.0,0,6,0,86.9,1,MNC,Analyst,87.34,86.9,0
S8406,8.16,Mechanical Engineering,3,1,0,0,0,44.9,9.5,95.1,0,5,0,66.2,1,Startup,Software Engineer,46.26,66.2,0
S8407,7.41,Civil Engineering,1,0,0,1,0,41.2,8.5,58.4,2,5,1,84.8,1,Startup,Data Scientist,44.49,84.8,0
S8408,7.49,Computer Science and Engineering,3,1,0,0,0,52.3,8.0,78.4,3,6,0,91.3,1,Startup,Software Engineer,43.64,91.3,0
S8409,9.87,Computer Science and Engineering,1,1,1,0,1,1.1,7.1,92.6,1,5,0,87.8,1,Mid-size,Web Developer,58.44,87.8,0
S8410,7.68,Electrical and Electronics Engineering,2,0,1,1,0,61.6,4.2,62.1,0,6,0,64.5,1,Mid-size,Software Engineer,56.57,64.5,0
S8411,9.33,Civil Engineering,3,1,0,0,0,49.6,7.8,62.5,0,1,1,37.7,0,Not placed,Not placed,,37.7,0
S8412,9.13,Civil Engineering,1,1,0,0,1,26.5,6.6,69.5,2,2,0,69.9,1,MNC,Software Engineer,82.42,69.9,0
S8413,6.95,Computer Science and Engineering,1,1,1,0,0,98.1,6.8,42.1,0,1,1,46.6,1,MNC,Analyst,80.11,46.6,0
S8414,6.94,Information Technology,3,0,1,1,1,99.2,9.0,92.9,2,3,1,89.4,1,MNC,Data Scientist,92.58,89.4,0
S8415,5.15,Mechanical Engineering,2,1,1,0,0,66.5,4.5,85.4,0,5,0,59.2,1,Mid-size,Data Scientist,57.84,59.2,0
S8416,5.99,Mechanical Engineering,2,0,1,1,0,36.6,8.5,84.2,2,4,0,84.4,1,MNC,Data Scientist,71.81,84.4,0
S8417,5.21,Computer Science and Engineering,1,0,1,0,0,54.1,5.4,48.6,0,6,0,51.6,1,Startup,Analyst,44.34,51.6,0
S8418,8.24,Civil Engineering,1,0,1,0,1,24.4,8.8,68.6,2,3,0,79.5,1,MNC,Analyst,71.78,79.5,0
S8419,8.39,Information Technology,2,0,1,0,1,97.0,7.4,41.4,2,2,1,73.9,1,MNC,Data Scientist,95.6,73.9,0
S8420,7.82,Mechanical Engineering,1,0,1,0,0,69.9,9.5,83.1,0,6,0,67.5,1,Startup,Software Engineer,51.67,67.5,0
S8421,9.73,Electronics and Communication Engineering,3,0,1,0,0,27.4,6.4,51.7,0,6,0,58.6,0,Not placed,Not placed,,58.6,0
S8422,5.43,Civil Engineering,1,1,0,0,0,87.3,4.3,41.4,0,5,1,44.8,1,Startup,Web Developer,35.27,44.8,0
S8423,5.29,Mechanical Engineering,1,1,1,0,0,5.7,8.6,83.0,2,2,0,73.5,1,MNC,Software Engineer,68.8,73.5,0
S8424,6.78,Computer Science and Engineering,2,1,0,0,1,73.8,7.9,41.0,0,6,0,73.6,1,Mid-size,Web Developer,58.75,73.6,0
S8425,5.33,Mechanical Engineering,3,1,1,0,0,47.6,5.3,88.7,2,4,0,72.7,1,MNC,Web Developer,83.54,72.7,0
S8426,5.26,Information Technology,2,1,1,0,0,71.5,5.0,54.3,0,1,0,35.1,1,MNC,Web Developer,79.72,35.1,0
S8427,7.15,Information Technology,1,1,0,0,0,64.7,4.4,88.3,1,2,0,39.4,1,Startup,Data Scientist,43.1,39.4,0
S8428,7.04,Mechanical Engineering,1,0,1,0,0,8.0,7.3,89.1,0,3,0,44.2,1,Startup,Web Developer,38.18,44.2,0
S8429,5.74,Civil Engineering,1,1,0,1,0,98.2,7.7,98.9,1,3,0,66.2,1,Mid-size,Data Scientist,70.72,66.2,0
S8430,5.43,Electrical and Electronics Engineering,2,1,0,1,0,11.9,6.5,74.9,2,6,0,92.1,1,Mid-size,Software Engineer,58.9,92.1,0
S8431,8.59,Mechanical Engineering,2,0,1,0,0,58.7,5.1,49.6,1,2,0,44.7,0,Not placed,Not placed,,44.7,0
S8432,7.05,Civil Engineering,1,0,0,0,1,81.3,7.5,45.1,0,6,2,65.4,1,Startup,Web Developer,44.6,65.4,0
S8433,8.85,Information Technology,2,1,0,0,0,72.1,5.5,99.1,0,2,1,32.1,0,Not placed,Not placed,,32.1,0
S8434,8.02,Electrical and Electronics Engineering,1,0,1,1,1,76.3,9.6,71.8,2,1,0,83.6,1,Top Tech,Data Scientist,108.06,83.6,0
S8435,8.42,Electrical and Electronics Engineering,3,1,1,0,1,93.0,8.1,60.1,3,1,0,89.6,1,MNC,Analyst,92.95,89.6,0
S8436,6.55,Computer Science and Engineering,1,1,1,0,0,23.8,6.0,65.3,2,5,3,85.5,1,Mid-size,Software Engineer,70.41,85.5,0
S8437,9.66,Information Technology,1,1,1,1,0,9.9,5.5,48.2,1,6,0,83.7,1,MNC,Data Scientist,88.38,83.7,0
S8438,9.44,Information Technology,1,1,1,1,1,35.0,9.5,42.3,0,2,0,75.9,1,Mid-size,Data Scientist,63.07,75.9,0
S8439,9.77,Computer Science and Engineering,3,0,1,1,0,24.8,7.2,61.5,3,1,0,73.6,1,MNC,Data Scientist,71.64,73.6,0
S8440,8.06,Electronics and Communication Engineering,1,0,0,0,1,92.8,8.6,66.0,3,1,0,74.1,1,Startup,Web Developer,44.5,74.1,0
S8441,9.12,Civil Engineering,3,1,1,1,0,31.8,5.5,69.2,0,6,3,76.4,1,MNC,Software Engineer,70.61,76.4,0
S8442,9.8,Mechanical Engineering,2,1,0,0,0,50.1,4.6,90.0,0,2,0,38.5,1,Startup,Analyst,36.31,38.5,0
S8443,9.81,Civil Engineering,3,1,1,0,0,0.2,9.9,85.7,0,6,0,82.6,1,MNC,Software Engineer,66.88,82.6,0
S8444,9.9,Electrical and Electronics Engineering,2,1,1,1,0,66.7,4.7,45.8,0,5,1,73.0,1,Mid-size,Web Developer,53.97,73.0,0
S8445,7.5,Electrical and Electronics Engineering,1,0,1,1,1,87.3,9.6,73.5,1,5,0,90.3,1,Top Tech,Software Engineer,115.76,90.3,0
S8446,8.54,Electrical and Electronics Engineering,3,0,1,0,0,27.4,4.7,53.2,1,1,2,38.7,0,Not placed,Not placed,,38.7,0
S8447,7.21,Civil Engineering,2,1,1,1,1,67.0,9.4,46.0,1,6,0,100.0,1,MNC,Data Scientist,92.21,103.7,1
S8448,6.25,Computer Science and Engineering,3,1,1,0,1,98.9,8.5,73.0,1,3,1,84.4,1,Mid-size,Software Engineer,69.16,84.4,0
S8449,9.41,Civil Engineering,2,1,0,0,0,2.2,10.0,66.6,1,1,1,57.6,0,Not placed,Not placed,,57.6,0
S8450,9.07,Information Technology,1,0,1,0,1,1.0,9.9,78.7,3,2,3,90.1,1,Mid-size,Data Scientist,52.53,90.1,0
S8451,7.81,Electrical and Electronics Engineering,3,1,1,1,0,11.2,6.8,53.1,0,2,1,55.9,0,Not placed,Not placed,,55.9,0
S8452,7.61,Electrical and Electronics Engineering,2,0,1,0,1,91.2,7.4,88.2,0,2,0,51.5,1,MNC,Software Engineer,88.72,51.5,0
S8453,6.46,Electrical and Electronics Engineering,3,1,1,0,0,4.5,7.4,40.7,1,4,0,69.0,1,MNC,Software Engineer,64.68,69.0,0
S8454,7.22,Electronics and Communication Engineering,3,1,1,0,0,34.5,6.0,93.3,1,6,0,76.1,1,MNC,Web Developer,74.72,76.1,0
S8455,5.34,Mechanical Engineering,3,1,1,0,1,78.0,8.3,59.6,0,6,0,85.5,1,MNC,Data Scientist,86.91,85.5,0
S8456,6.45,Mechanical Engineering,3,0,1,0,0,97.9,6.3,81.2,2,2,1,59.8,1,Startup,Analyst,54.78,59.8,0
S8457,5.03,Electronics and Communication Engineering,3,1,1,0,1,95.0,5.9,68.2,0,3,2,65.4,1,MNC,Web Developer,92.49,65.4,0
S8458,5.01,Information Technology,3,0,1,1,1,52.1,5.2,88.1,1,5,0,85.6,1,Mid-size,Software Engineer,48.43,85.6,0
S8459,5.53,Civil Engineering,3,0,1,0,0,19.6,5.4,42.9,1,4,0,53.0,1,Startup,Data Scientist,43.63,53.0,0
S8460,5.33,Civil Engineering,2,1,1,0,0,2.2,4.1,65.9,2,6,0,84.4,1,MNC,Web Developer,58.98,84.4,0
S8461,6.09,Electronics and Communication Engineering,3,0,0,0,1,15.6,7.5,93.8,2,4,1,75.5,1,Startup,Web Developer,40.07,75.5,0
S8462,8.4,Mechanical Engineering,2,1,1,0,0,28.2,8.3,48.8,1,6,0,85.9,1,Mid-size,Data Scientist,69.05,85.9,0
S8463,6.24,Mechanical Engineering,2,1,1,0,1,90.7,4.4,94.9,0,4,0,60.7,1,MNC,Software Engineer,82.52,60.7,0
S8464,7.95,Information Technology,2,1,1,0,0,90.0,7.0,89.3,3,5,0,94.0,1,MNC,Web Developer,97.22,94.0,0
S8465,7.42,Information Technology,2,1,1,0,0,59.2,8.7,95.6,0,2,0,55.7,1,MNC,Data Scientist,89.51,55.7,0
S8466,9.96,Electronics and Communication Engineering,2,1,0,1,1,75.3,6.2,53.4,2,6,0,98.7,1,Mid-size,Data Scientist,73.74,98.7,0
S8467,9.42,Mechanical Engineering,2,1,0,0,0,49.9,6.4,46.5,2,6,0,79.5,1,Startup,Web Developer,46.83,79.5,0
S8468,9.45,Civil Engineering,3,0,1,0,0,56.9,6.1,57.4,2,4,0,66.5,1,Startup,Software Engineer,52.85,66.5,0
S8469,7.46,Electrical and Electronics Engineering,3,1,1,1,0,32.4,7.0,49.2,1,6,0,87.8,1,Mid-size,Analyst,64.81,87.8,0
S8470,9.22,Information Technology,3,0,1,0,0,96.4,6.0,50.0,1,6,0,69.2,1,Startup,Software Engineer,53.86,69.2,0
S8471,5.76,Electrical and Electronics Engineering,2,1,1,1,0,9.8,6.3,50.3,2,3,0,79.4,1,Mid-size,Web Developer,65.73,79.4,0
S8472,5.7,Information Technology,3,0,1,0,0,92.5,7.8,95.8,0,3,0,45.9,1,Startup,Web Developer,47.81,45.9,0
S8473,6.18,Electrical and Electronics Engineering,3,1,0,0,0,2.2,7.5,72.7,2,6,0,87.3,1,Startup,Analyst,47.09,87.3,0
S8474,6.39,Computer Science and Engineering,2,1,0,0,0,3.0,5.6,95.7,1,6,0,69.2,1,Startup,Web Developer,41.35,69.2,0
S8475,8.22,Electrical and Electronics Engineering,1,0,1,0,1,2.7,9.3,83.5,1,1,0,58.8,1,MNC,Software Engineer,82.51,58.8,0
S8476,7.36,Mechanical Engineering,3,0,0,0,1,96.2,9.4,75.1,1,4,0,66.1,1,Startup,Web Developer,50.48,66.1,0
S8477,7.8,Electronics and Communication Engineering,3,0,1,0,1,56.2,4.1,83.0,0,3,0,47.7,1,MNC,Web Developer,60.4,47.7,0
S8478,6.99,Electronics and Communication Engineering,3,0,0,1,1,63.6,6.4,86.3,3,5,0,94.1,1,Mid-size,Analyst,73.67,94.1,0
S8479,7.57,Civil Engineering,3,1,1,0,0,57.7,6.3,79.4,2,5,0,79.2,1,Mid-size,Analyst,54.83,79.2,0
S8480,6.3,Electrical and Electronics Engineering,2,1,1,0,0,27.4,6.8,41.6,1,1,1,50.5,0,Not placed,Not placed,,50.5,0
S8481,9.28,Computer Science and Engineering,3,1,0,0,0,36.0,8.5,89.4,2,5,1,83.4,1,Startup,Data Scientist,46.12,83.4,0
S8482,5.16,Mechanical Engineering,3,1,1,0,1,83.9,4.0,94.5,2,4,1,78.4,1,Mid-size,Analyst,61.88,78.4,0
S8483,7.82,Computer Science and Engineering,2,1,0,0,1,67.0,6.1,62.2,2,4,0,81.0,1,Mid-size,Web Developer,72.27,81.0,0
S8484,8.19,Information Technology,2,1,0,0,0,65.7,9.5,50.9,1,2,1,57.4,0,Not placed,Not placed,,57.4,0
S8485,9.54,Electrical and Electronics Engineering,3,1,1,1,0,75.5,9.1,42.6,2,3,2,90.1,1,Mid-size,Analyst,74.73,90.1,0
S8486,7.22,Information Technology,2,1,1,1,1,54.3,4.2,52.3,2,6,2,100.0,1,Mid-size,Software Engineer,63.24,103.4,1
S8487,9.14,Electrical and Electronics Engineering,2,1,1,1,1,24.9,9.0,47.2,1,3,0,96.7,1,MNC,Software Engineer,80.73,96.7,0
S8488,6.52,Electronics and Communication Engineering,2,0,1,1,0,87.3,9.6,86.2,1,5,0,84.8,1,MNC,Analyst,79.43,84.8,0
S8489,9.06,Computer Science and Engineering,3,1,1,1,0,44.6,8.9,97.4,2,1,0,84.0,1,MNC,Data Scientist,75.41,84.0,0
S8490,7.13,Civil Engineering,3,1,0,0,1,35.1,5.5,77.7,3,2,0,78.2,1,MNC,Web Developer,65.76,78.2,0
S8491,5.47,Computer Science and Engineering,2,1,0,0,0,51.7,5.2,85.8,1,4,2,53.8,0,Not placed,Not placed,,53.8,0
S8492,7.96,Information Technology,1,0,1,0,0,32.2,7.0,86.8,2,4,1,68.1,1,Startup,Software Engineer,47.96,68.1,0
S8493,9.88,Information Technology,2,1,0,1,0,45.2,7.0,48.8,1,2,0,59.6,1,Mid-size,Data Scientist,65.97,59.6,0
S8494,6.94,Electrical and Electronics Engineering,1,1,1,1,0,63.2,5.8,43.7,2,6,0,100.0,1,MNC,Web Developer,75.03,100.9,1
S8495,8.61,Electrical and Electronics Engineering,2,1,0,0,0,83.8,4.1,74.7,2,2,0,54.5,1,Startup,Software Engineer,52.02,54.5,0
S8496,6.29,Computer Science and Engineering,3,1,1,0,1,95.2,9.8,96.4,1,2,0,82.2,1,Mid-size,Data Scientist,72.34,82.2,0
S8497,6.0,Electronics and Communication Engineering,3,0,1,1,0,17.8,5.7,89.3,1,1,0,55.0,0,Not placed,Not placed,,55.0,0
S8498,10.0,Electronics and Communication Engineering,2,0,0,0,0,7.4,10.0,94.4,1,4,0,57.4,1,Startup,Software Engineer,35.35,57.4,0
S8499,7.86,Information Technology,1,0,0,1,0,15.0,9.4,62.8,1,5,0,75.9,1,Startup,Data Scientist,40.14,75.9,0
S8500,7.35,Civil Engineering,1,1,0,1,1,20.0,6.7,85.2,1,2,0,73.4,1,Mid-size,Analyst,69.8,73.4,0
S8501,6.7,Electrical and Electronics Engineering,2,0,1,0,1,34.9,7.2,91.0,0,4,0,58.8,1,MNC,Data Scientist,73.59,58.8,0
S8502,7.3,Mechanical Engineering,3,0,1,0,0,92.7,9.5,60.7,0,2,0,44.9,1,Startup,Web Developer,42.8,44.9,0
S8503,7.38,Electronics and Communication Engineering,3,1,1,1,0,85.4,7.2,96.1,2,3,0,83.6,1,Mid-size,Software Engineer,54.22,83.6,0
S8504,9.33,Mechanical Engineering,2,1,1,0,0,87.4,10.0,90.0,3,3,0,97.9,1,MNC,Web Developer,78.05,97.9,0
S8505,5.83,Information Technology,1,0,1,0,1,35.9,9.5,48.0,0,4,0,69.1,1,Mid-size,Data Scientist,57.42,69.1,0
S8506,7.64,Electrical and Electronics Engineering,2,1,0,0,0,42.0,8.8,43.7,0,6,0,61.7,1,Startup,Software Engineer,41.96,61.7,0
S8507,9.06,Computer Science and Engineering,1,0,1,0,0,67.5,9.3,95.7,1,1,0,52.4,1,Startup,Data Scientist,46.54,52.4,0
S8508,8.44,Computer Science and Engineering,3,1,1,1,0,12.0,5.9,45.9,0,3,1,59.2,1,Mid-size,Analyst,49.64,59.2,0
S8509,5.65,Civil Engineering,2,1,1,0,0,36.0,8.2,45.9,1,4,0,79.5,1,Mid-size,Web Developer,63.45,79.5,0
S8510,7.42,Computer Science and Engineering,3,1,0,1,0,67.9,7.0,97.9,1,6,0,81.3,1,Mid-size,Analyst,71.51,81.3,0
S8511,8.16,Civil Engineering,1,1,0,0,0,100.0,6.3,53.4,2,2,0,55.8,1,Startup,Software Engineer,48.89,55.8,0
S8512,8.21,Electronics and Communication Engineering,2,1,0,0,1,49.0,5.3,75.3,0,6,0,64.1,1,Mid-size,Analyst,58.16,64.1,0
S8513,5.29,Computer Science and Engineering,3,1,0,1,0,58.5,7.7,89.2,3,1,0,75.3,1,MNC,Analyst,83.14,75.3,0
S8514,6.72,Mechanical Engineering,1,0,1,1,0,52.1,5.0,44.5,0,5,2,64.3,1,MNC,Web Developer,87.24,64.3,0
S8515,7.06,Mechanical Engineering,3,1,1,1,0,58.9,6.0,61.1,1,4,0,74.8,1,Mid-size,Analyst,69.45,74.8,0
S8516,5.25,Electrical and Electronics Engineering,2,1,0,0,0,86.9,4.7,58.5,2,5,0,72.2,1,Startup,Software Engineer,37.16,72.2,0
S8517,9.09,Mechanical Engineering,2,1,0,0,0,57.9,7.8,43.0,0,1,0,35.8,1,Startup,Software Engineer,39.21,35.8,0
S8518,5.41,Civil Engineering,1,1,1,0,1,74.5,4.1,93.5,1,1,1,52.6,1,MNC,Web Developer,73.8,52.6,0
S8519,8.67,Information Technology,2,1,1,0,0,81.1,4.9,75.5,0,2,1,45.2,1,Mid-size,Software Engineer,69.4,45.2,0
S8520,5.45,Computer Science and Engineering,1,1,0,0,0,7.3,7.1,92.6,0,2,0,38.9,0,Not placed,Not placed,,38.9,0
S8521,9.66,Civil Engineering,1,0,1,0,1,51.4,5.5,88.2,0,5,1,61.5,1,MNC,Web Developer,76.07,61.5,0
S8522,6.61,Electronics and Communication Engineering,3,1,1,0,0,1.9,6.6,66.2,2,1,1,63.9,0,Not placed,Not placed,,63.9,0
S8523,8.93,Computer Science and Engineering,1,1,0,0,1,87.6,7.4,97.3,0,4,0,60.2,1,Mid-size,Data Scientist,61.94,60.2,0
S8524,9.75,Electronics and Communication Engineering,2,1,0,1,0,59.7,9.6,84.7,2,5,0,94.5,1,MNC,Analyst,75.96,94.5,0
S8525,7.1,Electronics and Communication Engineering,1,1,1,0,1,77.7,8.0,94.1,2,1,1,76.9,1,Top Tech,Software Engineer,93.31,76.9,0
S8526,6.99,Electrical and Electronics Engineering,2,1,1,0,1,2.5,5.0,91.2,3,3,0,94.5,1,MNC,Analyst,68.51,94.5,0
S8527,7.84,Civil Engineering,2,1,0,0,0,46.1,7.8,61.7,2,3,0,69.4,1,Startup,Web Developer,46.42,69.4,0
S8528,6.22,Mechanical Engineering,2,1,1,0,1,93.1,9.8,88.7,2,6,0,100.0,1,MNC,Analyst,74.5,107.0,1
S8529,9.22,Information Technology,2,1,1,0,0,7.7,9.3,54.3,2,2,0,81.4,1,Mid-size,Software Engineer,55.71,81.4,0
S8530,8.25,Electrical and Electronics Engineering,1,1,0,0,1,95.5,6.4,98.9,0,2,0,51.3,1,MNC,Data Scientist,85.41,51.3,0
S8531,5.06,Computer Science and Engineering,2,1,0,1,1,0.3,4.8,70.9,1,6,0,83.6,1,MNC,Analyst,81.48,83.6,0
S8532,9.78,Mechanical Engineering,3,1,1,1,0,30.5,5.2,49.5,0,2,0,53.0,0,Not placed,Not placed,,53.0,0
S8533,7.48,Electrical and Electronics Engineering,2,1,0,1,1,71.4,8.8,73.3,1,2,0,76.7,1,MNC,Data Scientist,82.03,76.7,0
S8534,9.26,Electronics and Communication Engineering,2,1,0,1,0,60.1,9.2,51.6,2,2,0,76.4,1,MNC,Data Scientist,84.61,76.4,0
S8535,9.21,Information Technology,1,1,1,0,0,58.8,9.3,84.5,0,3,0,59.6,1,MNC,Software Engineer,74.09,59.6,0
S8536,6.71,Mechanical Engineering,1,1,1,0,1,91.0,5.5,48.0,0,3,0,61.8,1,Top Tech,Analyst,97.41,61.8,0
S8537,5.53,Information Technology,1,1,0,1,0,83.1,6.6,49.3,1,6,0,81.8,1,MNC,Analyst,90.38,81.8,0
S8538,5.09,Electrical and Electronics Engineering,1,1,1,1,1,9.2,9.7,93.6,0,2,0,84.0,1,Mid-size,Analyst,64.24,84.0,0
S8539,8.69,Electrical and Electronics Engineering,2,1,0,1,1,80.5,6.3,94.1,0,6,2,75.6,1,MNC,Web Developer,78.38,75.6,0
S8540,6.6,Electrical and Electronics Engineering,2,0,1,1,1,47.7,6.6,73.4,1,2,0,66.7,1,Mid-size,Analyst,56.72,66.7,0
S8541,9.25,Civil Engineering,2,0,0,0,0,51.2,7.7,89.0,0,3,0,37.6,1,Startup,Analyst,46.82,37.6,0
S8542,6.87,Mechanical Engineering,1,0,0,0,0,9.3,6.8,57.2,0,5,0,43.4,0,Not placed,Not placed,,43.4,0
S8543,6.28,Mechanical Engineering,2,1,0,0,0,36.5,5.4,46.8,2,3,1,58.4,1,Startup,Analyst,41.0,58.4,0
S8544,9.83,Information Technology,1,1,1,0,0,4.3,7.0,62.5,1,4,3,70.9,0,Not placed,Not placed,,70.9,0
S8545,6.79,Information Technology,3,1,0,0,1,88.0,5.8,40.2,1,1,0,49.2,0,Not placed,Not placed,,49.2,0
S8546,7.43,Information Technology,2,0,0,0,0,96.7,7.4,72.1,1,5,2,61.1,1,Startup,Software Engineer,50.68,61.1,0
S8547,6.09,Electrical and Electronics Engineering,1,1,1,0,0,2.0,4.6,41.2,1,6,0,73.5,1,MNC,Data Scientist,81.91,73.5,0
S8548,8.78,Electronics and Communication Engineering,2,0,1,0,0,48.7,4.1,68.1,0,3,0,35.4,0,Not placed,Not placed,,35.4,0
S8549,5.82,Civil Engineering,2,1,0,0,0,9.6,4.9,52.2,1,3,0,54.4,0,Not placed,Not placed,,54.4,0
S8550,7.28,Information Technology,1,0,0,0,0,7.0,9.2,41.5,1,3,0,50.8,1,Startup,Data Scientist,42.07,50.8,0
S8551,5.82,Civil Engineering,3,1,0,0,0,62.0,6.3,94.2,1,1,2,47.6,0,Not placed,Not placed,,47.6,0
S8552,8.93,Computer Science and Engineering,1,1,1,0,0,23.2,5.2,78.9,1,4,0,63.4,1,Mid-size,Data Scientist,50.68,63.4,0
S8553,5.6,Electrical and Electronics Engineering,1,1,1,0,1,58.2,5.1,41.1,0,5,0,71.8,1,MNC,Data Scientist,80.69,71.8,0
S8554,9.48,Computer Science and Engineering,1,0,1,0,0,12.9,6.9,81.3,0,3,1,49.0,1,Startup,Web Developer,38.79,49.0,0
S8555,8.38,Information Technology,3,1,0,0,1,64.3,7.3,59.2,0,6,0,68.3,1,MNC,Data Scientist,69.48,68.3,0
S8556,9.23,Civil Engineering,2,0,1,0,0,3.1,9.0,97.3,0,2,0,51.5,1,Startup,Web Developer,34.71,51.5,0
S8557,7.67,Information Technology,2,1,1,0,1,86.0,8.8,83.4,0,5,0,84.7,1,MNC,Analyst,71.55,84.7,0
S8558,6.32,Mechanical Engineering,3,0,1,1,0,84.3,4.0,51.4,2,3,2,69.6,1,MNC,Data Scientist,85.07,69.6,0
S8559,5.86,Mechanical Engineering,2,1,0,0,0,1.1,6.2,62.1,1,4,0,58.7,0,Not placed,Not placed,,58.7,0
S8560,7.78,Mechanical Engineering,2,0,0,0,0,36.1,7.1,92.3,2,2,0,52.6,1,Startup,Analyst,39.52,52.6,0
S8561,5.68,Mechanical Engineering,2,1,1,1,1,67.5,9.5,41.7,1,5,0,100.0,1,Mid-size,Data Scientist,71.89,101.3,1
S8562,6.34,Information Technology,3,1,0,1,1,6.2,10.0,49.0,1,3,0,87.1,1,MNC,Analyst,80.37,87.1,0
S8563,6.12,Information Technology,3,0,1,1,0,31.5,4.6,42.5,0,1,0,33.9,0,Not placed,Not placed,,33.9,0
S8564,5.25,Electronics and Communication Engineering,1,1,1,0,1,67.5,4.8,45.6,1,2,0,64.6,1,MNC,Analyst,80.41,64.6,0
S8565,9.3,Computer Science and Engineering,2,1,0,0,0,39.8,7.2,82.8,0,4,0,46.8,1,Startup,Software Engineer,40.0,46.8,0
S8566,9.83,Mechanical Engineering,2,1,1,0,0,36.7,6.9,56.0,0,6,0,73.9,1,MNC,Web Developer,79.84,73.9,0
S8567,5.98,Electronics and Communication Engineering,3,1,0,0,0,0.4,7.0,44.2,2,5,0,77.6,1,Startup,Software Engineer,47.01,77.6,0
S8568,6.83,Electrical and Electronics Engineering,1,0,1,0,0,45.9,7.1,96.4,1,3,0,56.0,1,Startup,Software Engineer,48.53,56.0,0
S8569,7.29,Electronics and Communication Engineering,1,1,1,0,0,51.1,6.9,51.5,2,5,0,82.1,1,Mid-size,Software Engineer,67.76,82.1,0
S8570,6.33,Electronics and Communication Engineering,2,1,1,0,1,4.8,9.8,74.2,3,5,0,100.0,1,Mid-size,Software Engineer,73.6,115.7,1
S8571,7.9,Electronics and Communication Engineering,2,1,1,0,0,84.0,6.3,93.9,1,6,1,80.5,1,Mid-size,Web Developer,55.72,80.5,0
S8572,9.47,Electronics and Communication Engineering,2,0,0,0,0,37.9,6.5,89.3,3,6,0,83.6,1,Startup,Web Developer,53.87,83.6,0
S8573,7.73,Information Technology,2,1,0,0,0,87.9,4.7,52.5,0,6,0,49.5,1,Startup,Data Scientist,40.35,49.5,0
S8574,8.09,Electronics and Communication Engineering,1,1,1,0,1,22.6,8.0,87.1,2,5,0,97.4,1,MNC,Analyst,89.56,97.4,0
S8575,7.74,Electrical and Electronics Engineering,3,1,1,0,0,84.2,8.7,60.6,1,1,0,65.6,1,Mid-size,Analyst,65.65,65.6,0
S8576,8.46,Computer Science and Engineering,2,0,0,1,1,69.4,5.0,52.3,1,2,1,56.4,1,MNC,Software Engineer,78.96,56.4,0
S8577,5.65,Electronics and Communication Engineering,3,1,1,1,1,40.8,8.7,51.2,1,5,3,100.0,1,MNC,Analyst,89.14,102.2,1
S8578,8.09,Civil Engineering,3,1,0,1,0,13.8,9.0,68.4,0,5,1,73.6,1,MNC,Web Developer,69.8,73.6,0
S8579,6.28,Information Technology,2,1,0,0,1,41.8,5.0,99.7,1,2,0,53.5,1,MNC,Analyst,71.88,53.5,0
S8580,8.76,Mechanical Engineering,1,1,0,1,1,88.1,6.8,82.6,3,2,2,89.6,1,Top Tech,Software Engineer,92.96,89.6,0
S8581,7.7,Electronics and Communication Engineering,1,1,1,0,1,54.4,9.8,95.8,2,4,2,95.6,1,MNC,Web Developer,89.5,95.6,0
S8582,8.97,Mechanical Engineering,3,0,0,1,0,80.5,8.4,97.4,3,1,0,69.0,1,Startup,Software Engineer,46.59,69.0,0
S8583,5.41,Information Technology,1,0,1,0,0,16.0,9.2,65.4,2,4,1,77.1,1,Startup,Software Engineer,38.1,77.1,0
S8584,8.73,Mechanical Engineering,1,1,0,1,1,58.4,9.3,90.1,0,2,0,66.2,1,MNC,Web Developer,83.04,66.2,0
S8585,7.4,Computer Science and Engineering,1,0,1,0,0,2.1,6.6,62.5,0,6,1,59.1,1,Startup,Data Scientist,33.61,59.1,0
S8586,9.1,Information Technology,3,1,1,0,1,85.7,6.3,48.0,1,6,0,87.2,1,MNC,Data Scientist,80.03,87.2,0
S8587,8.06,Electrical and Electronics Engineering,1,1,1,1,0,40.2,4.6,99.9,1,5,1,76.4,1,MNC,Web Developer,86.13,76.4,0
S8588,9.14,Mechanical Engineering,3,0,0,1,0,4.6,4.3,51.3,1,1,1,40.9,0,Not placed,Not placed,,40.9,0
S8589,6.91,Information Technology,3,1,0,1,1,76.9,9.6,98.7,0,2,0,69.2,1,MNC,Software Engineer,67.91,69.2,0
S8590,9.95,Electronics and Communication Engineering,1,1,1,0,1,49.3,9.4,53.8,1,4,1,87.3,1,MNC,Web Developer,88.01,87.3,0
S8591,8.01,Mechanical Engineering,2,1,1,1,1,16.5,6.7,51.4,0,5,0,84.9,1,Mid-size,Data Scientist,65.68,84.9,0
S8592,9.88,Computer Science and Engineering,2,1,1,0,0,82.9,4.5,51.4,1,3,0,58.3,1,MNC,Web Developer,74.77,58.3,0
S8593,9.92,Information Technology,2,1,0,1,0,83.3,5.2,68.1,0,4,0,53.0,1,MNC,Software Engineer,81.69,53.0,0
S8594,9.54,Electronics and Communication Engineering,1,1,1,1,0,64.4,7.7,88.5,1,5,1,84.9,1,MNC,Software Engineer,95.23,84.9,0
S8595,9.38,Electrical and Electronics Engineering,3,1,0,0,0,59.7,6.0,93.1,2,3,0,60.0,1,Startup,Analyst,49.33,60.0,0
S8596,6.67,Electrical and Electronics Engineering,2,1,0,0,0,43.8,8.2,89.3,1,2,0,55.7,1,Startup,Data Scientist,41.78,55.7,0
S8597,6.3,Electronics and Communication Engineering,3,1,1,1,1,15.4,7.1,49.3,2,1,0,88.8,1,MNC,Data Scientist,82.25,88.8,0
S8598,7.22,Electrical and Electronics Engineering,3,1,1,0,0,29.3,5.3,74.7,3,2,0,75.7,1,MNC,Software Engineer,81.16,75.7,0
S8599,9.46,Computer Science and Engineering,3,1,0,1,1,35.5,7.8,56.2,0,1,1,62.7,1,MNC,Software Engineer,83.47,62.7,0
S8600,5.71,Electronics and Communication Engineering,2,1,1,0,1,75.0,9.1,42.5,1,1,0,68.6,1,Mid-size,Web Developer,66.02,68.6,0
S8601,8.35,Information Technology,2,0,1,0,1,64.5,9.5,52.5,3,1,1,79.8,1,Mid-size,Analyst,71.19,79.8,0
S8602,7.64,Electrical and Electronics Engineering,2,1,0,0,1,17.5,4.6,92.8,2,1,0,54.2,1,Mid-size,Software Engineer,50.71,54.2,0
S8603,8.13,Civil Engineering,2,1,1,0,1,94.3,9.9,97.2,1,3,0,83.9,1,Mid-size,Web Developer,61.74,83.9,0
S8604,6.61,Civil Engineering,2,0,0,0,1,46.8,8.2,84.7,0,3,0,47.3,1,Startup,Data Scientist,37.67,47.3,0
S8605,9.69,Mechanical Engineering,2,0,0,0,0,84.2,5.9,44.8,1,2,0,34.9,1,Startup,Software Engineer,40.67,34.9,0
S8606,6.88,Electronics and Communication Engineering,1,1,0,1,0,34.4,6.8,64.3,0,4,1,62.4,1,MNC,Data Scientist,77.97,62.4,0
S8607,9.75,Electrical and Electronics Engineering,1,0,0,1,0,56.3,7.7,58.5,3,5,0,89.0,1,Startup,Analyst,55.91,89.0,0
S8608,7.32,Electrical and Electronics Engineering,3,1,0,0,0,24.9,6.3,83.5,3,2,0,73.6,1,Startup,Web Developer,43.0,73.6,0
S8609,7.25,Electronics and Communication Engineering,2,1,1,0,0,4.0,8.4,46.8,2,5,2,91.4,0,Not placed,Not placed,,91.4,0
S8610,6.26,Computer Science and Engineering,3,0,0,0,1,39.4,9.8,93.5,0,1,0,39.9,0,Not placed,Not placed,,39.9,0
S8611,7.58,Mechanical Engineering,3,1,0,1,0,65.0,4.4,58.0,2,4,0,76.4,1,Mid-size,Software Engineer,60.13,76.4,0
S8612,5.42,Civil Engineering,1,0,1,0,1,9.7,4.4,45.0,0,4,0,48.4,1,Mid-size,Software Engineer,42.53,48.4,0
S8613,9.84,Computer Science and Engineering,3,1,1,1,1,94.9,9.3,78.4,1,5,2,99.4,1,MNC,Analyst,82.47,99.4,0
S8614,6.32,Electrical and Electronics Engineering,1,1,0,1,0,30.3,6.2,77.8,3,5,3,92.1,1,MNC,Software Engineer,80.97,92.1,0
S8615,5.02,Mechanical Engineering,1,0,0,0,0,95.5,5.0,67.2,0,6,1,48.4,1,Startup,Analyst,47.28,48.4,0
S8616,6.5,Information Technology,1,0,0,0,1,32.9,6.1,66.3,1,2,0,45.9,1,Startup,Software Engineer,47.08,45.9,0
S8617,7.04,Mechanical Engineering,3,1,0,0,1,60.6,4.9,69.8,3,5,0,90.8,1,MNC,Web Developer,83.33,90.8,0
S8618,9.41,Civil Engineering,3,1,0,0,1,14.4,8.1,50.1,0,4,0,61.4,0,Not placed,Not placed,,61.4,0
S8619,6.25,Electronics and Communication Engineering,2,1,0,1,0,40.4,4.5,56.2,0,3,0,47.9,1,Mid-size,Data Scientist,63.84,47.9,0
S8620,9.07,Civil Engineering,2,1,1,0,0,27.6,9.3,77.5,0,6,1,73.9,1,MNC,Web Developer,79.54,73.9,0
S8621,8.55,Electronics and Communication Engineering,3,0,1,0,0,53.2,5.0,99.5,1,4,0,56.6,1,Startup,Analyst,51.76,56.6,0
S8622,7.34,Mechanical Engineering,3,0,1,0,0,52.3,6.5,73.8,2,1,1,50.0,1,Startup,Web Developer,40.08,50.0,0
S8623,8.17,Mechanical Engineering,2,1,1,0,1,3.2,4.7,63.3,1,1,2,57.7,1,MNC,Web Developer,72.46,57.7,0
S8624,9.81,Information Technology,3,0,1,0,0,11.5,8.8,80.0,0,1,0,42.3,0,Not placed,Not placed,,42.3,0
S8625,7.53,Electronics and Communication Engineering,2,0,1,0,0,79.7,5.4,71.2,0,5,0,51.9,1,Startup,Analyst,49.42,51.9,0
S8626,8.08,Civil Engineering,3,1,0,1,0,48.0,7.3,60.3,2,4,1,79.3,1,Mid-size,Analyst,55.11,79.3,0
S8627,7.33,Mechanical Engineering,1,1,0,0,1,47.2,4.6,73.4,0,3,0,51.3,1,MNC,Software Engineer,73.94,51.3,0
S8628,5.81,Mechanical Engineering,1,0,1,0,0,5.9,4.4,90.0,1,6,0,61.7,1,Startup,Data Scientist,40.77,61.7,0
S8629,6.36,Information Technology,1,1,1,0,0,56.5,5.7,55.9,0,4,0,56.5,1,MNC,Web Developer,74.37,56.5,0
S8630,7.29,Civil Engineering,3,1,1,0,1,95.0,6.6,61.0,1,5,1,82.1,1,Mid-size,Web Developer,75.86,82.1,0
S8631,7.74,Civil Engineering,3,1,0,0,0,13.5,4.4,76.5,1,2,0,47.2,0,Not placed,Not placed,,47.2,0
S8632,8.7,Mechanical Engineering,3,1,1,0,0,86.7,7.4,88.5,1,1,0,57.2,1,MNC,Software Engineer,88.04,57.2,0
S8633,7.94,Information Technology,2,1,1,1,1,63.0,5.6,91.7,0,2,0,71.6,1,MNC,Data Scientist,94.9,71.6,0
S8634,7.24,Civil Engineering,3,1,1,0,0,43.9,5.2,50.7,1,1,0,47.5,1,MNC,Web Developer,66.36,47.5,0
S8635,5.75,Computer Science and Engineering,2,1,0,0,1,55.8,5.5,45.1,1,3,0,59.4,1,MNC,Software Engineer,78.75,59.4,0
S8636,6.56,Electronics and Communication Engineering,3,1,0,1,0,82.6,7.1,70.6,1,1,0,56.2,1,Mid-size,Analyst,59.57,56.2,0
S8637,9.84,Electronics and Communication Engineering,2,1,1,1,1,96.6,9.3,41.4,1,4,0,93.5,1,MNC,Software Engineer,84.49,93.5,0
S8638,6.99,Electronics and Communication Engineering,1,0,0,0,1,32.6,4.1,45.0,2,6,0,73.0,1,Startup,Web Developer,50.26,73.0,0
S8639,7.96,Electrical and Electronics Engineering,1,0,1,1,0,31.5,4.5,64.4,1,3,0,56.3,1,Mid-size,Web Developer,61.05,56.3,0
S8640,7.23,Mechanical Engineering,1,0,1,1,1,57.0,6.8,92.1,1,3,0,73.8,1,Mid-size,Software Engineer,69.77,73.8,0
S8641,6.2,Information Technology,3,1,1,0,0,22.5,6.4,96.3,1,1,2,57.7,0,Not placed,Not placed,,57.7,0
S8642,8.18,Information Technology,3,0,0,1,1,83.5,5.6,56.7,0,5,1,64.6,1,MNC,Software Engineer,88.63,64.6,0
S8643,8.39,Information Technology,3,1,0,0,0,40.0,7.3,99.8,3,3,1,73.1,1,Startup,Analyst,45.74,73.1,0
S8644,7.53,Electrical and Electronics Engineering,3,1,1,1,0,8.9,8.6,40.9,2,2,0,88.3,1,Mid-size,Software Engineer,64.1,88.3,0
S8645,7.52,Computer Science and Engineering,3,1,1,0,1,38.3,5.9,70.1,1,2,0,67.1,1,Mid-size,Data Scientist,54.52,67.1,0
S8646,8.94,Mechanical Engineering,2,1,0,0,1,37.0,7.9,70.7,1,4,2,74.3,1,MNC,Software Engineer,70.67,74.3,0
S8647,7.97,Electronics and Communication Engineering,2,1,1,1,1,67.4,7.6,44.4,0,4,1,80.2,1,MNC,Software Engineer,83.96,80.2,0
S8648,9.55,Computer Science and Engineering,3,0,0,0,0,49.7,9.1,41.9,1,2,0,45.7,0,Not placed,Not placed,,45.7,0
S8649,5.69,Mechanical Engineering,3,1,1,0,0,97.0,6.2,77.1,0,6,0,66.4,1,MNC,Data Scientist,87.44,66.4,0
S8650,7.6,Computer Science and Engineering,2,1,0,0,0,99.9,5.5,46.1,2,6,0,80.5,1,Startup,Web Developer,42.68,80.5,0
S8651,7.85,Mechanical Engineering,1,1,0,1,1,24.6,9.7,99.4,0,1,0,61.7,1,MNC,Analyst,86.23,61.7,0
S8652,6.1,Electronics and Communication Engineering,1,0,1,0,1,34.9,4.3,64.1,0,5,0,53.5,1,Mid-size,Web Developer,48.54,53.5,0
S8653,6.11,Electrical and Electronics Engineering,3,0,1,1,1,23.7,9.1,48.5,2,1,0,84.5,1,Mid-size,Data Scientist,72.08,84.5,0
S8654,8.76,Information Technology,2,0,0,1,1,71.8,4.5,58.7,1,4,0,58.6,1,MNC,Software Engineer,83.77,58.6,0
S8655,6.65,Civil Engineering,3,1,0,1,1,5.8,8.2,45.8,0,4,0,74.0,1,MNC,Analyst,85.6,74.0,0
S8656,6.74,Civil Engineering,3,0,1,0,1,36.3,6.2,62.6,1,4,1,72.8,1,MNC,Software Engineer,70.03,72.8,0
S8657,6.54,Civil Engineering,2,1,1,0,0,4.5,5.5,45.0,3,2,0,80.7,1,Mid-size,Software Engineer,55.0,80.7,0
S8658,8.97,Civil Engineering,2,1,1,0,0,36.0,4.2,93.8,2,4,0,70.0,1,Mid-size,Data Scientist,71.74,70.0,0
S8659,8.27,Information Technology,3,1,0,1,1,42.5,7.5,51.7,0,4,1,69.0,1,MNC,Web Developer,82.9,69.0,0
S8660,9.08,Computer Science and Engineering,3,1,0,1,0,76.2,4.9,53.4,0,1,0,42.6,1,Mid-size,Software Engineer,50.01,42.6,0
S8661,9.77,Computer Science and Engineering,3,1,1,0,0,91.6,8.0,46.2,1,1,0,60.0,1,MNC,Data Scientist,83.56,60.0,0
S8662,7.85,Mechanical Engineering,1,1,0,0,0,16.4,6.8,70.4,1,6,0,65.6,1,Startup,Software Engineer,41.36,65.6,0
S8663,8.62,Information Technology,3,0,0,1,1,53.8,5.8,71.3,3,1,2,69.5,1,MNC,Data Scientist,84.84,69.5,0
S8664,7.06,Mechanical Engineering,2,1,1,0,1,98.0,7.7,82.3,1,1,0,69.2,1,MNC,Analyst,77.33,69.2,0
S8665,5.92,Information Technology,3,0,1,1,0,87.2,9.0,76.0,2,5,1,94.4,1,MNC,Analyst,82.97,94.4,0
S8666,8.35,Electronics and Communication Engineering,1,1,1,0,1,96.0,9.8,45.8,2,1,1,89.2,1,Top Tech,Data Scientist,96.98,89.2,0
S8667,9.29,Civil Engineering,2,1,0,0,0,14.8,5.0,73.5,0,6,0,58.3,1,Startup,Software Engineer,39.8,58.3,0
S8668,7.6,Mechanical Engineering,1,0,0,0,0,62.0,7.5,90.5,0,1,0,23.9,1,Startup,Analyst,40.6,23.9,0
S8669,9.36,Mechanical Engineering,1,1,0,0,0,31.6,7.2,94.1,0,5,0,55.6,1,Startup,Software Engineer,45.03,55.6,0
S8670,7.2,Computer Science and Engineering,2,1,1,1,0,77.1,8.9,84.7,2,6,0,100.0,1,Mid-size,Analyst,59.04,105.2,1
S8671,9.4,Computer Science and Engineering,1,1,1,0,0,51.4,6.2,67.0,0,5,0,65.2,1,MNC,Analyst,87.89,65.2,0
S8672,5.51,Information Technology,3,1,1,0,1,35.4,7.5,62.6,1,5,0,87.3,1,Mid-size,Web Developer,70.86,87.3,0
S8673,8.65,Information Technology,2,1,0,0,0,51.2,5.8,62.1,0,1,1,32.7,0,Not placed,Not placed,,32.7,0
S8674,5.71,Computer Science and Engineering,2,1,0,0,1,47.6,4.1,72.8,2,5,0,77.5,1,MNC,Web Developer,65.63,77.5,0
S8675,6.94,Information Technology,2,1,0,0,0,81.5,7.6,43.8,0,3,0,43.4,1,Startup,Web Developer,44.49,43.4,0
S8676,7.04,Information Technology,2,1,0,1,0,17.8,5.5,45.4,0,1,0,37.9,1,Mid-size,Software Engineer,47.91,37.9,0
S8677,8.84,Information Technology,3,1,1,0,1,75.8,4.0,86.2,3,5,0,96.8,1,MNC,Analyst,80.66,96.8,0
S8678,8.15,Mechanical Engineering,3,0,0,0,1,55.3,5.2,51.8,0,1,0,28.6,0,Not placed,Not placed,,28.6,0
S8679,6.2,Mechanical Engineering,2,1,0,0,1,42.1,4.7,48.1,1,5,2,65.5,1,MNC,Data Scientist,71.92,65.5,0
S8680,6.14,Information Technology,2,0,1,0,0,0.1,9.0,40.0,2,1,0,60.7,1,Startup,Data Scientist,40.81,60.7,0
S8681,5.32,Mechanical Engineering,1,0,0,0,0,90.3,8.7,92.0,3,5,0,84.3,1,Startup,Software Engineer,55.07,84.3,0
S8682,8.19,Civil Engineering,2,1,1,0,0,19.3,7.9,68.0,0,1,3,47.8,0,Not placed,Not placed,,47.8,0
S8683,5.33,Mechanical Engineering,2,1,1,0,1,4.7,7.2,84.7,1,1,1,64.6,1,MNC,Web Developer,83.74,64.6,0
S8684,9.79,Computer Science and Engineering,2,1,1,1,0,82.3,7.0,75.9,0,6,1,80.8,1,MNC,Analyst,70.26,80.8,0
S8685,7.94,Electrical and Electronics Engineering,3,0,1,1,0,4.9,4.5,43.5,3,1,0,69.5,0,Not placed,Not placed,,69.5,0
S8686,8.1,Information Technology,1,1,1,0,1,79.7,4.6,80.7,3,3,0,86.9,1,MNC,Analyst,91.54,86.9,0
S8687,6.31,Electrical and Electronics Engineering,2,1,1,0,1,5.3,6.6,80.0,1,1,0,60.3,1,MNC,Data Scientist,70.9,60.3,0
S8688,7.12,Mechanical Engineering,2,1,0,1,0,33.0,8.7,62.0,0,5,0,67.7,1,Mid-size,Data Scientist,65.33,67.7,0
S8689,9.72,Electronics and Communication Engineering,2,1,1,0,0,41.5,9.9,67.3,1,3,1,78.4,1,Mid-size,Software Engineer,62.14,78.4,0
S8690,6.54,Computer Science and Engineering,2,1,1,0,0,26.4,9.8,52.4,0,3,2,60.5,1,MNC,Analyst,65.16,60.5,0
S8691,6.15,Information Technology,2,1,0,1,0,46.9,7.0,67.9,1,1,0,51.8,1,MNC,Software Engineer,75.96,51.8,0
S8692,6.95,Civil Engineering,1,0,0,0,0,53.6,4.3,84.6,0,4,0,37.5,1,Startup,Data Scientist,36.99,37.5,0
S8693,8.17,Electrical and Electronics Engineering,2,1,0,0,0,27.1,6.1,96.3,0,1,1,30.4,1,Startup,Data Scientist,43.9,30.4,0
S8694,7.17,Electrical and Electronics Engineering,1,1,1,1,0,53.1,6.9,90.9,2,4,0,91.2,1,MNC,Data Scientist,85.66,91.2,0
S8695,6.16,Mechanical Engineering,3,0,1,0,1,27.0,8.2,51.4,0,2,0,55.2,1,MNC,Web Developer,78.13,55.2,0
S8696,9.13,Civil Engineering,2,1,0,0,0,46.3,7.0,68.1,0,3,0,41.3,0,Not placed,Not placed,,41.3,0
S8697,7.55,Electrical and Electronics Engineering,1,1,1,0,1,33.6,7.3,80.3,2,3,1,91.1,1,MNC,Analyst,69.95,91.1,0
S8698,6.43,Information Technology,2,0,0,1,1,95.4,4.5,46.3,0,5,0,60.4,1,Mid-size,Data Scientist,63.73,60.4,0
S8699,7.94,Mechanical Engineering,1,1,0,0,0,14.3,5.1,78.2,1,2,0,45.7,0,Not placed,Not placed,,45.7,0
S8700,5.03,Electrical and Electronics Engineering,2,0,1,0,0,46.3,5.4,90.2,1,5,0,60.9,1,Startup,Analyst,47.0,60.9,0
S8701,6.58,Computer Science and Engineering,3,1,1,1,1,34.2,8.7,67.0,0,2,0,75.1,1,Mid-size,Web Developer,61.39,75.1,0
S8702,6.44,Computer Science and Engineering,1,0,0,1,0,94.3,6.8,90.6,0,5,0,57.2,1,Startup,Software Engineer,50.46,57.2,0
S8703,8.11,Mechanical Engineering,3,1,0,0,1,13.5,5.1,78.2,0,3,0,45.8,0,Not placed,Not placed,,45.8,0
S8704,5.85,Electrical and Electronics Engineering,2,0,0,0,1,89.2,8.3,83.3,0,5,1,63.0,1,Startup,Data Scientist,45.94,63.0,0
S8705,8.91,Electronics and Communication Engineering,3,1,0,0,0,18.6,9.6,95.3,1,6,1,82.1,1,Startup,Analyst,45.17,82.1,0
S8706,8.11,Electrical and Electronics Engineering,2,0,1,0,0,90.8,6.3,89.7,1,1,0,42.7,1,Startup,Software Engineer,50.51,42.7,0
S8707,7.38,Electronics and Communication Engineering,1,1,1,0,0,83.4,6.1,49.1,0,2,0,44.1,1,Mid-size,Software Engineer,66.7,44.1,0
S8708,7.7,Information Technology,3,0,1,0,1,20.3,6.4,81.6,2,3,0,74.5,1,MNC,Software Engineer,75.49,74.5,0
S8709,9.19,Information Technology,2,1,1,0,1,63.8,6.3,76.4,0,2,0,62.2,1,Mid-size,Data Scientist,58.96,62.2,0
S8710,7.22,Computer Science and Engineering,2,1,1,0,0,89.9,6.4,85.2,0,5,0,59.5,1,Mid-size,Data Scientist,61.61,59.5,0
S8711,7.52,Electrical and Electronics Engineering,2,1,0,0,0,34.2,4.1,45.5,0,1,0,24.9,0,Not placed,Not placed,,24.9,0
S8712,6.43,Information Technology,2,1,0,0,0,46.6,4.0,41.3,1,2,0,46.7,0,Not placed,Not placed,,46.7,0
S8713,5.94,Information Technology,3,1,0,1,0,85.0,9.5,80.7,1,1,0,62.7,1,MNC,Software Engineer,77.91,62.7,0
S8714,9.58,Electronics and Communication Engineering,3,1,1,0,0,19.7,5.1,43.9,1,4,0,67.5,1,MNC,Analyst,82.85,67.5,0
S8715,7.61,Civil Engineering,2,0,1,1,0,29.5,4.8,42.3,0,4,0,49.8,1,MNC,Web Developer,75.57,49.8,0
S8716,9.06,Computer Science and Engineering,3,1,0,0,1,83.2,4.2,74.1,1,2,0,51.4,1,Mid-size,Data Scientist,52.96,51.4,0
S8717,5.91,Mechanical Engineering,2,0,0,1,1,13.1,8.5,75.7,2,4,1,88.7,1,MNC,Data Scientist,79.73,88.7,0
S8718,5.87,Computer Science and Engineering,3,1,1,0,0,59.6,8.8,41.7,2,6,0,95.4,1,Mid-size,Web Developer,61.99,95.4,0
S8719,5.78,Mechanical Engineering,1,1,0,0,1,90.1,5.1,87.7,0,4,0,55.4,1,MNC,Web Developer,72.7,55.4,0
S8720,5.31,Electrical and Electronics Engineering,2,0,0,0,1,75.3,6.8,69.5,2,4,0,74.7,1,Startup,Analyst,52.14,74.7,0
S8721,7.0,Civil Engineering,3,1,0,0,1,94.0,9.0,60.6,0,1,0,47.5,1,MNC,Software Engineer,90.38,47.5,0
S8722,9.95,Mechanical Engineering,1,0,1,1,0,14.6,7.7,74.9,0,5,1,72.6,1,MNC,Data Scientist,64.22,72.6,0
S8723,7.3,Mechanical Engineering,3,1,1,0,0,13.8,9.4,51.2,0,1,1,54.0,0,Not placed,Not placed,,54.0,0
S8724,7.76,Electronics and Communication Engineering,3,1,1,1,1,93.2,4.3,84.0,1,5,0,85.7,1,Mid-size,Web Developer,65.59,85.7,0
S8725,7.54,Electronics and Communication Engineering,2,1,0,0,0,48.0,7.5,46.6,0,6,1,61.5,1,Startup,Analyst,46.64,61.5,0
S8726,7.19,Computer Science and Engineering,3,1,1,0,1,78.5,4.1,51.3,2,4,1,82.3,1,MNC,Data Scientist,73.52,82.3,0
S8727,8.69,Electronics and Communication Engineering,3,1,0,0,0,15.8,6.6,85.9,0,6,0,57.0,1,Startup,Web Developer,36.06,57.0,0
S8728,8.35,Information Technology,2,1,1,0,0,76.7,7.4,40.1,1,3,0,67.0,1,MNC,Software Engineer,77.84,67.0,0
S8729,7.13,Electrical and Electronics Engineering,2,1,1,0,0,20.2,5.2,79.0,1,6,0,79.0,1,MNC,Data Scientist,84.04,79.0,0
S8730,8.37,Computer Science and Engineering,3,0,1,0,0,72.3,8.7,48.3,3,3,1,79.7,1,Startup,Web Developer,43.97,79.7,0
S8731,8.84,Mechanical Engineering,3,1,1,1,1,80.0,5.7,82.7,0,3,0,70.6,1,Mid-size,Software Engineer,58.32,70.6,0
S8732,8.75,Computer Science and Engineering,2,1,1,0,1,94.0,4.3,79.1,1,2,0,61.5,1,Mid-size,Analyst,54.06,61.5,0
S8733,7.85,Civil Engineering,1,1,1,1,1,39.4,8.2,48.0,2,3,0,100.0,1,Mid-size,Data Scientist,64.69,100.0,0
S8734,6.77,Electronics and Communication Engineering,1,1,0,1,1,69.0,6.2,66.4,1,6,0,90.5,1,Mid-size,Software Engineer,50.76,90.5,0
S8735,8.13,Mechanical Engineering,2,1,0,0,1,59.0,9.8,48.4,2,4,0,86.5,1,MNC,Data Scientist,74.2,86.5,0
S8736,9.97,Mechanical Engineering,2,1,0,0,1,49.2,4.6,89.8,2,4,0,78.7,1,MNC,Web Developer,83.08,78.7,0
S8737,7.74,Civil Engineering,3,1,0,1,0,62.2,6.6,76.0,2,1,0,67.3,1,MNC,Analyst,89.47,67.3,0
S8738,9.85,Mechanical Engineering,1,1,1,0,0,7.1,8.4,48.8,1,5,0,81.5,1,Mid-size,Data Scientist,61.89,81.5,0
S8739,6.61,Information Technology,2,1,1,1,1,52.8,4.4,44.4,1,1,1,69.5,1,MNC,Analyst,77.86,69.5,0
S8740,6.19,Electrical and Electronics Engineering,2,1,0,0,0,35.4,9.2,61.4,0,5,0,61.2,1,Startup,Software Engineer,42.53,61.2,0
S8741,9.74,Electronics and Communication Engineering,1,1,0,0,0,50.6,6.0,60.8,0,1,0,28.7,1,Startup,Data Scientist,42.26,28.7,0
S8742,5.24,Civil Engineering,1,1,0,0,0,46.4,6.2,88.5,1,3,1,50.0,0,Not placed,Not placed,,50.0,0
S8743,9.71,Mechanical Engineering,1,1,0,0,0,52.9,6.2,72.9,1,6,0,73.4,1,Startup,Software Engineer,43.37,73.4,0
S8744,9.36,Electronics and Communication Engineering,1,0,0,0,0,99.1,7.0,90.1,3,4,0,73.0,1,Startup,Web Developer,49.52,73.0,0
S8745,8.96,Computer Science and Engineering,1,1,1,0,1,18.3,5.3,87.0,1,1,0,59.4,1,Mid-size,Data Scientist,54.83,59.4,0
S8746,9.88,Electrical and Electronics Engineering,1,1,0,0,0,32.1,8.0,50.3,1,2,0,54.9,1,Startup,Analyst,46.68,54.9,0
S8747,7.71,Electronics and Communication Engineering,1,1,0,0,0,71.3,9.8,58.8,2,3,1,77.3,1,Startup,Software Engineer,49.99,77.3,0
S8748,6.15,Electronics and Communication Engineering,1,0,0,0,0,11.5,8.6,56.5,3,6,3,86.1,1,Startup,Data Scientist,47.7,86.1,0
S8749,6.94,Information Technology,1,0,0,1,0,74.4,6.3,42.3,0,2,1,43.4,1,Startup,Software Engineer,42.45,43.4,0
S8750,8.26,Civil Engineering,3,1,0,0,0,77.3,8.6,82.1,1,3,0,63.7,1,Startup,Analyst,44.1,63.7,0
S8751,9.2,Electrical and Electronics Engineering,2,1,1,0,0,14.4,6.0,86.6,2,5,1,80.9,1,MNC,Data Scientist,71.53,80.9,0
S8752,6.69,Computer Science and Engineering,2,0,1,0,1,79.1,7.0,61.8,0,3,0,51.9,1,Mid-size,Analyst,50.63,51.9,0
S8753,5.86,Computer Science and Engineering,1,1,0,0,0,32.3,8.7,72.7,3,3,0,83.7,1,Startup,Software Engineer,48.75,83.7,0
S8754,5.62,Civil Engineering,3,1,1,0,0,42.2,7.8,83.6,1,3,0,64.7,1,Mid-size,Web Developer,63.01,64.7,0
S8755,7.02,Civil Engineering,3,0,1,0,1,53.2,9.6,53.2,2,2,0,75.2,1,Mid-size,Analyst,50.81,75.2,0
S8756,9.97,Computer Science and Engineering,3,1,1,0,0,45.0,7.0,93.9,3,1,0,79.7,1,MNC,Data Scientist,86.83,79.7,0
S8757,6.79,Information Technology,2,0,0,0,0,91.3,4.9,73.0,2,2,0,42.2,1,Startup,Analyst,40.21,42.2,0
S8758,9.17,Information Technology,3,0,1,0,1,49.8,7.8,52.5,1,4,0,77.5,1,MNC,Software Engineer,86.18,77.5,0
S8759,7.88,Computer Science and Engineering,3,0,1,0,1,65.2,6.6,94.4,0,2,1,45.2,0,Not placed,Not placed,,45.2,0
S8760,5.71,Electrical and Electronics Engineering,3,1,0,0,0,58.5,7.6,74.1,3,3,0,79.9,1,Startup,Analyst,38.5,79.9,0
S8761,7.95,Computer Science and Engineering,3,0,1,1,0,64.8,8.8,47.2,1,2,0,66.6,1,Mid-size,Data Scientist,56.56,66.6,0
S8762,8.84,Information Technology,2,1,1,0,0,10.7,6.5,93.5,0,4,0,57.4,1,MNC,Web Developer,66.08,57.4,0
S8763,8.11,Computer Science and Engineering,3,1,1,0,1,17.0,5.9,44.2,1,2,0,69.4,1,Mid-size,Web Developer,52.02,69.4,0
S8764,9.41,Information Technology,3,1,1,0,0,73.6,9.8,81.9,2,3,1,85.1,1,Mid-size,Web Developer,55.28,85.1,0
S8765,6.7,Electronics and Communication Engineering,3,1,1,0,0,87.5,9.1,95.1,2,6,0,100.0,1,MNC,Web Developer,88.16,100.3,1
S8766,8.27,Information Technology,1,1,1,1,0,17.3,9.0,65.1,1,4,0,90.8,1,MNC,Data Scientist,68.83,90.8,0
S8767,6.65,Electronics and Communication Engineering,1,1,1,0,0,27.8,8.4,52.1,1,3,1,65.5,1,MNC,Web Developer,75.01,65.5,0
S8768,7.05,Electronics and Communication Engineering,1,1,1,0,0,91.9,8.2,48.2,2,1,0,73.8,1,MNC,Data Scientist,98.15,73.8,0
S8769,6.24,Electronics and Communication Engineering,1,0,1,0,1,98.3,5.5,95.6,1,6,0,79.1,1,Mid-size,Analyst,55.14,79.1,0
S8770,8.78,Civil Engineering,3,1,0,1,0,8.3,8.9,86.5,1,6,0,91.1,1,MNC,Data Scientist,76.43,91.1,0
S8771,6.94,Information Technology,2,0,1,1,1,26.8,6.1,46.7,2,2,1,73.5,1,Mid-size,Software Engineer,57.76,73.5,0
S8772,9.72,Computer Science and Engineering,3,1,0,1,0,43.0,4.1,87.6,2,6,2,77.8,1,Mid-size,Software Engineer,50.67,77.8,0
S8773,5.1,Computer Science and Engineering,1,0,1,0,1,39.4,7.4,56.7,2,1,0,67.0,1,MNC,Analyst,80.42,67.0,0
S8774,5.01,Electrical and Electronics Engineering,3,1,0,0,1,14.8,5.6,65.5,0,1,1,37.5,0,Not placed,Not placed,,37.5,0
S8775,5.44,Electrical and Electronics Engineering,1,0,1,0,1,77.7,6.7,78.3,1,4,0,71.7,1,MNC,Web Developer,73.82,71.7,0
S8776,5.96,Information Technology,1,1,1,0,0,34.8,4.5,96.4,1,6,1,73.1,1,Mid-size,Web Developer,56.93,73.1,0
S8777,5.34,Computer Science and Engineering,1,1,0,0,0,6.2,4.5,64.0,1,1,0,42.4,0,Not placed,Not placed,,42.4,0
S8778,9.29,Mechanical Engineering,2,0,1,1,0,28.9,7.8,76.0,2,4,0,79.0,1,Mid-size,Web Developer,67.51,79.0,0
S8779,7.44,Civil Engineering,3,1,0,0,0,62.2,4.1,91.1,1,2,0,42.9,1,Startup,Data Scientist,39.16,42.9,0
S8780,9.41,Computer Science and Engineering,1,1,1,0,0,78.1,9.8,63.0,0,3,0,65.3,1,Mid-size,Software Engineer,63.85,65.3,0
S8781,6.96,Computer Science and Engineering,3,0,1,0,1,24.9,5.1,71.1,2,4,1,72.6,0,Not placed,Not placed,,72.6,0
S8782,6.82,Electronics and Communication Engineering,1,0,0,0,0,52.9,5.7,99.7,1,2,1,39.6,1,Startup,Web Developer,44.27,39.6,0
S8783,5.17,Electrical and Electronics Engineering,3,0,1,1,0,68.9,9.9,93.2,1,1,0,65.0,1,MNC,Data Scientist,89.21,65.0,0
S8784,6.59,Computer Science and Engineering,3,1,1,1,0,16.7,6.0,45.4,2,3,0,80.0,1,MNC,Analyst,76.38,80.0,0
S8785,5.38,Information Technology,2,0,1,0,1,52.2,9.7,85.4,1,2,0,71.5,1,MNC,Software Engineer,85.38,71.5,0
S8786,6.46,Computer Science and Engineering,2,0,0,0,0,84.8,9.3,84.3,0,5,0,53.2,1,Startup,Web Developer,40.44,53.2,0
S8787,7.44,Electrical and Electronics Engineering,3,1,1,0,0,91.5,7.1,40.4,2,2,0,75.5,1,MNC,Analyst,81.06,75.5,0
S8788,6.02,Computer Science and Engineering,1,0,0,0,0,8.4,9.5,94.4,3,4,0,81.1,1,Startup,Software Engineer,39.37,81.1,0
S8789,8.46,Electrical and Electronics Engineering,1,1,1,0,0,39.1,8.0,73.8,0,6,0,72.9,1,MNC,Data Scientist,74.75,72.9,0
S8790,5.57,Electronics and Communication Engineering,3,0,1,0,1,57.1,9.1,80.5,0,2,0,58.5,0,Not placed,Not placed,,58.5,0
S8791,9.8,Computer Science and Engineering,1,1,0,0,0,70.8,9.9,67.5,2,2,0,72.9,1,Startup,Web Developer,45.45,72.9,0
S8792,9.15,Information Technology,3,0,1,1,1,33.9,4.3,84.9,2,6,0,95.7,1,MNC,Web Developer,87.56,95.7,0
S8793,7.34,Computer Science and Engineering,1,1,0,1,0,43.5,8.1,84.6,0,4,0,59.4,1,MNC,Software Engineer,73.71,59.4,0
S8794,9.77,Civil Engineering,2,0,1,0,1,42.9,7.9,94.2,2,3,0,83.1,1,MNC,Data Scientist,68.8,83.1,0
S8795,5.55,Information Technology,1,1,1,0,0,8.0,9.4,89.6,1,6,0,85.3,1,Mid-size,Software Engineer,66.54,85.3,0
S8796,5.65,Information Technology,3,1,0,0,0,51.5,4.9,65.7,2,5,1,66.5,0,Not placed,Not placed,,66.5,0
S8797,5.29,Electrical and Electronics Engineering,3,0,1,1,1,35.6,8.5,42.4,0,3,3,68.0,0,Not placed,Not placed,,68.0,0
S8798,5.33,Computer Science and Engineering,3,0,0,0,1,77.7,7.2,87.6,0,6,1,62.3,1,Startup,Web Developer,38.86,62.3,0
S8799,9.26,Computer Science and Engineering,3,0,1,1,0,14.8,6.2,73.8,2,4,0,75.2,1,Mid-size,Web Developer,56.17,75.2,0
S8800,7.09,Electrical and Electronics Engineering,1,1,1,0,0,49.6,4.4,61.3,1,4,2,61.6,1,Mid-size,Data Scientist,57.17,61.6,0
S8801,5.56,Computer Science and Engineering,1,1,1,0,1,49.5,8.4,48.0,0,2,1,64.9,1,Mid-size,Analyst,57.61,64.9,0
S8802,7.47,Electronics and Communication Engineering,3,1,0,0,0,90.0,4.1,71.0,3,2,0,58.7,1,Startup,Analyst,43.28,58.7,0
S8803,8.39,Civil Engineering,2,1,1,0,0,40.9,4.9,79.0,1,5,0,71.3,1,MNC,Software Engineer,87.31,71.3,0
S8804,6.28,Electrical and Electronics Engineering,1,0,1,0,0,34.7,7.5,44.8,3,2,1,67.5,1,Startup,Data Scientist,44.74,67.5,0
S8805,7.53,Mechanical Engineering,1,1,1,0,1,39.0,9.3,78.8,2,3,1,90.7,1,Mid-size,Web Developer,62.96,90.7,0
S8806,5.73,Computer Science and Engineering,2,1,1,1,1,45.6,9.0,40.0,0,1,3,70.7,1,MNC,Analyst,65.24,70.7,0
S8807,6.1,Electronics and Communication Engineering,1,1,1,1,0,56.2,4.3,52.8,1,4,0,72.1,1,Mid-size,Web Developer,68.73,72.1,0
S8808,5.56,Computer Science and Engineering,1,0,0,1,1,86.2,7.4,73.7,2,6,0,93.5,1,MNC,Data Scientist,75.27,93.5,0
S8809,9.19,Electronics and Communication Engineering,2,1,1,0,0,78.6,8.7,99.4,0,2,3,60.2,1,MNC,Data Scientist,80.61,60.2,0
S8810,6.95,Information Technology,2,0,1,0,1,26.8,7.5,45.5,0,6,0,77.3,1,MNC,Data Scientist,84.95,77.3,0
S8811,8.03,Computer Science and Engineering,3,1,0,0,0,48.6,4.8,73.3,2,3,0,55.5,0,Not placed,Not placed,,55.5,0
S8812,5.76,Electrical and Electronics Engineering,1,1,1,1,0,60.2,7.7,99.1,0,2,0,65.7,1,Mid-size,Data Scientist,57.38,65.7,0
S8813,6.41,Electronics and Communication Engineering,1,1,0,0,0,19.8,7.4,69.4,1,5,0,69.4,1,Startup,Data Scientist,44.11,69.4,0
S8814,6.35,Mechanical Engineering,2,1,1,0,1,81.7,7.0,88.6,0,1,3,51.1,1,Mid-size,Software Engineer,68.34,51.1,0
S8815,9.78,Information Technology,3,1,0,1,0,33.0,4.9,95.7,0,6,1,63.8,1,Mid-size,Software Engineer,68.99,63.8,0
S8816,8.05,Mechanical Engineering,2,1,0,0,0,96.4,6.9,62.1,1,4,0,63.9,1,Startup,Analyst,50.85,63.9,0
S8817,5.87,Civil Engineering,2,1,0,0,1,35.8,8.4,78.3,0,1,0,48.3,1,Mid-size,Web Developer,50.59,48.3,0
S8818,7.09,Information Technology,2,0,0,1,0,98.1,6.7,49.4,0,3,0,48.4,1,Startup,Software Engineer,41.56,48.4,0
S8819,8.91,Information Technology,3,1,1,0,0,1.9,9.9,64.7,1,3,1,77.2,1,Mid-size,Data Scientist,60.97,77.2,0
S8820,6.59,Electrical and Electronics Engineering,3,0,0,0,0,95.3,4.5,70.9,0,1,0,19.9,0,Not placed,Not placed,,19.9,0
S8821,8.17,Civil Engineering,2,1,0,0,0,1.7,6.4,67.1,2,4,0,64.6,1,Startup,Analyst,39.47,64.6,0
S8822,7.72,Computer Science and Engineering,1,0,1,1,1,35.9,9.7,61.3,1,3,0,87.6,1,MNC,Data Scientist,74.39,87.6,0
S8823,7.61,Electrical and Electronics Engineering,2,1,1,1,0,29.0,6.9,84.1,1,1,3,61.8,1,MNC,Software Engineer,82.99,61.8,0
S8824,7.14,Civil Engineering,2,0,1,0,1,45.9,8.2,50.5,2,5,2,91.3,1,MNC,Analyst,72.89,91.3,0
S8825,9.22,Civil Engineering,3,1,0,0,0,21.7,4.0,90.1,2,2,1,52.1,0,Not placed,Not placed,,52.1,0
S8826,7.3,Computer Science and Engineering,3,0,1,0,0,99.1,4.3,83.5,1,3,1,43.7,0,Not placed,Not placed,,43.7,0
S8827,8.49,Information Technology,2,1,0,0,1,58.4,9.4,63.8,0,4,2,67.8,1,MNC,Analyst,91.88,67.8,0
S8828,6.72,Civil Engineering,2,0,0,0,0,62.2,8.8,92.0,3,3,0,73.4,1,Startup,Analyst,40.39,73.4,0
S8829,8.03,Computer Science and Engineering,2,1,1,0,0,41.2,9.1,90.5,1,3,0,68.0,1,Mid-size,Software Engineer,71.79,68.0,0
S8830,8.14,Information Technology,1,0,1,0,0,49.2,4.4,71.1,2,3,0,61.0,1,Startup,Software Engineer,48.08,61.0,0
S8831,8.7,Mechanical Engineering,3,1,1,0,0,3.3,9.4,45.7,3,3,0,96.7,1,MNC,Software Engineer,76.86,96.7,0
S8832,5.8,Electronics and Communication Engineering,3,0,0,1,1,7.8,4.9,52.3,1,3,1,63.9,0,Not placed,Not placed,,63.9,0
S8833,5.77,Mechanical Engineering,1,1,0,0,0,23.4,8.0,40.1,2,1,3,56.2,0,Not placed,Not placed,,56.2,0
S8834,5.46,Information Technology,2,0,1,0,0,20.6,4.5,61.3,0,4,0,44.2,1,Startup,Web Developer,34.2,44.2,0
S8835,5.1,Civil Engineering,2,1,0,0,0,10.3,7.7,94.1,0,5,0,55.3,1,Startup,Web Developer,36.9,55.3,0
S8836,8.46,Electronics and Communication Engineering,2,1,1,0,0,98.0,4.5,85.8,0,4,0,55.8,1,MNC,Web Developer,69.37,55.8,0
S8837,5.23,Mechanical Engineering,3,0,1,0,1,57.0,6.2,61.5,0,6,1,72.3,0,Not placed,Not placed,,72.3,0
S8838,6.17,Electrical and Electronics Engineering,1,1,1,0,1,88.6,6.1,87.4,0,1,0,52.2,1,MNC,Data Scientist,75.83,52.2,0
S8839,9.13,Electrical and Electronics Engineering,2,1,1,1,1,99.8,9.2,41.8,3,4,0,100.0,1,Mid-size,Software Engineer,64.56,118.0,1
S8840,5.27,Computer Science and Engineering,3,0,1,1,0,3.4,8.0,95.3,1,1,0,58.3,0,Not placed,Not placed,,58.3,0
S8841,5.56,Mechanical Engineering,2,0,1,0,1,85.0,5.2,55.5,3,2,0,75.7,1,MNC,Analyst,78.85,75.7,0
S8842,7.71,Electrical and Electronics Engineering,2,1,1,0,0,48.9,8.3,44.5,3,5,2,96.8,1,MNC,Software Engineer,88.47,96.8,0
S8843,9.31,Mechanical Engineering,3,1,0,0,1,41.3,5.9,58.2,1,2,0,53.3,1,MNC,Data Scientist,84.89,53.3,0
S8844,7.17,Electrical and Electronics Engineering,3,1,1,0,0,4.9,5.6,57.9,1,6,0,77.8,1,MNC,Software Engineer,83.25,77.8,0
S8845,9.82,Mechanical Engineering,1,0,0,0,1,83.7,7.8,89.4,1,5,0,64.8,1,Startup,Software Engineer,45.37,64.8,0
S8846,6.82,Electrical and Electronics Engineering,2,0,0,0,1,88.5,9.6,40.4,1,5,1,76.1,1,Startup,Data Scientist,41.91,76.1,0
S8847,7.96,Computer Science and Engineering,2,0,1,0,0,92.7,4.6,65.3,2,1,0,49.6,1,Startup,Analyst,53.57,49.6,0
S8848,7.9,Computer Science and Engineering,1,0,0,1,0,24.8,8.0,86.5,3,1,0,65.6,1,Startup,Web Developer,46.37,65.6,0
S8849,5.38,Mechanical Engineering,3,1,0,1,1,36.8,4.7,43.6,1,4,2,74.4,1,MNC,Data Scientist,73.03,74.4,0
S8850,8.36,Electrical and Electronics Engineering,3,1,0,0,0,82.5,5.3,80.2,0,1,0,28.5,1,Startup,Data Scientist,47.41,28.5,0
S8851,9.11,Information Technology,2,0,0,0,1,99.2,5.2,74.8,0,2,1,39.3,1,Startup,Data Scientist,39.34,39.3,0
S8852,6.16,Electronics and Communication Engineering,3,0,1,0,0,34.5,8.0,63.9,2,6,1,86.9,1,Startup,Analyst,43.14,86.9,0
S8853,7.98,Mechanical Engineering,2,1,0,1,1,50.7,4.7,77.2,1,6,2,79.2,1,MNC,Analyst,74.82,79.2,0
S8854,7.09,Electrical and Electronics Engineering,1,0,1,0,0,35.7,4.4,78.3,0,6,0,55.7,1,Startup,Data Scientist,37.43,55.7,0
S8855,6.56,Computer Science and Engineering,1,0,1,0,1,75.3,5.8,92.4,1,2,0,57.6,1,Mid-size,Web Developer,55.26,57.6,0
S8856,9.88,Electronics and Communication Engineering,2,1,1,0,1,88.1,8.3,87.8,0,2,0,68.9,1,Mid-size,Web Developer,65.27,68.9,0
S8857,8.4,Information Technology,1,1,1,0,1,99.1,5.8,58.4,1,4,0,77.3,1,Top Tech,Software Engineer,101.97,77.3,0
S8858,9.36,Information Technology,1,1,0,0,0,13.7,8.3,53.0,3,2,1,70.1,1,Startup,Data Scientist,52.63,70.1,0
S8859,7.83,Information Technology,3,1,1,0,1,60.2,4.9,86.0,1,3,0,67.1,1,MNC,Web Developer,79.96,67.1,0
S8860,8.3,Civil Engineering,3,1,0,1,1,96.5,9.0,56.8,2,6,1,100.0,1,Mid-size,Data Scientist,74.34,103.7,1
S8861,8.45,Computer Science and Engineering,2,1,1,1,1,91.7,4.9,81.4,2,5,0,95.8,1,Mid-size,Analyst,60.42,95.8,0
S8862,9.55,Computer Science and Engineering,1,0,0,1,0,53.1,6.7,73.3,0,3,0,48.7,1,Startup,Data Scientist,42.1,48.7,0
S8863,9.59,Computer Science and Engineering,1,1,0,0,0,43.0,8.4,81.1,0,1,0,39.2,1,Startup,Software Engineer,43.23,39.2,0
S8864,5.83,Computer Science and Engineering,3,1,0,0,1,19.5,8.4,70.6,1,1,0,55.3,0,Not placed,Not placed,,55.3,0
S8865,5.02,Mechanical Engineering,2,1,1,0,1,70.4,7.9,98.0,3,1,0,92.0,1,Mid-size,Data Scientist,72.15,92.0,0
S8866,7.4,Electronics and Communication Engineering,3,1,1,1,1,17.4,9.9,40.9,1,2,2,91.3,1,MNC,Web Developer,89.76,91.3,0
S8867,9.31,Electrical and Electronics Engineering,1,0,1,1,1,70.7,7.6,70.9,0,3,1,71.5,1,Mid-size,Software Engineer,66.5,71.5,0
S8868,8.44,Mechanical Engineering,1,1,0,1,0,38.6,6.1,79.9,1,4,2,67.5,1,MNC,Software Engineer,80.21,67.5,0
S8869,7.52,Mechanical Engineering,3,0,0,0,1,58.8,5.0,51.2,3,2,0,66.4,1,Startup,Software Engineer,42.87,66.4,0
S8870,5.15,Computer Science and Engineering,2,1,1,0,0,65.0,4.9,55.8,0,3,2,47.6,0,Not placed,Not placed,,47.6,0
S8871,8.9,Computer Science and Engineering,2,1,0,0,1,72.0,5.7,73.6,1,3,0,61.7,1,MNC,Software Engineer,74.59,61.7,0
S8872,6.93,Computer Science and Engineering,3,1,1,1,0,40.7,6.4,99.1,1,1,0,66.3,1,Mid-size,Software Engineer,56.59,66.3,0
S8873,7.5,Electrical and Electronics Engineering,3,1,0,0,1,11.4,5.2,66.4,1,1,0,50.9,1,MNC,Data Scientist,64.8,50.9,0
S8874,9.73,Information Technology,1,0,0,0,1,90.1,4.2,96.7,0,5,0,48.6,1,Startup,Web Developer,46.91,48.6,0
S8875,5.49,Information Technology,2,1,1,0,1,41.1,9.7,98.6,0,5,0,88.0,1,MNC,Web Developer,69.36,88.0,0
S8876,8.62,Civil Engineering,3,1,1,0,0,97.3,4.4,72.9,2,5,0,82.9,1,MNC,Software Engineer,88.42,82.9,0
S8877,7.93,Electrical and Electronics Engineering,1,1,0,0,0,69.0,4.4,51.2,1,2,0,46.6,1,Startup,Analyst,39.83,46.6,0
S8878,7.91,Electronics and Communication Engineering,3,1,0,0,1,77.4,7.7,89.6,0,2,1,55.4,1,MNC,Software Engineer,79.8,55.4,0
S8879,5.59,Mechanical Engineering,2,0,0,1,0,97.6,9.3,53.8,3,4,1,87.9,1,Startup,Web Developer,45.71,87.9,0
S8880,5.56,Electronics and Communication Engineering,2,1,0,0,1,16.6,7.3,68.3,0,5,0,69.1,0,Not placed,Not placed,,69.1,0
S8881,8.41,Information Technology,1,1,0,0,1,88.0,8.5,97.7,2,4,0,85.7,1,Mid-size,Software Engineer,73.46,85.7,0
S8882,8.04,Computer Science and Engineering,3,0,0,0,0,32.7,6.5,53.8,2,5,0,59.9,0,Not placed,Not placed,,59.9,0
S8883,9.36,Mechanical Engineering,3,1,0,0,1,85.7,8.0,69.0,1,6,0,84.9,1,Mid-size,Analyst,67.93,84.9,0
S8884,9.15,Civil Engineering,1,1,1,0,0,8.8,4.1,53.6,3,5,0,83.1,1,Mid-size,Data Scientist,62.85,83.1,0
S8885,9.46,Electrical and Electronics Engineering,1,1,1,1,0,52.4,8.2,52.3,0,2,0,69.1,1,MNC,Software Engineer,89.77,69.1,0
S8886,8.22,Civil Engineering,1,1,1,1,1,58.4,5.7,57.7,0,6,0,90.8,1,MNC,Web Developer,77.19,90.8,0
S8887,6.85,Computer Science and Engineering,1,1,0,0,0,92.5,4.8,75.5,0,2,0,31.9,1,Startup,Software Engineer,39.78,31.9,0
S8888,9.31,Electronics and Communication Engineering,1,1,1,1,0,76.2,7.2,75.8,3,5,1,100.0,1,Top Tech,Analyst,113.66,104.0,1
S8889,5.88,Civil Engineering,2,0,1,1,0,88.8,6.7,87.5,0,4,1,64.5,1,Mid-size,Analyst,52.63,64.5,0
S8890,8.22,Mechanical Engineering,1,1,0,0,1,39.0,8.1,51.4,2,3,0,80.1,1,MNC,Analyst,73.69,80.1,0
S8891,7.34,Information Technology,1,1,1,0,0,27.7,9.3,49.7,1,1,2,62.9,0,Not placed,Not placed,,62.9,0
S8892,9.13,Information Technology,3,0,0,0,0,95.8,5.0,56.8,1,6,1,56.3,1,Startup,Analyst,42.61,56.3,0
S8893,7.49,Civil Engineering,1,1,0,1,1,9.5,7.2,81.9,0,1,0,58.3,1,MNC,Software Engineer,75.78,58.3,0
S8894,8.25,Electronics and Communication Engineering,1,1,1,0,1,2.7,4.4,84.2,1,3,0,70.4,1,MNC,Analyst,84.55,70.4,0
S8895,8.94,Information Technology,2,1,1,0,0,95.4,7.9,94.9,0,1,0,53.4,1,Mid-size,Web Developer,50.14,53.4,0
S8896,9.58,Electrical and Electronics Engineering,1,0,1,1,0,53.5,7.6,86.5,2,4,0,86.1,1,MNC,Web Developer,82.94,86.1,0
S8897,6.37,Electronics and Communication Engineering,2,1,1,1,1,98.2,7.3,80.9,0,1,0,64.5,1,MNC,Analyst,93.96,64.5,0
S8898,9.99,Electronics and Communication Engineering,3,1,0,0,0,23.5,5.8,45.1,0,3,0,46.5,0,Not placed,Not placed,,46.5,0
S8899,9.73,Civil Engineering,2,1,1,0,0,87.4,8.3,47.7,0,6,0,70.0,1,MNC,Web Developer,72.56,70.0,0
S8900,5.84,Electrical and Electronics Engineering,2,1,0,0,0,19.8,8.3,87.2,0,5,0,61.4,1,Startup,Data Scientist,43.16,61.4,0
S8901,7.08,Civil Engineering,1,1,0,1,0,42.6,4.4,49.2,0,6,0,61.8,1,Mid-size,Software Engineer,53.08,61.8,0
S8902,8.4,Computer Science and Engineering,3,1,1,0,1,98.8,6.1,49.8,0,1,0,54.0,1,Mid-size,Data Scientist,71.52,54.0,0
S8903,7.38,Electronics and Communication Engineering,3,1,0,0,1,24.7,4.3,46.4,2,6,0,86.8,1,MNC,Software Engineer,81.45,86.8,0
S8904,9.02,Information Technology,3,1,1,0,0,81.0,4.3,97.9,1,2,1,56.1,1,Mid-size,Software Engineer,64.17,56.1,0
S8905,8.09,Civil Engineering,3,1,1,0,0,98.1,7.8,91.9,1,4,0,78.2,1,Mid-size,Data Scientist,72.37,78.2,0
S8906,8.2,Information Technology,3,0,0,0,1,73.2,6.4,86.7,2,5,0,77.4,1,Startup,Data Scientist,50.81,77.4,0
S8907,7.35,Mechanical Engineering,2,0,1,0,1,58.3,7.3,96.5,1,1,0,59.8,1,Mid-size,Analyst,62.34,59.8,0
S8908,7.49,Computer Science and Engineering,1,1,0,1,1,12.8,5.2,60.0,0,6,1,77.2,1,MNC,Web Developer,72.02,77.2,0
S8909,6.26,Information Technology,1,0,1,0,0,5.0,5.2,53.5,3,4,0,80.5,1,Startup,Analyst,40.78,80.5,0
S8910,8.2,Mechanical Engineering,1,1,0,1,0,68.7,7.4,91.6,1,6,0,80.0,1,Mid-size,Web Developer,60.38,80.0,0
S8911,5.03,Electronics and Communication Engineering,3,1,0,0,1,96.2,7.3,50.6,3,5,0,100.0,1,Mid-size,Analyst,53.55,101.1,1
S8912,5.71,Information Technology,2,0,1,0,0,76.9,8.9,91.9,2,6,0,84.8,1,Startup,Data Scientist,45.75,84.8,0
S8913,9.52,Electronics and Communication Engineering,3,1,1,0,0,89.2,4.7,88.9,3,6,1,90.7,1,MNC,Data Scientist,69.23,90.7,0
S8914,8.2,Electrical and Electronics Engineering,2,1,1,0,0,57.2,8.0,77.2,0,5,1,68.1,1,Mid-size,Data Scientist,59.42,68.1,0
S8915,9.67,Information Technology,2,0,1,0,0,88.5,5.8,50.0,0,1,0,33.7,1,Startup,Web Developer,47.96,33.7,0
S8916,8.27,Computer Science and Engineering,1,0,0,1,0,97.7,8.4,57.7,3,4,1,82.7,1,Startup,Analyst,42.5,82.7,0
S8917,7.35,Computer Science and Engineering,1,1,1,0,0,73.2,5.8,71.8,0,1,0,42.6,1,Mid-size,Software Engineer,67.39,42.6,0
S8918,9.01,Mechanical Engineering,1,1,1,0,1,70.8,7.0,41.7,1,6,0,87.8,1,MNC,Analyst,87.77,87.8,0
S8919,9.89,Computer Science and Engineering,3,1,0,0,0,6.8,9.0,94.4,2,6,0,90.8,1,Startup,Software Engineer,41.36,90.8,0
S8920,5.68,Civil Engineering,2,1,0,0,0,4.0,7.7,49.7,1,5,0,69.3,1,Startup,Software Engineer,43.81,69.3,0
S8921,5.79,Civil Engineering,1,0,0,1,0,99.5,8.7,82.7,1,1,0,51.1,1,Startup,Analyst,39.85,51.1,0
S8922,6.3,Electronics and Communication Engineering,3,0,0,0,0,74.4,4.4,98.5,0,3,0,23.7,0,Not placed,Not placed,,23.7,0
S8923,7.04,Computer Science and Engineering,2,0,1,1,0,32.9,4.9,44.9,0,1,0,37.9,0,Not placed,Not placed,,37.9,0
S8924,5.21,Civil Engineering,2,0,1,0,1,92.1,7.7,43.1,3,1,0,77.6,1,Mid-size,Software Engineer,61.53,77.6,0
S8925,7.99,Computer Science and Engineering,1,1,1,0,1,64.5,9.2,71.3,0,6,1,82.8,1,MNC,Web Developer,93.81,82.8,0
S8926,8.01,Mechanical Engineering,1,0,0,0,0,75.1,7.7,81.6,1,3,0,48.8,1,Startup,Data Scientist,37.52,48.8,0
S8927,8.03,Computer Science and Engineering,2,1,1,0,1,55.3,4.5,46.0,0,6,2,70.1,1,Mid-size,Web Developer,67.73,70.1,0
S8928,5.42,Electrical and Electronics Engineering,1,1,1,0,0,57.0,4.4,40.7,1,6,0,77.7,1,Mid-size,Software Engineer,69.95,77.7,0
S8929,7.88,Computer Science and Engineering,1,1,1,0,0,89.8,7.6,58.9,1,3,1,65.0,1,MNC,Data Scientist,74.7,65.0,0
S8930,5.83,Mechanical Engineering,1,1,0,1,0,20.7,6.1,65.6,0,3,0,55.5,1,Mid-size,Web Developer,47.95,55.5,0
S8931,7.32,Computer Science and Engineering,1,0,0,0,0,45.5,8.0,97.9,3,1,1,56.9,1,Startup,Software Engineer,41.16,56.9,0
S8932,6.39,Civil Engineering,3,0,1,0,0,94.5,6.4,92.8,3,4,0,78.4,1,Startup,Data Scientist,42.83,78.4,0
S8933,6.33,Information Technology,1,1,1,0,1,16.9,5.3,74.6,1,5,0,77.9,1,Mid-size,Web Developer,65.62,77.9,0
S8934,9.8,Computer Science and Engineering,2,1,0,1,0,100.0,6.0,92.4,2,5,0,80.7,1,MNC,Software Engineer,82.78,80.7,0
S8935,5.88,Information Technology,1,1,1,0,0,81.4,5.9,50.7,2,5,0,78.0,1,MNC,Analyst,92.5,78.0,0
S8936,8.43,Mechanical Engineering,3,1,1,0,1,13.6,4.6,54.3,2,3,0,82.2,1,MNC,Analyst,78.17,82.2,0
S8937,7.94,Computer Science and Engineering,2,1,0,0,0,29.4,5.4,98.4,1,1,1,45.1,0,Not placed,Not placed,,45.1,0
S8938,8.54,Civil Engineering,2,0,0,0,1,91.1,9.7,49.8,1,6,2,81.2,1,Startup,Web Developer,45.37,81.2,0
S8939,8.13,Electronics and Communication Engineering,1,1,1,0,0,67.1,9.3,56.4,0,5,0,73.8,1,MNC,Analyst,70.96,73.8,0
S8940,5.39,Electronics and Communication Engineering,2,0,1,0,0,26.2,6.2,58.0,0,1,0,38.0,0,Not placed,Not placed,,38.0,0
S8941,8.39,Civil Engineering,1,0,1,0,1,93.5,8.9,93.3,1,2,1,67.9,1,MNC,Analyst,83.39,67.9,0
S8942,7.61,Civil Engineering,1,0,1,1,1,6.1,9.8,55.4,1,4,2,88.7,1,MNC,Data Scientist,89.16,88.7,0
S8943,8.4,Electrical and Electronics Engineering,2,1,1,0,0,43.0,4.2,80.7,2,2,0,61.0,1,MNC,Data Scientist,66.38,61.0,0
S8944,9.98,Civil Engineering,2,1,1,0,1,23.2,7.3,69.0,1,6,1,90.7,1,Mid-size,Web Developer,71.9,90.7,0
S8945,8.04,Computer Science and Engineering,1,0,0,0,1,29.5,6.4,81.0,2,2,0,56.4,1,Startup,Software Engineer,45.95,56.4,0
S8946,5.79,Electronics and Communication Engineering,1,0,1,0,0,79.6,6.4,83.2,1,3,2,49.4,1,Startup,Software Engineer,43.39,49.4,0
S8947,6.49,Electronics and Communication Engineering,2,1,0,0,0,20.3,4.9,69.1,0,4,0,47.4,0,Not placed,Not placed,,47.4,0
S8948,6.75,Civil Engineering,3,1,1,1,0,92.1,6.4,58.3,2,6,2,98.0,1,MNC,Data Scientist,86.56,98.0,0
S8949,5.65,Civil Engineering,2,0,0,0,0,84.3,6.6,62.6,2,5,0,62.6,1,Startup,Web Developer,45.61,62.6,0
S8950,9.03,Information Technology,2,1,1,1,1,11.5,7.6,77.0,2,1,1,91.5,1,Mid-size,Data Scientist,72.18,91.5,0
S8951,5.17,Electronics and Communication Engineering,3,1,0,1,0,38.8,9.3,94.6,0,1,0,48.5,1,Mid-size,Web Developer,55.7,48.5,0
S8952,7.75,Computer Science and Engineering,2,0,1,1,0,55.0,5.9,85.7,0,2,0,48.9,1,MNC,Web Developer,75.2,48.9,0
S8953,7.21,Mechanical Engineering,1,1,1,1,0,59.8,9.2,60.2,1,5,0,93.4,1,Mid-size,Data Scientist,73.84,93.4,0
S8954,9.01,Electronics and Communication Engineering,1,0,1,0,1,38.7,5.6,67.8,1,2,2,53.0,1,MNC,Data Scientist,67.11,53.0,0
S8955,8.4,Electrical and Electronics Engineering,3,1,1,1,1,88.6,9.4,57.9,2,4,1,100.0,1,MNC,Data Scientist,89.7,109.0,1
S8956,7.46,Electrical and Electronics Engineering,2,0,0,0,0,35.3,9.3,42.4,0,2,0,36.6,1,Startup,Software Engineer,37.02,36.6,0
S8957,6.2,Mechanical Engineering,2,1,1,1,0,88.0,9.8,72.3,2,4,0,100.0,1,Mid-size,Web Developer,53.22,102.5,1
S8958,9.49,Civil Engineering,2,1,0,0,0,72.5,6.9,79.2,0,3,0,47.9,1,Startup,Analyst,47.61,47.9,0
S8959,9.9,Civil Engineering,2,1,0,0,1,63.4,4.6,46.5,1,3,0,55.9,1,MNC,Data Scientist,84.25,55.9,0
S8960,7.91,Information Technology,2,1,0,1,0,25.6,8.3,68.3,1,4,2,74.6,1,MNC,Software Engineer,71.96,74.6,0
S8961,8.41,Mechanical Engineering,2,0,1,0,0,8.9,8.2,75.8,2,4,1,77.8,1,Startup,Web Developer,44.55,77.8,0
S8962,6.06,Mechanical Engineering,2,1,1,0,0,89.2,6.9,81.4,1,1,0,51.8,1,MNC,Analyst,92.12,51.8,0
S8963,5.54,Mechanical Engineering,2,0,1,0,0,5.9,6.5,69.8,1,2,0,53.4,1,Startup,Web Developer,37.13,53.4,0
S8964,9.98,Electrical and Electronics Engineering,1,1,0,1,0,19.6,5.9,69.8,1,2,1,52.9,1,MNC,Data Scientist,72.9,52.9,0
S8965,7.34,Mechanical Engineering,1,1,1,0,0,18.9,4.9,42.2,1,1,0,50.5,1,MNC,Data Scientist,72.58,50.5,0
S8966,8.05,Electronics and Communication Engineering,1,1,0,0,0,55.6,6.2,56.1,1,6,1,70.3,1,Startup,Software Engineer,52.35,70.3,0
S8967,7.26,Electrical and Electronics Engineering,1,1,0,0,1,92.2,9.5,54.2,1,6,0,89.1,1,Mid-size,Analyst,62.29,89.1,0
S8968,6.3,Mechanical Engineering,3,1,0,0,0,78.8,4.2,96.9,0,3,1,38.9,0,Not placed,Not placed,,38.9,0
S8969,7.48,Electrical and Electronics Engineering,2,1,1,0,0,4.5,6.7,84.2,0,3,1,51.2,1,MNC,Data Scientist,82.64,51.2,0
S8970,7.81,Information Technology,1,1,1,1,0,87.9,4.5,47.5,3,1,3,79.9,1,Top Tech,Analyst,110.24,79.9,0
S8971,6.17,Electronics and Communication Engineering,1,1,1,1,1,0.9,9.6,84.4,1,1,0,85.8,1,Mid-size,Analyst,58.6,85.8,0
S8972,9.63,Computer Science and Engineering,2,1,1,1,1,81.4,5.9,47.3,0,4,0,73.7,1,MNC,Web Developer,96.29,73.7,0
S8973,6.18,Civil Engineering,2,0,1,0,0,44.1,7.2,46.6,1,3,0,60.8,1,Startup,Data Scientist,44.86,60.8,0
S8974,9.15,Computer Science and Engineering,1,0,0,0,0,36.0,8.5,75.7,0,1,0,30.7,0,Not placed,Not placed,,30.7,0
S8975,9.2,Computer Science and Engineering,2,1,1,0,0,30.3,9.5,98.4,0,4,1,65.2,1,MNC,Web Developer,68.66,65.2,0
S8976,9.08,Electronics and Communication Engineering,3,0,1,0,1,10.0,7.9,85.6,0,3,0,60.0,1,MNC,Analyst,74.33,60.0,0
S8977,6.58,Information Technology,2,1,0,1,0,32.5,5.3,74.6,3,1,0,75.9,1,Mid-size,Analyst,71.51,75.9,0
S8978,5.98,Mechanical Engineering,1,0,1,0,0,44.8,6.3,68.1,1,3,0,49.2,1,Startup,Software Engineer,48.0,49.2,0
S8979,5.42,Electrical and Electronics Engineering,3,0,1,1,0,97.3,9.8,99.9,1,6,0,92.6,1,MNC,Analyst,82.27,92.6,0
S8980,7.18,Electronics and Communication Engineering,3,0,1,1,1,0.6,10.0,67.2,0,2,0,68.4,1,MNC,Software Engineer,69.02,68.4,0
S8981,7.9,Computer Science and Engineering,1,1,0,1,0,50.3,5.5,97.9,1,1,2,50.4,1,MNC,Web Developer,72.46,50.4,0
S8982,7.41,Information Technology,3,1,0,0,1,26.0,5.1,40.8,1,1,1,50.1,0,Not placed,Not placed,,50.1,0
S8983,5.39,Mechanical Engineering,1,0,0,0,1,44.2,6.7,92.0,0,5,0,55.0,1,Startup,Data Scientist,37.94,55.0,0
S8984,9.1,Electrical and Electronics Engineering,1,1,0,0,0,39.5,6.0,61.8,0,1,0,30.6,1,Startup,Software Engineer,42.29,30.6,0
S8985,7.08,Civil Engineering,2,0,1,0,1,9.6,9.0,48.3,2,5,0,96.0,1,MNC,Data Scientist,78.07,96.0,0
S8986,5.35,Electronics and Communication Engineering,1,0,0,0,0,48.7,7.2,69.1,1,4,1,47.5,0,Not placed,Not placed,,47.5,0
S8987,7.19,Electronics and Communication Engineering,3,1,1,0,0,99.1,9.0,59.4,1,4,1,80.1,1,MNC,Analyst,83.87,80.1,0
S8988,7.57,Mechanical Engineering,3,1,1,0,0,73.6,7.1,96.3,2,3,0,78.8,1,Mid-size,Data Scientist,61.17,78.8,0
S8989,9.35,Civil Engineering,1,1,0,0,0,80.5,9.5,94.7,2,1,2,62.3,1,Startup,Analyst,48.84,62.3,0
S8990,7.93,Mechanical Engineering,2,1,1,1,0,14.9,4.7,77.3,2,6,0,90.6,1,MNC,Software Engineer,89.35,90.6,0
S8991,6.24,Electrical and Electronics Engineering,2,1,0,1,0,23.5,9.2,40.4,1,2,0,64.7,0,Not placed,Not placed,,64.7,0
S8992,5.07,Electronics and Communication Engineering,1,0,1,0,1,57.1,8.7,89.9,1,2,0,70.0,1,MNC,Analyst,83.15,70.0,0
S8993,9.97,Computer Science and Engineering,1,1,0,0,0,15.5,9.4,67.5,1,2,1,55.8,0,Not placed,Not placed,,55.8,0
S8994,5.71,Computer Science and Engineering,1,1,0,0,1,21.8,8.8,100.0,0,5,0,66.9,1,Mid-size,Software Engineer,61.56,66.9,0
S8995,6.51,Information Technology,2,1,0,0,1,56.6,8.2,43.2,0,2,0,50.1,1,MNC,Analyst,75.29,50.1,0
S8996,7.74,Information Technology,3,1,1,1,0,67.9,6.3,49.4,0,2,0,57.6,1,MNC,Analyst,69.3,57.6,0
S8997,7.14,Computer Science and Engineering,3,1,0,1,1,40.4,8.0,67.4,1,1,0,65.8,1,MNC,Data Scientist,85.58,65.8,0
S8998,5.21,Information Technology,1,1,0,0,1,79.9,6.3,77.2,1,6,0,78.9,1,Mid-size,Software Engineer,54.54,78.9,0
S8999,6.05,Civil Engineering,2,1,1,0,0,80.0,6.0,79.1,0,2,0,49.2,1,MNC,Software Engineer,84.32,49.2,0
